id,id_index,kode_provinsi,nama_provinsi,kode_kabupaten_kota,nama_kabupaten_kota,periode_update,tahun,kategori,jumlah,satuan
1,1,35,JAWA TIMUR,3501,KABUPATEN PACITAN,2020-01,2020,JAGUNG,0.0,HA
1,2,35,JAWA TIMUR,3501,KABUPATEN PACITAN,2020-01,2020,KEDELAI,0.0,HA
1,3,35,JAWA TIMUR,3501,KABUPATEN PACITAN,2020-01,2020,PADI,0.0,HA
2,4,35,JAWA TIMUR,3502,KABUPATEN PONOROGO,2020-01,2020,JAGUNG,0.0,HA
2,5,35,JAWA TIMUR,3502,KABUPATEN PONOROGO,2020-01,2020,KEDELAI,0.0,HA
2,6,35,JAWA TIMUR,3502,KABUPATEN PONOROGO,2020-01,2020,PADI,0.0,HA
3,7,35,JAWA TIMUR,3503,KABUPATEN TRENGGALEK,2020-01,2020,JAGUNG,0.0,HA
3,8,35,JAWA TIMUR,3503,KABUPATEN TRENGGALEK,2020-01,2020,KEDELAI,0.0,HA
3,9,35,JAWA TIMUR,3503,KABUPATEN TRENGGALEK,2020-01,2020,PADI,0.0,HA
4,10,35,JAWA TIMUR,3504,KABUPATEN TULUNGAGUNG,2020-01,2020,JAGUNG,0.0,HA
4,11,35,JAWA TIMUR,3504,KABUPATEN TULUNGAGUNG,2020-01,2020,KEDELAI,0.0,HA
4,12,35,JAWA TIMUR,3504,KABUPATEN TULUNGAGUNG,2020-01,2020,PADI,0.0,HA
5,13,35,JAWA TIMUR,3505,KABUPATEN BLITAR,2020-01,2020,JAGUNG,0.0,HA
5,14,35,JAWA TIMUR,3505,KABUPATEN BLITAR,2020-01,2020,KEDELAI,0.0,HA
5,15,35,JAWA TIMUR,3505,KABUPATEN BLITAR,2020-01,2020,PADI,0.0,HA
6,16,35,JAWA TIMUR,3506,KABUPATEN KEDIRI,2020-01,2020,JAGUNG,0.0,HA
6,17,35,JAWA TIMUR,3506,KABUPATEN KEDIRI,2020-01,2020,KEDELAI,0.0,HA
6,18,35,JAWA TIMUR,3506,KABUPATEN KEDIRI,2020-01,2020,PADI,0.0,HA
7,19,35,JAWA TIMUR,3507,KABUPATEN MALANG,2020-01,2020,JAGUNG,0.0,HA
7,20,35,JAWA TIMUR,3507,KABUPATEN MALANG,2020-01,2020,KEDELAI,0.0,HA
7,21,35,JAWA TIMUR,3507,KABUPATEN MALANG,2020-01,2020,PADI,0.0,HA
8,22,35,JAWA TIMUR,3508,KABUPATEN LUMAJANG,2020-01,2020,JAGUNG,0.0,HA
8,23,35,JAWA TIMUR,3508,KABUPATEN LUMAJANG,2020-01,2020,KEDELAI,0.0,HA
8,24,35,JAWA TIMUR,3508,KABUPATEN LUMAJANG,2020-01,2020,PADI,0.0,HA
9,25,35,JAWA TIMUR,3509,KABUPATEN JEMBER,2020-01,2020,JAGUNG,0.0,HA
9,26,35,JAWA TIMUR,3509,KABUPATEN JEMBER,2020-01,2020,KEDELAI,0.0,HA
9,27,35,JAWA TIMUR,3509,KABUPATEN JEMBER,2020-01,2020,PADI,98.56,HA
10,28,35,JAWA TIMUR,3510,KABUPATEN BANYUWANGI,2020-01,2020,JAGUNG,0.0,HA
10,29,35,JAWA TIMUR,3510,KABUPATEN BANYUWANGI,2020-01,2020,KEDELAI,0.0,HA
10,30,35,JAWA TIMUR,3510,KABUPATEN BANYUWANGI,2020-01,2020,PADI,0.0,HA
11,31,35,JAWA TIMUR,3511,KABUPATEN BONDOWOSO,2020-01,2020,JAGUNG,0.0,HA
11,32,35,JAWA TIMUR,3511,KABUPATEN BONDOWOSO,2020-01,2020,KEDELAI,0.0,HA
11,33,35,JAWA TIMUR,3511,KABUPATEN BONDOWOSO,2020-01,2020,PADI,0.0,HA
12,34,35,JAWA TIMUR,3512,KABUPATEN SITUBONDO,2020-01,2020,JAGUNG,0.0,HA
12,35,35,JAWA TIMUR,3512,KABUPATEN SITUBONDO,2020-01,2020,KEDELAI,0.0,HA
12,36,35,JAWA TIMUR,3512,KABUPATEN SITUBONDO,2020-01,2020,PADI,0.0,HA
13,37,35,JAWA TIMUR,3513,KABUPATEN PROBOLINGGO,2020-01,2020,JAGUNG,0.0,HA
13,38,35,JAWA TIMUR,3513,KABUPATEN PROBOLINGGO,2020-01,2020,KEDELAI,0.0,HA
13,39,35,JAWA TIMUR,3513,KABUPATEN PROBOLINGGO,2020-01,2020,PADI,0.0,HA
14,40,35,JAWA TIMUR,3514,KABUPATEN PASURUAN,2020-01,2020,JAGUNG,0.0,HA
14,41,35,JAWA TIMUR,3514,KABUPATEN PASURUAN,2020-01,2020,KEDELAI,0.0,HA
14,42,35,JAWA TIMUR,3514,KABUPATEN PASURUAN,2020-01,2020,PADI,0.0,HA
15,43,35,JAWA TIMUR,3515,KABUPATEN SIDOARJO,2020-01,2020,JAGUNG,0.0,HA
15,44,35,JAWA TIMUR,3515,KABUPATEN SIDOARJO,2020-01,2020,KEDELAI,0.0,HA
15,45,35,JAWA TIMUR,3515,KABUPATEN SIDOARJO,2020-01,2020,PADI,0.0,HA
16,46,35,JAWA TIMUR,3516,KABUPATEN MOJOKERTO,2020-01,2020,JAGUNG,0.0,HA
16,47,35,JAWA TIMUR,3516,KABUPATEN MOJOKERTO,2020-01,2020,KEDELAI,0.0,HA
16,48,35,JAWA TIMUR,3516,KABUPATEN MOJOKERTO,2020-01,2020,PADI,0.0,HA
17,49,35,JAWA TIMUR,3517,KABUPATEN JOMBANG,2020-01,2020,JAGUNG,0.0,HA
17,50,35,JAWA TIMUR,3517,KABUPATEN JOMBANG,2020-01,2020,KEDELAI,0.0,HA
17,51,35,JAWA TIMUR,3517,KABUPATEN JOMBANG,2020-01,2020,PADI,0.0,HA
18,52,35,JAWA TIMUR,3518,KABUPATEN NGANJUK,2020-01,2020,JAGUNG,0.0,HA
18,53,35,JAWA TIMUR,3518,KABUPATEN NGANJUK,2020-01,2020,KEDELAI,0.0,HA
18,54,35,JAWA TIMUR,3518,KABUPATEN NGANJUK,2020-01,2020,PADI,0.0,HA
19,55,35,JAWA TIMUR,3519,KABUPATEN MADIUN,2020-01,2020,JAGUNG,0.0,HA
19,56,35,JAWA TIMUR,3519,KABUPATEN MADIUN,2020-01,2020,KEDELAI,0.0,HA
19,57,35,JAWA TIMUR,3519,KABUPATEN MADIUN,2020-01,2020,PADI,0.0,HA
20,58,35,JAWA TIMUR,3520,KABUPATEN MAGETAN,2020-01,2020,JAGUNG,0.0,HA
20,59,35,JAWA TIMUR,3520,KABUPATEN MAGETAN,2020-01,2020,KEDELAI,0.0,HA
20,60,35,JAWA TIMUR,3520,KABUPATEN MAGETAN,2020-01,2020,PADI,0.0,HA
21,61,35,JAWA TIMUR,3521,KABUPATEN NGAWI,2020-01,2020,JAGUNG,0.0,HA
21,62,35,JAWA TIMUR,3521,KABUPATEN NGAWI,2020-01,2020,KEDELAI,0.0,HA
21,63,35,JAWA TIMUR,3521,KABUPATEN NGAWI,2020-01,2020,PADI,0.0,HA
22,64,35,JAWA TIMUR,3522,KABUPATEN BOJONEGORO,2020-01,2020,JAGUNG,0.0,HA
22,65,35,JAWA TIMUR,3522,KABUPATEN BOJONEGORO,2020-01,2020,KEDELAI,0.0,HA
22,66,35,JAWA TIMUR,3522,KABUPATEN BOJONEGORO,2020-01,2020,PADI,0.0,HA
23,67,35,JAWA TIMUR,3523,KABUPATEN TUBAN,2020-01,2020,JAGUNG,0.0,HA
23,68,35,JAWA TIMUR,3523,KABUPATEN TUBAN,2020-01,2020,KEDELAI,0.0,HA
23,69,35,JAWA TIMUR,3523,KABUPATEN TUBAN,2020-01,2020,PADI,0.0,HA
24,70,35,JAWA TIMUR,3524,KABUPATEN LAMONGAN,2020-01,2020,JAGUNG,0.0,HA
24,71,35,JAWA TIMUR,3524,KABUPATEN LAMONGAN,2020-01,2020,KEDELAI,0.0,HA
24,72,35,JAWA TIMUR,3524,KABUPATEN LAMONGAN,2020-01,2020,PADI,0.0,HA
25,73,35,JAWA TIMUR,3525,KABUPATEN GRESIK,2020-01,2020,JAGUNG,0.0,HA
25,74,35,JAWA TIMUR,3525,KABUPATEN GRESIK,2020-01,2020,KEDELAI,0.0,HA
25,75,35,JAWA TIMUR,3525,KABUPATEN GRESIK,2020-01,2020,PADI,0.0,HA
26,76,35,JAWA TIMUR,3526,KABUPATEN BANGKALAN,2020-01,2020,JAGUNG,0.0,HA
26,77,35,JAWA TIMUR,3526,KABUPATEN BANGKALAN,2020-01,2020,KEDELAI,0.0,HA
26,78,35,JAWA TIMUR,3526,KABUPATEN BANGKALAN,2020-01,2020,PADI,0.0,HA
27,79,35,JAWA TIMUR,3527,KABUPATEN SAMPANG,2020-01,2020,JAGUNG,0.0,HA
27,80,35,JAWA TIMUR,3527,KABUPATEN SAMPANG,2020-01,2020,KEDELAI,0.0,HA
27,81,35,JAWA TIMUR,3527,KABUPATEN SAMPANG,2020-01,2020,PADI,0.0,HA
28,82,35,JAWA TIMUR,3528,KABUPATEN PAMEKASAN,2020-01,2020,JAGUNG,0.0,HA
28,83,35,JAWA TIMUR,3528,KABUPATEN PAMEKASAN,2020-01,2020,KEDELAI,0.0,HA
28,84,35,JAWA TIMUR,3528,KABUPATEN PAMEKASAN,2020-01,2020,PADI,0.0,HA
29,85,35,JAWA TIMUR,3529,KABUPATEN SUMENEP,2020-01,2020,JAGUNG,0.0,HA
29,86,35,JAWA TIMUR,3529,KABUPATEN SUMENEP,2020-01,2020,KEDELAI,0.0,HA
29,87,35,JAWA TIMUR,3529,KABUPATEN SUMENEP,2020-01,2020,PADI,0.0,HA
30,88,35,JAWA TIMUR,3571,KOTA KEDIRI,2020-01,2020,JAGUNG,0.0,HA
30,89,35,JAWA TIMUR,3571,KOTA KEDIRI,2020-01,2020,KEDELAI,0.0,HA
30,90,35,JAWA TIMUR,3571,KOTA KEDIRI,2020-01,2020,PADI,0.0,HA
35,103,35,JAWA TIMUR,3572,KOTA BLITAR,2020-01,2020,JAGUNG,0.0,HA
35,104,35,JAWA TIMUR,3572,KOTA BLITAR,2020-01,2020,KEDELAI,0.0,HA
35,105,35,JAWA TIMUR,3572,KOTA BLITAR,2020-01,2020,PADI,0.0,HA
36,106,35,JAWA TIMUR,3573,KOTA MALANG,2020-01,2020,JAGUNG,0.0,HA
36,107,35,JAWA TIMUR,3573,KOTA MALANG,2020-01,2020,KEDELAI,0.0,HA
36,108,35,JAWA TIMUR,3573,KOTA MALANG,2020-01,2020,PADI,0.0,HA
31,91,35,JAWA TIMUR,3574,KOTA PROBOLINGGO,2020-01,2020,JAGUNG,0.0,HA
31,92,35,JAWA TIMUR,3574,KOTA PROBOLINGGO,2020-01,2020,KEDELAI,0.0,HA
31,93,35,JAWA TIMUR,3574,KOTA PROBOLINGGO,2020-01,2020,PADI,0.0,HA
32,94,35,JAWA TIMUR,3575,KOTA PASURUAN,2020-01,2020,JAGUNG,0.0,HA
32,95,35,JAWA TIMUR,3575,KOTA PASURUAN,2020-01,2020,KEDELAI,0.0,HA
32,96,35,JAWA TIMUR,3575,KOTA PASURUAN,2020-01,2020,PADI,0.0,HA
37,109,35,JAWA TIMUR,3576,KOTA MOJOKERTO,2020-01,2020,JAGUNG,0.0,HA
37,110,35,JAWA TIMUR,3576,KOTA MOJOKERTO,2020-01,2020,KEDELAI,0.0,HA
37,111,35,JAWA TIMUR,3576,KOTA MOJOKERTO,2020-01,2020,PADI,0.0,HA
33,97,35,JAWA TIMUR,3577,KOTA MADIUN,2020-01,2020,JAGUNG,0.0,HA
33,98,35,JAWA TIMUR,3577,KOTA MADIUN,2020-01,2020,KEDELAI,0.0,HA
33,99,35,JAWA TIMUR,3577,KOTA MADIUN,2020-01,2020,PADI,0.0,HA
38,112,35,JAWA TIMUR,3578,KOTA SURABAYA,2020-01,2020,JAGUNG,0.0,HA
38,113,35,JAWA TIMUR,3578,KOTA SURABAYA,2020-01,2020,KEDELAI,0.0,HA
38,114,35,JAWA TIMUR,3578,KOTA SURABAYA,2020-01,2020,PADI,0.0,HA
34,100,35,JAWA TIMUR,3579,KOTA BATU,2020-01,2020,JAGUNG,0.0,HA
34,101,35,JAWA TIMUR,3579,KOTA BATU,2020-01,2020,KEDELAI,0.0,HA
34,102,35,JAWA TIMUR,3579,KOTA BATU,2020-01,2020,PADI,0.0,HA
39,115,35,JAWA TIMUR,3501,KABUPATEN PACITAN,2020-02,2020,JAGUNG,0.0,HA
39,116,35,JAWA TIMUR,3501,KABUPATEN PACITAN,2020-02,2020,KEDELAI,0.0,HA
39,117,35,JAWA TIMUR,3501,KABUPATEN PACITAN,2020-02,2020,PADI,0.0,HA
40,118,35,JAWA TIMUR,3502,KABUPATEN PONOROGO,2020-02,2020,JAGUNG,0.0,HA
40,119,35,JAWA TIMUR,3502,KABUPATEN PONOROGO,2020-02,2020,KEDELAI,0.0,HA
40,120,35,JAWA TIMUR,3502,KABUPATEN PONOROGO,2020-02,2020,PADI,0.0,HA
41,121,35,JAWA TIMUR,3503,KABUPATEN TRENGGALEK,2020-02,2020,JAGUNG,0.0,HA
41,122,35,JAWA TIMUR,3503,KABUPATEN TRENGGALEK,2020-02,2020,KEDELAI,0.0,HA
41,123,35,JAWA TIMUR,3503,KABUPATEN TRENGGALEK,2020-02,2020,PADI,7.0,HA
42,124,35,JAWA TIMUR,3504,KABUPATEN TULUNGAGUNG,2020-02,2020,JAGUNG,0.0,HA
42,125,35,JAWA TIMUR,3504,KABUPATEN TULUNGAGUNG,2020-02,2020,KEDELAI,0.0,HA
42,126,35,JAWA TIMUR,3504,KABUPATEN TULUNGAGUNG,2020-02,2020,PADI,341.0,HA
43,127,35,JAWA TIMUR,3505,KABUPATEN BLITAR,2020-02,2020,JAGUNG,0.0,HA
43,128,35,JAWA TIMUR,3505,KABUPATEN BLITAR,2020-02,2020,KEDELAI,0.0,HA
43,129,35,JAWA TIMUR,3505,KABUPATEN BLITAR,2020-02,2020,PADI,0.0,HA
44,130,35,JAWA TIMUR,3506,KABUPATEN KEDIRI,2020-02,2020,JAGUNG,0.0,HA
44,131,35,JAWA TIMUR,3506,KABUPATEN KEDIRI,2020-02,2020,KEDELAI,0.0,HA
44,132,35,JAWA TIMUR,3506,KABUPATEN KEDIRI,2020-02,2020,PADI,0.0,HA
45,133,35,JAWA TIMUR,3507,KABUPATEN MALANG,2020-02,2020,JAGUNG,0.0,HA
45,134,35,JAWA TIMUR,3507,KABUPATEN MALANG,2020-02,2020,KEDELAI,0.0,HA
45,135,35,JAWA TIMUR,3507,KABUPATEN MALANG,2020-02,2020,PADI,0.0,HA
46,136,35,JAWA TIMUR,3508,KABUPATEN LUMAJANG,2020-02,2020,JAGUNG,0.0,HA
46,137,35,JAWA TIMUR,3508,KABUPATEN LUMAJANG,2020-02,2020,KEDELAI,0.0,HA
46,138,35,JAWA TIMUR,3508,KABUPATEN LUMAJANG,2020-02,2020,PADI,0.0,HA
47,139,35,JAWA TIMUR,3509,KABUPATEN JEMBER,2020-02,2020,JAGUNG,0.0,HA
47,140,35,JAWA TIMUR,3509,KABUPATEN JEMBER,2020-02,2020,KEDELAI,0.0,HA
47,141,35,JAWA TIMUR,3509,KABUPATEN JEMBER,2020-02,2020,PADI,0.0,HA
48,142,35,JAWA TIMUR,3510,KABUPATEN BANYUWANGI,2020-02,2020,JAGUNG,0.0,HA
48,143,35,JAWA TIMUR,3510,KABUPATEN BANYUWANGI,2020-02,2020,KEDELAI,0.0,HA
48,144,35,JAWA TIMUR,3510,KABUPATEN BANYUWANGI,2020-02,2020,PADI,0.0,HA
49,145,35,JAWA TIMUR,3511,KABUPATEN BONDOWOSO,2020-02,2020,JAGUNG,0.0,HA
49,146,35,JAWA TIMUR,3511,KABUPATEN BONDOWOSO,2020-02,2020,KEDELAI,0.0,HA
49,147,35,JAWA TIMUR,3511,KABUPATEN BONDOWOSO,2020-02,2020,PADI,0.0,HA
50,148,35,JAWA TIMUR,3512,KABUPATEN SITUBONDO,2020-02,2020,JAGUNG,0.0,HA
50,149,35,JAWA TIMUR,3512,KABUPATEN SITUBONDO,2020-02,2020,KEDELAI,0.0,HA
50,150,35,JAWA TIMUR,3512,KABUPATEN SITUBONDO,2020-02,2020,PADI,0.0,HA
51,151,35,JAWA TIMUR,3513,KABUPATEN PROBOLINGGO,2020-02,2020,JAGUNG,0.0,HA
51,152,35,JAWA TIMUR,3513,KABUPATEN PROBOLINGGO,2020-02,2020,KEDELAI,0.0,HA
51,153,35,JAWA TIMUR,3513,KABUPATEN PROBOLINGGO,2020-02,2020,PADI,0.0,HA
52,154,35,JAWA TIMUR,3514,KABUPATEN PASURUAN,2020-02,2020,JAGUNG,0.0,HA
52,155,35,JAWA TIMUR,3514,KABUPATEN PASURUAN,2020-02,2020,KEDELAI,0.0,HA
52,156,35,JAWA TIMUR,3514,KABUPATEN PASURUAN,2020-02,2020,PADI,0.0,HA
53,157,35,JAWA TIMUR,3515,KABUPATEN SIDOARJO,2020-02,2020,JAGUNG,0.0,HA
53,158,35,JAWA TIMUR,3515,KABUPATEN SIDOARJO,2020-02,2020,KEDELAI,0.0,HA
53,159,35,JAWA TIMUR,3515,KABUPATEN SIDOARJO,2020-02,2020,PADI,0.0,HA
54,160,35,JAWA TIMUR,3516,KABUPATEN MOJOKERTO,2020-02,2020,JAGUNG,0.0,HA
54,161,35,JAWA TIMUR,3516,KABUPATEN MOJOKERTO,2020-02,2020,KEDELAI,0.0,HA
54,162,35,JAWA TIMUR,3516,KABUPATEN MOJOKERTO,2020-02,2020,PADI,0.0,HA
55,163,35,JAWA TIMUR,3517,KABUPATEN JOMBANG,2020-02,2020,JAGUNG,0.0,HA
55,164,35,JAWA TIMUR,3517,KABUPATEN JOMBANG,2020-02,2020,KEDELAI,0.0,HA
55,165,35,JAWA TIMUR,3517,KABUPATEN JOMBANG,2020-02,2020,PADI,0.0,HA
56,166,35,JAWA TIMUR,3518,KABUPATEN NGANJUK,2020-02,2020,JAGUNG,0.0,HA
56,167,35,JAWA TIMUR,3518,KABUPATEN NGANJUK,2020-02,2020,KEDELAI,0.0,HA
56,168,35,JAWA TIMUR,3518,KABUPATEN NGANJUK,2020-02,2020,PADI,0.0,HA
57,169,35,JAWA TIMUR,3519,KABUPATEN MADIUN,2020-02,2020,JAGUNG,0.0,HA
57,170,35,JAWA TIMUR,3519,KABUPATEN MADIUN,2020-02,2020,KEDELAI,0.0,HA
57,171,35,JAWA TIMUR,3519,KABUPATEN MADIUN,2020-02,2020,PADI,0.0,HA
58,172,35,JAWA TIMUR,3520,KABUPATEN MAGETAN,2020-02,2020,JAGUNG,0.0,HA
58,173,35,JAWA TIMUR,3520,KABUPATEN MAGETAN,2020-02,2020,KEDELAI,0.0,HA
58,174,35,JAWA TIMUR,3520,KABUPATEN MAGETAN,2020-02,2020,PADI,0.0,HA
59,175,35,JAWA TIMUR,3521,KABUPATEN NGAWI,2020-02,2020,JAGUNG,0.0,HA
59,176,35,JAWA TIMUR,3521,KABUPATEN NGAWI,2020-02,2020,KEDELAI,0.0,HA
59,177,35,JAWA TIMUR,3521,KABUPATEN NGAWI,2020-02,2020,PADI,0.0,HA
60,178,35,JAWA TIMUR,3522,KABUPATEN BOJONEGORO,2020-02,2020,JAGUNG,0.0,HA
60,179,35,JAWA TIMUR,3522,KABUPATEN BOJONEGORO,2020-02,2020,KEDELAI,0.0,HA
60,180,35,JAWA TIMUR,3522,KABUPATEN BOJONEGORO,2020-02,2020,PADI,0.0,HA
61,181,35,JAWA TIMUR,3523,KABUPATEN TUBAN,2020-02,2020,JAGUNG,0.0,HA
61,182,35,JAWA TIMUR,3523,KABUPATEN TUBAN,2020-02,2020,KEDELAI,0.0,HA
61,183,35,JAWA TIMUR,3523,KABUPATEN TUBAN,2020-02,2020,PADI,0.0,HA
62,184,35,JAWA TIMUR,3524,KABUPATEN LAMONGAN,2020-02,2020,JAGUNG,0.0,HA
62,185,35,JAWA TIMUR,3524,KABUPATEN LAMONGAN,2020-02,2020,KEDELAI,0.0,HA
62,186,35,JAWA TIMUR,3524,KABUPATEN LAMONGAN,2020-02,2020,PADI,0.0,HA
63,187,35,JAWA TIMUR,3525,KABUPATEN GRESIK,2020-02,2020,JAGUNG,0.0,HA
63,188,35,JAWA TIMUR,3525,KABUPATEN GRESIK,2020-02,2020,KEDELAI,0.0,HA
63,189,35,JAWA TIMUR,3525,KABUPATEN GRESIK,2020-02,2020,PADI,0.0,HA
64,190,35,JAWA TIMUR,3526,KABUPATEN BANGKALAN,2020-02,2020,JAGUNG,0.0,HA
64,191,35,JAWA TIMUR,3526,KABUPATEN BANGKALAN,2020-02,2020,KEDELAI,0.0,HA
64,192,35,JAWA TIMUR,3526,KABUPATEN BANGKALAN,2020-02,2020,PADI,0.0,HA
65,193,35,JAWA TIMUR,3527,KABUPATEN SAMPANG,2020-02,2020,JAGUNG,0.0,HA
65,194,35,JAWA TIMUR,3527,KABUPATEN SAMPANG,2020-02,2020,KEDELAI,0.0,HA
65,195,35,JAWA TIMUR,3527,KABUPATEN SAMPANG,2020-02,2020,PADI,0.0,HA
66,196,35,JAWA TIMUR,3528,KABUPATEN PAMEKASAN,2020-02,2020,JAGUNG,0.0,HA
66,197,35,JAWA TIMUR,3528,KABUPATEN PAMEKASAN,2020-02,2020,KEDELAI,0.0,HA
66,198,35,JAWA TIMUR,3528,KABUPATEN PAMEKASAN,2020-02,2020,PADI,0.0,HA
67,199,35,JAWA TIMUR,3529,KABUPATEN SUMENEP,2020-02,2020,JAGUNG,0.0,HA
67,200,35,JAWA TIMUR,3529,KABUPATEN SUMENEP,2020-02,2020,KEDELAI,0.0,HA
67,201,35,JAWA TIMUR,3529,KABUPATEN SUMENEP,2020-02,2020,PADI,0.0,HA
68,202,35,JAWA TIMUR,3571,KOTA KEDIRI,2020-02,2020,JAGUNG,0.0,HA
68,203,35,JAWA TIMUR,3571,KOTA KEDIRI,2020-02,2020,KEDELAI,0.0,HA
68,204,35,JAWA TIMUR,3571,KOTA KEDIRI,2020-02,2020,PADI,0.0,HA
73,217,35,JAWA TIMUR,3572,KOTA BLITAR,2020-02,2020,JAGUNG,0.0,HA
73,218,35,JAWA TIMUR,3572,KOTA BLITAR,2020-02,2020,KEDELAI,0.0,HA
73,219,35,JAWA TIMUR,3572,KOTA BLITAR,2020-02,2020,PADI,0.0,HA
74,220,35,JAWA TIMUR,3573,KOTA MALANG,2020-02,2020,JAGUNG,0.0,HA
74,221,35,JAWA TIMUR,3573,KOTA MALANG,2020-02,2020,KEDELAI,0.0,HA
74,222,35,JAWA TIMUR,3573,KOTA MALANG,2020-02,2020,PADI,0.0,HA
69,205,35,JAWA TIMUR,3574,KOTA PROBOLINGGO,2020-02,2020,JAGUNG,0.0,HA
69,206,35,JAWA TIMUR,3574,KOTA PROBOLINGGO,2020-02,2020,KEDELAI,0.0,HA
69,207,35,JAWA TIMUR,3574,KOTA PROBOLINGGO,2020-02,2020,PADI,0.0,HA
70,208,35,JAWA TIMUR,3575,KOTA PASURUAN,2020-02,2020,JAGUNG,0.0,HA
70,209,35,JAWA TIMUR,3575,KOTA PASURUAN,2020-02,2020,KEDELAI,0.0,HA
70,210,35,JAWA TIMUR,3575,KOTA PASURUAN,2020-02,2020,PADI,0.0,HA
75,223,35,JAWA TIMUR,3576,KOTA MOJOKERTO,2020-02,2020,JAGUNG,0.0,HA
75,224,35,JAWA TIMUR,3576,KOTA MOJOKERTO,2020-02,2020,KEDELAI,0.0,HA
75,225,35,JAWA TIMUR,3576,KOTA MOJOKERTO,2020-02,2020,PADI,0.0,HA
71,211,35,JAWA TIMUR,3577,KOTA MADIUN,2020-02,2020,JAGUNG,0.0,HA
71,212,35,JAWA TIMUR,3577,KOTA MADIUN,2020-02,2020,KEDELAI,0.0,HA
71,213,35,JAWA TIMUR,3577,KOTA MADIUN,2020-02,2020,PADI,0.0,HA
76,226,35,JAWA TIMUR,3578,KOTA SURABAYA,2020-02,2020,JAGUNG,0.0,HA
76,227,35,JAWA TIMUR,3578,KOTA SURABAYA,2020-02,2020,KEDELAI,0.0,HA
76,228,35,JAWA TIMUR,3578,KOTA SURABAYA,2020-02,2020,PADI,0.0,HA
72,214,35,JAWA TIMUR,3579,KOTA BATU,2020-02,2020,JAGUNG,0.0,HA
72,215,35,JAWA TIMUR,3579,KOTA BATU,2020-02,2020,KEDELAI,0.0,HA
72,216,35,JAWA TIMUR,3579,KOTA BATU,2020-02,2020,PADI,0.0,HA
77,229,35,JAWA TIMUR,3501,KABUPATEN PACITAN,2020-03,2020,JAGUNG,0.0,HA
77,230,35,JAWA TIMUR,3501,KABUPATEN PACITAN,2020-03,2020,KEDELAI,0.0,HA
77,231,35,JAWA TIMUR,3501,KABUPATEN PACITAN,2020-03,2020,PADI,0.0,HA
78,232,35,JAWA TIMUR,3502,KABUPATEN PONOROGO,2020-03,2020,JAGUNG,0.0,HA
78,233,35,JAWA TIMUR,3502,KABUPATEN PONOROGO,2020-03,2020,KEDELAI,0.0,HA
78,234,35,JAWA TIMUR,3502,KABUPATEN PONOROGO,2020-03,2020,PADI,0.0,HA
79,235,35,JAWA TIMUR,3503,KABUPATEN TRENGGALEK,2020-03,2020,JAGUNG,0.0,HA
79,236,35,JAWA TIMUR,3503,KABUPATEN TRENGGALEK,2020-03,2020,KEDELAI,0.0,HA
79,237,35,JAWA TIMUR,3503,KABUPATEN TRENGGALEK,2020-03,2020,PADI,0.0,HA
80,238,35,JAWA TIMUR,3504,KABUPATEN TULUNGAGUNG,2020-03,2020,JAGUNG,0.0,HA
80,239,35,JAWA TIMUR,3504,KABUPATEN TULUNGAGUNG,2020-03,2020,KEDELAI,0.0,HA
80,240,35,JAWA TIMUR,3504,KABUPATEN TULUNGAGUNG,2020-03,2020,PADI,0.0,HA
81,241,35,JAWA TIMUR,3505,KABUPATEN BLITAR,2020-03,2020,JAGUNG,0.0,HA
81,242,35,JAWA TIMUR,3505,KABUPATEN BLITAR,2020-03,2020,KEDELAI,0.0,HA
81,243,35,JAWA TIMUR,3505,KABUPATEN BLITAR,2020-03,2020,PADI,0.0,HA
82,244,35,JAWA TIMUR,3506,KABUPATEN KEDIRI,2020-03,2020,JAGUNG,0.0,HA
82,245,35,JAWA TIMUR,3506,KABUPATEN KEDIRI,2020-03,2020,KEDELAI,0.0,HA
82,246,35,JAWA TIMUR,3506,KABUPATEN KEDIRI,2020-03,2020,PADI,0.0,HA
83,247,35,JAWA TIMUR,3507,KABUPATEN MALANG,2020-03,2020,JAGUNG,0.0,HA
83,248,35,JAWA TIMUR,3507,KABUPATEN MALANG,2020-03,2020,KEDELAI,0.0,HA
83,249,35,JAWA TIMUR,3507,KABUPATEN MALANG,2020-03,2020,PADI,0.0,HA
84,250,35,JAWA TIMUR,3508,KABUPATEN LUMAJANG,2020-03,2020,JAGUNG,0.0,HA
84,251,35,JAWA TIMUR,3508,KABUPATEN LUMAJANG,2020-03,2020,KEDELAI,0.0,HA
84,252,35,JAWA TIMUR,3508,KABUPATEN LUMAJANG,2020-03,2020,PADI,0.0,HA
85,253,35,JAWA TIMUR,3509,KABUPATEN JEMBER,2020-03,2020,JAGUNG,0.0,HA
85,254,35,JAWA TIMUR,3509,KABUPATEN JEMBER,2020-03,2020,KEDELAI,0.0,HA
85,255,35,JAWA TIMUR,3509,KABUPATEN JEMBER,2020-03,2020,PADI,0.0,HA
86,256,35,JAWA TIMUR,3510,KABUPATEN BANYUWANGI,2020-03,2020,JAGUNG,0.0,HA
86,257,35,JAWA TIMUR,3510,KABUPATEN BANYUWANGI,2020-03,2020,KEDELAI,0.0,HA
86,258,35,JAWA TIMUR,3510,KABUPATEN BANYUWANGI,2020-03,2020,PADI,0.0,HA
87,259,35,JAWA TIMUR,3511,KABUPATEN BONDOWOSO,2020-03,2020,JAGUNG,0.0,HA
87,260,35,JAWA TIMUR,3511,KABUPATEN BONDOWOSO,2020-03,2020,KEDELAI,0.0,HA
87,261,35,JAWA TIMUR,3511,KABUPATEN BONDOWOSO,2020-03,2020,PADI,0.0,HA
88,262,35,JAWA TIMUR,3512,KABUPATEN SITUBONDO,2020-03,2020,JAGUNG,0.0,HA
88,263,35,JAWA TIMUR,3512,KABUPATEN SITUBONDO,2020-03,2020,KEDELAI,0.0,HA
88,264,35,JAWA TIMUR,3512,KABUPATEN SITUBONDO,2020-03,2020,PADI,0.0,HA
89,265,35,JAWA TIMUR,3513,KABUPATEN PROBOLINGGO,2020-03,2020,JAGUNG,0.0,HA
89,266,35,JAWA TIMUR,3513,KABUPATEN PROBOLINGGO,2020-03,2020,KEDELAI,0.0,HA
89,267,35,JAWA TIMUR,3513,KABUPATEN PROBOLINGGO,2020-03,2020,PADI,0.0,HA
90,268,35,JAWA TIMUR,3514,KABUPATEN PASURUAN,2020-03,2020,JAGUNG,0.0,HA
90,269,35,JAWA TIMUR,3514,KABUPATEN PASURUAN,2020-03,2020,KEDELAI,0.0,HA
90,270,35,JAWA TIMUR,3514,KABUPATEN PASURUAN,2020-03,2020,PADI,0.0,HA
91,271,35,JAWA TIMUR,3515,KABUPATEN SIDOARJO,2020-03,2020,JAGUNG,0.0,HA
91,272,35,JAWA TIMUR,3515,KABUPATEN SIDOARJO,2020-03,2020,KEDELAI,0.0,HA
91,273,35,JAWA TIMUR,3515,KABUPATEN SIDOARJO,2020-03,2020,PADI,0.0,HA
92,274,35,JAWA TIMUR,3516,KABUPATEN MOJOKERTO,2020-03,2020,JAGUNG,0.0,HA
92,275,35,JAWA TIMUR,3516,KABUPATEN MOJOKERTO,2020-03,2020,KEDELAI,0.0,HA
92,276,35,JAWA TIMUR,3516,KABUPATEN MOJOKERTO,2020-03,2020,PADI,0.0,HA
93,277,35,JAWA TIMUR,3517,KABUPATEN JOMBANG,2020-03,2020,JAGUNG,0.0,HA
93,278,35,JAWA TIMUR,3517,KABUPATEN JOMBANG,2020-03,2020,KEDELAI,0.0,HA
93,279,35,JAWA TIMUR,3517,KABUPATEN JOMBANG,2020-03,2020,PADI,0.0,HA
94,280,35,JAWA TIMUR,3518,KABUPATEN NGANJUK,2020-03,2020,JAGUNG,0.0,HA
94,281,35,JAWA TIMUR,3518,KABUPATEN NGANJUK,2020-03,2020,KEDELAI,0.0,HA
94,282,35,JAWA TIMUR,3518,KABUPATEN NGANJUK,2020-03,2020,PADI,0.0,HA
95,283,35,JAWA TIMUR,3519,KABUPATEN MADIUN,2020-03,2020,JAGUNG,0.0,HA
95,284,35,JAWA TIMUR,3519,KABUPATEN MADIUN,2020-03,2020,KEDELAI,0.0,HA
95,285,35,JAWA TIMUR,3519,KABUPATEN MADIUN,2020-03,2020,PADI,0.0,HA
96,286,35,JAWA TIMUR,3520,KABUPATEN MAGETAN,2020-03,2020,JAGUNG,0.0,HA
96,287,35,JAWA TIMUR,3520,KABUPATEN MAGETAN,2020-03,2020,KEDELAI,0.0,HA
96,288,35,JAWA TIMUR,3520,KABUPATEN MAGETAN,2020-03,2020,PADI,0.0,HA
97,289,35,JAWA TIMUR,3521,KABUPATEN NGAWI,2020-03,2020,JAGUNG,0.0,HA
97,290,35,JAWA TIMUR,3521,KABUPATEN NGAWI,2020-03,2020,KEDELAI,0.0,HA
97,291,35,JAWA TIMUR,3521,KABUPATEN NGAWI,2020-03,2020,PADI,0.0,HA
98,292,35,JAWA TIMUR,3522,KABUPATEN BOJONEGORO,2020-03,2020,JAGUNG,0.0,HA
98,293,35,JAWA TIMUR,3522,KABUPATEN BOJONEGORO,2020-03,2020,KEDELAI,0.0,HA
98,294,35,JAWA TIMUR,3522,KABUPATEN BOJONEGORO,2020-03,2020,PADI,0.0,HA
99,295,35,JAWA TIMUR,3523,KABUPATEN TUBAN,2020-03,2020,JAGUNG,0.0,HA
99,296,35,JAWA TIMUR,3523,KABUPATEN TUBAN,2020-03,2020,KEDELAI,0.0,HA
99,297,35,JAWA TIMUR,3523,KABUPATEN TUBAN,2020-03,2020,PADI,0.0,HA
100,298,35,JAWA TIMUR,3524,KABUPATEN LAMONGAN,2020-03,2020,JAGUNG,0.0,HA
100,299,35,JAWA TIMUR,3524,KABUPATEN LAMONGAN,2020-03,2020,KEDELAI,0.0,HA
100,300,35,JAWA TIMUR,3524,KABUPATEN LAMONGAN,2020-03,2020,PADI,0.0,HA
101,301,35,JAWA TIMUR,3525,KABUPATEN GRESIK,2020-03,2020,JAGUNG,0.0,HA
101,302,35,JAWA TIMUR,3525,KABUPATEN GRESIK,2020-03,2020,KEDELAI,0.0,HA
101,303,35,JAWA TIMUR,3525,KABUPATEN GRESIK,2020-03,2020,PADI,0.0,HA
102,304,35,JAWA TIMUR,3526,KABUPATEN BANGKALAN,2020-03,2020,JAGUNG,0.0,HA
102,305,35,JAWA TIMUR,3526,KABUPATEN BANGKALAN,2020-03,2020,KEDELAI,0.0,HA
102,306,35,JAWA TIMUR,3526,KABUPATEN BANGKALAN,2020-03,2020,PADI,0.0,HA
103,307,35,JAWA TIMUR,3527,KABUPATEN SAMPANG,2020-03,2020,JAGUNG,0.0,HA
103,308,35,JAWA TIMUR,3527,KABUPATEN SAMPANG,2020-03,2020,KEDELAI,0.0,HA
103,309,35,JAWA TIMUR,3527,KABUPATEN SAMPANG,2020-03,2020,PADI,0.0,HA
104,310,35,JAWA TIMUR,3528,KABUPATEN PAMEKASAN,2020-03,2020,JAGUNG,0.0,HA
104,311,35,JAWA TIMUR,3528,KABUPATEN PAMEKASAN,2020-03,2020,KEDELAI,0.0,HA
104,312,35,JAWA TIMUR,3528,KABUPATEN PAMEKASAN,2020-03,2020,PADI,0.0,HA
105,313,35,JAWA TIMUR,3529,KABUPATEN SUMENEP,2020-03,2020,JAGUNG,0.0,HA
105,314,35,JAWA TIMUR,3529,KABUPATEN SUMENEP,2020-03,2020,KEDELAI,0.0,HA
105,315,35,JAWA TIMUR,3529,KABUPATEN SUMENEP,2020-03,2020,PADI,0.0,HA
106,316,35,JAWA TIMUR,3571,KOTA KEDIRI,2020-03,2020,JAGUNG,0.0,HA
106,317,35,JAWA TIMUR,3571,KOTA KEDIRI,2020-03,2020,KEDELAI,0.0,HA
106,318,35,JAWA TIMUR,3571,KOTA KEDIRI,2020-03,2020,PADI,0.0,HA
111,331,35,JAWA TIMUR,3572,KOTA BLITAR,2020-03,2020,JAGUNG,0.0,HA
111,332,35,JAWA TIMUR,3572,KOTA BLITAR,2020-03,2020,KEDELAI,0.0,HA
111,333,35,JAWA TIMUR,3572,KOTA BLITAR,2020-03,2020,PADI,0.0,HA
112,334,35,JAWA TIMUR,3573,KOTA MALANG,2020-03,2020,JAGUNG,0.0,HA
112,335,35,JAWA TIMUR,3573,KOTA MALANG,2020-03,2020,KEDELAI,0.0,HA
112,336,35,JAWA TIMUR,3573,KOTA MALANG,2020-03,2020,PADI,0.0,HA
107,319,35,JAWA TIMUR,3574,KOTA PROBOLINGGO,2020-03,2020,JAGUNG,0.0,HA
107,320,35,JAWA TIMUR,3574,KOTA PROBOLINGGO,2020-03,2020,KEDELAI,0.0,HA
107,321,35,JAWA TIMUR,3574,KOTA PROBOLINGGO,2020-03,2020,PADI,0.0,HA
108,322,35,JAWA TIMUR,3575,KOTA PASURUAN,2020-03,2020,JAGUNG,0.0,HA
108,323,35,JAWA TIMUR,3575,KOTA PASURUAN,2020-03,2020,KEDELAI,0.0,HA
108,324,35,JAWA TIMUR,3575,KOTA PASURUAN,2020-03,2020,PADI,0.0,HA
113,337,35,JAWA TIMUR,3576,KOTA MOJOKERTO,2020-03,2020,JAGUNG,0.0,HA
113,338,35,JAWA TIMUR,3576,KOTA MOJOKERTO,2020-03,2020,KEDELAI,0.0,HA
113,339,35,JAWA TIMUR,3576,KOTA MOJOKERTO,2020-03,2020,PADI,0.0,HA
109,325,35,JAWA TIMUR,3577,KOTA MADIUN,2020-03,2020,JAGUNG,0.0,HA
109,326,35,JAWA TIMUR,3577,KOTA MADIUN,2020-03,2020,KEDELAI,0.0,HA
109,327,35,JAWA TIMUR,3577,KOTA MADIUN,2020-03,2020,PADI,0.0,HA
114,340,35,JAWA TIMUR,3578,KOTA SURABAYA,2020-03,2020,JAGUNG,0.0,HA
114,341,35,JAWA TIMUR,3578,KOTA SURABAYA,2020-03,2020,KEDELAI,0.0,HA
114,342,35,JAWA TIMUR,3578,KOTA SURABAYA,2020-03,2020,PADI,0.0,HA
110,328,35,JAWA TIMUR,3579,KOTA BATU,2020-03,2020,JAGUNG,0.0,HA
110,329,35,JAWA TIMUR,3579,KOTA BATU,2020-03,2020,KEDELAI,0.0,HA
110,330,35,JAWA TIMUR,3579,KOTA BATU,2020-03,2020,PADI,0.0,HA
115,343,35,JAWA TIMUR,3501,KABUPATEN PACITAN,2020-04,2020,JAGUNG,0.0,HA
115,344,35,JAWA TIMUR,3501,KABUPATEN PACITAN,2020-04,2020,KEDELAI,0.0,HA
115,345,35,JAWA TIMUR,3501,KABUPATEN PACITAN,2020-04,2020,PADI,0.0,HA
116,346,35,JAWA TIMUR,3502,KABUPATEN PONOROGO,2020-04,2020,JAGUNG,0.0,HA
116,347,35,JAWA TIMUR,3502,KABUPATEN PONOROGO,2020-04,2020,KEDELAI,0.0,HA
116,348,35,JAWA TIMUR,3502,KABUPATEN PONOROGO,2020-04,2020,PADI,0.0,HA
117,349,35,JAWA TIMUR,3503,KABUPATEN TRENGGALEK,2020-04,2020,JAGUNG,0.0,HA
117,350,35,JAWA TIMUR,3503,KABUPATEN TRENGGALEK,2020-04,2020,KEDELAI,0.0,HA
117,351,35,JAWA TIMUR,3503,KABUPATEN TRENGGALEK,2020-04,2020,PADI,0.0,HA
118,352,35,JAWA TIMUR,3504,KABUPATEN TULUNGAGUNG,2020-04,2020,JAGUNG,0.0,HA
118,353,35,JAWA TIMUR,3504,KABUPATEN TULUNGAGUNG,2020-04,2020,KEDELAI,0.0,HA
118,354,35,JAWA TIMUR,3504,KABUPATEN TULUNGAGUNG,2020-04,2020,PADI,0.0,HA
119,355,35,JAWA TIMUR,3505,KABUPATEN BLITAR,2020-04,2020,JAGUNG,0.0,HA
119,356,35,JAWA TIMUR,3505,KABUPATEN BLITAR,2020-04,2020,KEDELAI,0.0,HA
119,357,35,JAWA TIMUR,3505,KABUPATEN BLITAR,2020-04,2020,PADI,0.0,HA
120,358,35,JAWA TIMUR,3506,KABUPATEN KEDIRI,2020-04,2020,JAGUNG,0.0,HA
120,359,35,JAWA TIMUR,3506,KABUPATEN KEDIRI,2020-04,2020,KEDELAI,0.0,HA
120,360,35,JAWA TIMUR,3506,KABUPATEN KEDIRI,2020-04,2020,PADI,0.0,HA
121,361,35,JAWA TIMUR,3507,KABUPATEN MALANG,2020-04,2020,JAGUNG,0.0,HA
121,362,35,JAWA TIMUR,3507,KABUPATEN MALANG,2020-04,2020,KEDELAI,0.0,HA
121,363,35,JAWA TIMUR,3507,KABUPATEN MALANG,2020-04,2020,PADI,0.0,HA
122,364,35,JAWA TIMUR,3508,KABUPATEN LUMAJANG,2020-04,2020,JAGUNG,0.0,HA
122,365,35,JAWA TIMUR,3508,KABUPATEN LUMAJANG,2020-04,2020,KEDELAI,0.0,HA
122,366,35,JAWA TIMUR,3508,KABUPATEN LUMAJANG,2020-04,2020,PADI,0.0,HA
123,367,35,JAWA TIMUR,3509,KABUPATEN JEMBER,2020-04,2020,JAGUNG,0.0,HA
123,368,35,JAWA TIMUR,3509,KABUPATEN JEMBER,2020-04,2020,KEDELAI,0.0,HA
123,369,35,JAWA TIMUR,3509,KABUPATEN JEMBER,2020-04,2020,PADI,0.0,HA
124,370,35,JAWA TIMUR,3510,KABUPATEN BANYUWANGI,2020-04,2020,JAGUNG,0.0,HA
124,371,35,JAWA TIMUR,3510,KABUPATEN BANYUWANGI,2020-04,2020,KEDELAI,0.0,HA
124,372,35,JAWA TIMUR,3510,KABUPATEN BANYUWANGI,2020-04,2020,PADI,0.0,HA
125,373,35,JAWA TIMUR,3511,KABUPATEN BONDOWOSO,2020-04,2020,JAGUNG,0.0,HA
125,374,35,JAWA TIMUR,3511,KABUPATEN BONDOWOSO,2020-04,2020,KEDELAI,0.0,HA
125,375,35,JAWA TIMUR,3511,KABUPATEN BONDOWOSO,2020-04,2020,PADI,0.0,HA
126,376,35,JAWA TIMUR,3512,KABUPATEN SITUBONDO,2020-04,2020,JAGUNG,0.0,HA
126,377,35,JAWA TIMUR,3512,KABUPATEN SITUBONDO,2020-04,2020,KEDELAI,0.0,HA
126,378,35,JAWA TIMUR,3512,KABUPATEN SITUBONDO,2020-04,2020,PADI,0.0,HA
127,379,35,JAWA TIMUR,3513,KABUPATEN PROBOLINGGO,2020-04,2020,JAGUNG,0.0,HA
127,380,35,JAWA TIMUR,3513,KABUPATEN PROBOLINGGO,2020-04,2020,KEDELAI,0.0,HA
127,381,35,JAWA TIMUR,3513,KABUPATEN PROBOLINGGO,2020-04,2020,PADI,0.0,HA
128,382,35,JAWA TIMUR,3514,KABUPATEN PASURUAN,2020-04,2020,JAGUNG,0.0,HA
128,383,35,JAWA TIMUR,3514,KABUPATEN PASURUAN,2020-04,2020,KEDELAI,0.0,HA
128,384,35,JAWA TIMUR,3514,KABUPATEN PASURUAN,2020-04,2020,PADI,0.0,HA
129,385,35,JAWA TIMUR,3515,KABUPATEN SIDOARJO,2020-04,2020,JAGUNG,0.0,HA
129,386,35,JAWA TIMUR,3515,KABUPATEN SIDOARJO,2020-04,2020,KEDELAI,0.0,HA
129,387,35,JAWA TIMUR,3515,KABUPATEN SIDOARJO,2020-04,2020,PADI,0.0,HA
130,388,35,JAWA TIMUR,3516,KABUPATEN MOJOKERTO,2020-04,2020,JAGUNG,0.0,HA
130,389,35,JAWA TIMUR,3516,KABUPATEN MOJOKERTO,2020-04,2020,KEDELAI,0.0,HA
130,390,35,JAWA TIMUR,3516,KABUPATEN MOJOKERTO,2020-04,2020,PADI,0.0,HA
131,391,35,JAWA TIMUR,3517,KABUPATEN JOMBANG,2020-04,2020,JAGUNG,0.0,HA
131,392,35,JAWA TIMUR,3517,KABUPATEN JOMBANG,2020-04,2020,KEDELAI,0.0,HA
131,393,35,JAWA TIMUR,3517,KABUPATEN JOMBANG,2020-04,2020,PADI,0.0,HA
132,394,35,JAWA TIMUR,3518,KABUPATEN NGANJUK,2020-04,2020,JAGUNG,0.0,HA
132,395,35,JAWA TIMUR,3518,KABUPATEN NGANJUK,2020-04,2020,KEDELAI,0.0,HA
132,396,35,JAWA TIMUR,3518,KABUPATEN NGANJUK,2020-04,2020,PADI,0.0,HA
133,397,35,JAWA TIMUR,3519,KABUPATEN MADIUN,2020-04,2020,JAGUNG,0.0,HA
133,398,35,JAWA TIMUR,3519,KABUPATEN MADIUN,2020-04,2020,KEDELAI,0.0,HA
133,399,35,JAWA TIMUR,3519,KABUPATEN MADIUN,2020-04,2020,PADI,0.0,HA
134,400,35,JAWA TIMUR,3520,KABUPATEN MAGETAN,2020-04,2020,JAGUNG,0.0,HA
134,401,35,JAWA TIMUR,3520,KABUPATEN MAGETAN,2020-04,2020,KEDELAI,0.0,HA
134,402,35,JAWA TIMUR,3520,KABUPATEN MAGETAN,2020-04,2020,PADI,0.0,HA
135,403,35,JAWA TIMUR,3521,KABUPATEN NGAWI,2020-04,2020,JAGUNG,0.0,HA
135,404,35,JAWA TIMUR,3521,KABUPATEN NGAWI,2020-04,2020,KEDELAI,0.0,HA
135,405,35,JAWA TIMUR,3521,KABUPATEN NGAWI,2020-04,2020,PADI,0.0,HA
136,406,35,JAWA TIMUR,3522,KABUPATEN BOJONEGORO,2020-04,2020,JAGUNG,0.0,HA
136,407,35,JAWA TIMUR,3522,KABUPATEN BOJONEGORO,2020-04,2020,KEDELAI,0.0,HA
136,408,35,JAWA TIMUR,3522,KABUPATEN BOJONEGORO,2020-04,2020,PADI,0.0,HA
137,409,35,JAWA TIMUR,3523,KABUPATEN TUBAN,2020-04,2020,JAGUNG,0.0,HA
137,410,35,JAWA TIMUR,3523,KABUPATEN TUBAN,2020-04,2020,KEDELAI,0.0,HA
137,411,35,JAWA TIMUR,3523,KABUPATEN TUBAN,2020-04,2020,PADI,0.0,HA
138,412,35,JAWA TIMUR,3524,KABUPATEN LAMONGAN,2020-04,2020,JAGUNG,0.0,HA
138,413,35,JAWA TIMUR,3524,KABUPATEN LAMONGAN,2020-04,2020,KEDELAI,0.0,HA
138,414,35,JAWA TIMUR,3524,KABUPATEN LAMONGAN,2020-04,2020,PADI,0.0,HA
139,415,35,JAWA TIMUR,3525,KABUPATEN GRESIK,2020-04,2020,JAGUNG,0.0,HA
139,416,35,JAWA TIMUR,3525,KABUPATEN GRESIK,2020-04,2020,KEDELAI,0.0,HA
139,417,35,JAWA TIMUR,3525,KABUPATEN GRESIK,2020-04,2020,PADI,0.0,HA
140,418,35,JAWA TIMUR,3526,KABUPATEN BANGKALAN,2020-04,2020,JAGUNG,0.0,HA
140,419,35,JAWA TIMUR,3526,KABUPATEN BANGKALAN,2020-04,2020,KEDELAI,0.0,HA
140,420,35,JAWA TIMUR,3526,KABUPATEN BANGKALAN,2020-04,2020,PADI,0.0,HA
141,421,35,JAWA TIMUR,3527,KABUPATEN SAMPANG,2020-04,2020,JAGUNG,0.0,HA
141,422,35,JAWA TIMUR,3527,KABUPATEN SAMPANG,2020-04,2020,KEDELAI,0.0,HA
141,423,35,JAWA TIMUR,3527,KABUPATEN SAMPANG,2020-04,2020,PADI,0.0,HA
142,424,35,JAWA TIMUR,3528,KABUPATEN PAMEKASAN,2020-04,2020,JAGUNG,0.0,HA
142,425,35,JAWA TIMUR,3528,KABUPATEN PAMEKASAN,2020-04,2020,KEDELAI,0.0,HA
142,426,35,JAWA TIMUR,3528,KABUPATEN PAMEKASAN,2020-04,2020,PADI,0.0,HA
143,427,35,JAWA TIMUR,3529,KABUPATEN SUMENEP,2020-04,2020,JAGUNG,0.0,HA
143,428,35,JAWA TIMUR,3529,KABUPATEN SUMENEP,2020-04,2020,KEDELAI,0.0,HA
143,429,35,JAWA TIMUR,3529,KABUPATEN SUMENEP,2020-04,2020,PADI,0.0,HA
144,430,35,JAWA TIMUR,3571,KOTA KEDIRI,2020-04,2020,JAGUNG,0.0,HA
144,431,35,JAWA TIMUR,3571,KOTA KEDIRI,2020-04,2020,KEDELAI,0.0,HA
144,432,35,JAWA TIMUR,3571,KOTA KEDIRI,2020-04,2020,PADI,0.0,HA
149,445,35,JAWA TIMUR,3572,KOTA BLITAR,2020-04,2020,JAGUNG,0.0,HA
149,446,35,JAWA TIMUR,3572,KOTA BLITAR,2020-04,2020,KEDELAI,0.0,HA
149,447,35,JAWA TIMUR,3572,KOTA BLITAR,2020-04,2020,PADI,0.0,HA
150,448,35,JAWA TIMUR,3573,KOTA MALANG,2020-04,2020,JAGUNG,0.0,HA
150,449,35,JAWA TIMUR,3573,KOTA MALANG,2020-04,2020,KEDELAI,0.0,HA
150,450,35,JAWA TIMUR,3573,KOTA MALANG,2020-04,2020,PADI,0.0,HA
145,433,35,JAWA TIMUR,3574,KOTA PROBOLINGGO,2020-04,2020,JAGUNG,0.0,HA
145,434,35,JAWA TIMUR,3574,KOTA PROBOLINGGO,2020-04,2020,KEDELAI,0.0,HA
145,435,35,JAWA TIMUR,3574,KOTA PROBOLINGGO,2020-04,2020,PADI,0.0,HA
146,436,35,JAWA TIMUR,3575,KOTA PASURUAN,2020-04,2020,JAGUNG,0.0,HA
146,437,35,JAWA TIMUR,3575,KOTA PASURUAN,2020-04,2020,KEDELAI,0.0,HA
146,438,35,JAWA TIMUR,3575,KOTA PASURUAN,2020-04,2020,PADI,0.0,HA
151,451,35,JAWA TIMUR,3576,KOTA MOJOKERTO,2020-04,2020,JAGUNG,0.0,HA
151,452,35,JAWA TIMUR,3576,KOTA MOJOKERTO,2020-04,2020,KEDELAI,0.0,HA
151,453,35,JAWA TIMUR,3576,KOTA MOJOKERTO,2020-04,2020,PADI,0.0,HA
147,439,35,JAWA TIMUR,3577,KOTA MADIUN,2020-04,2020,JAGUNG,0.0,HA
147,440,35,JAWA TIMUR,3577,KOTA MADIUN,2020-04,2020,KEDELAI,0.0,HA
147,441,35,JAWA TIMUR,3577,KOTA MADIUN,2020-04,2020,PADI,0.0,HA
152,454,35,JAWA TIMUR,3578,KOTA SURABAYA,2020-04,2020,JAGUNG,0.0,HA
152,455,35,JAWA TIMUR,3578,KOTA SURABAYA,2020-04,2020,KEDELAI,0.0,HA
152,456,35,JAWA TIMUR,3578,KOTA SURABAYA,2020-04,2020,PADI,0.0,HA
148,442,35,JAWA TIMUR,3579,KOTA BATU,2020-04,2020,JAGUNG,0.0,HA
148,443,35,JAWA TIMUR,3579,KOTA BATU,2020-04,2020,KEDELAI,0.0,HA
148,444,35,JAWA TIMUR,3579,KOTA BATU,2020-04,2020,PADI,0.0,HA
153,457,35,JAWA TIMUR,3501,KABUPATEN PACITAN,2020-05,2020,JAGUNG,0.0,HA
153,458,35,JAWA TIMUR,3501,KABUPATEN PACITAN,2020-05,2020,KEDELAI,0.0,HA
153,459,35,JAWA TIMUR,3501,KABUPATEN PACITAN,2020-05,2020,PADI,0.0,HA
154,460,35,JAWA TIMUR,3502,KABUPATEN PONOROGO,2020-05,2020,JAGUNG,0.0,HA
154,461,35,JAWA TIMUR,3502,KABUPATEN PONOROGO,2020-05,2020,KEDELAI,0.0,HA
154,462,35,JAWA TIMUR,3502,KABUPATEN PONOROGO,2020-05,2020,PADI,0.0,HA
155,463,35,JAWA TIMUR,3503,KABUPATEN TRENGGALEK,2020-05,2020,JAGUNG,0.0,HA
155,464,35,JAWA TIMUR,3503,KABUPATEN TRENGGALEK,2020-05,2020,KEDELAI,0.0,HA
155,465,35,JAWA TIMUR,3503,KABUPATEN TRENGGALEK,2020-05,2020,PADI,0.0,HA
156,466,35,JAWA TIMUR,3504,KABUPATEN TULUNGAGUNG,2020-05,2020,JAGUNG,0.0,HA
156,467,35,JAWA TIMUR,3504,KABUPATEN TULUNGAGUNG,2020-05,2020,KEDELAI,0.0,HA
156,468,35,JAWA TIMUR,3504,KABUPATEN TULUNGAGUNG,2020-05,2020,PADI,0.0,HA
157,469,35,JAWA TIMUR,3505,KABUPATEN BLITAR,2020-05,2020,JAGUNG,0.0,HA
157,470,35,JAWA TIMUR,3505,KABUPATEN BLITAR,2020-05,2020,KEDELAI,0.0,HA
157,471,35,JAWA TIMUR,3505,KABUPATEN BLITAR,2020-05,2020,PADI,0.0,HA
158,472,35,JAWA TIMUR,3506,KABUPATEN KEDIRI,2020-05,2020,JAGUNG,0.0,HA
158,473,35,JAWA TIMUR,3506,KABUPATEN KEDIRI,2020-05,2020,KEDELAI,0.0,HA
158,474,35,JAWA TIMUR,3506,KABUPATEN KEDIRI,2020-05,2020,PADI,0.0,HA
159,475,35,JAWA TIMUR,3507,KABUPATEN MALANG,2020-05,2020,JAGUNG,0.0,HA
159,476,35,JAWA TIMUR,3507,KABUPATEN MALANG,2020-05,2020,KEDELAI,0.0,HA
159,477,35,JAWA TIMUR,3507,KABUPATEN MALANG,2020-05,2020,PADI,0.0,HA
160,478,35,JAWA TIMUR,3508,KABUPATEN LUMAJANG,2020-05,2020,JAGUNG,0.0,HA
160,479,35,JAWA TIMUR,3508,KABUPATEN LUMAJANG,2020-05,2020,KEDELAI,0.0,HA
160,480,35,JAWA TIMUR,3508,KABUPATEN LUMAJANG,2020-05,2020,PADI,9.0,HA
161,481,35,JAWA TIMUR,3509,KABUPATEN JEMBER,2020-05,2020,JAGUNG,0.0,HA
161,482,35,JAWA TIMUR,3509,KABUPATEN JEMBER,2020-05,2020,KEDELAI,0.0,HA
161,483,35,JAWA TIMUR,3509,KABUPATEN JEMBER,2020-05,2020,PADI,0.0,HA
162,484,35,JAWA TIMUR,3510,KABUPATEN BANYUWANGI,2020-05,2020,JAGUNG,0.0,HA
162,485,35,JAWA TIMUR,3510,KABUPATEN BANYUWANGI,2020-05,2020,KEDELAI,0.0,HA
162,486,35,JAWA TIMUR,3510,KABUPATEN BANYUWANGI,2020-05,2020,PADI,0.0,HA
163,487,35,JAWA TIMUR,3511,KABUPATEN BONDOWOSO,2020-05,2020,JAGUNG,0.0,HA
163,488,35,JAWA TIMUR,3511,KABUPATEN BONDOWOSO,2020-05,2020,KEDELAI,0.0,HA
163,489,35,JAWA TIMUR,3511,KABUPATEN BONDOWOSO,2020-05,2020,PADI,0.0,HA
164,490,35,JAWA TIMUR,3512,KABUPATEN SITUBONDO,2020-05,2020,JAGUNG,0.0,HA
164,491,35,JAWA TIMUR,3512,KABUPATEN SITUBONDO,2020-05,2020,KEDELAI,0.0,HA
164,492,35,JAWA TIMUR,3512,KABUPATEN SITUBONDO,2020-05,2020,PADI,0.0,HA
165,493,35,JAWA TIMUR,3513,KABUPATEN PROBOLINGGO,2020-05,2020,JAGUNG,0.0,HA
165,494,35,JAWA TIMUR,3513,KABUPATEN PROBOLINGGO,2020-05,2020,KEDELAI,0.0,HA
165,495,35,JAWA TIMUR,3513,KABUPATEN PROBOLINGGO,2020-05,2020,PADI,0.0,HA
166,496,35,JAWA TIMUR,3514,KABUPATEN PASURUAN,2020-05,2020,JAGUNG,0.0,HA
166,497,35,JAWA TIMUR,3514,KABUPATEN PASURUAN,2020-05,2020,KEDELAI,0.0,HA
166,498,35,JAWA TIMUR,3514,KABUPATEN PASURUAN,2020-05,2020,PADI,0.0,HA
167,499,35,JAWA TIMUR,3515,KABUPATEN SIDOARJO,2020-05,2020,JAGUNG,0.0,HA
167,500,35,JAWA TIMUR,3515,KABUPATEN SIDOARJO,2020-05,2020,KEDELAI,0.0,HA
167,501,35,JAWA TIMUR,3515,KABUPATEN SIDOARJO,2020-05,2020,PADI,0.0,HA
168,502,35,JAWA TIMUR,3516,KABUPATEN MOJOKERTO,2020-05,2020,JAGUNG,0.0,HA
168,503,35,JAWA TIMUR,3516,KABUPATEN MOJOKERTO,2020-05,2020,KEDELAI,0.0,HA
168,504,35,JAWA TIMUR,3516,KABUPATEN MOJOKERTO,2020-05,2020,PADI,0.0,HA
169,505,35,JAWA TIMUR,3517,KABUPATEN JOMBANG,2020-05,2020,JAGUNG,0.0,HA
169,506,35,JAWA TIMUR,3517,KABUPATEN JOMBANG,2020-05,2020,KEDELAI,0.0,HA
169,507,35,JAWA TIMUR,3517,KABUPATEN JOMBANG,2020-05,2020,PADI,0.0,HA
170,508,35,JAWA TIMUR,3518,KABUPATEN NGANJUK,2020-05,2020,JAGUNG,0.0,HA
170,509,35,JAWA TIMUR,3518,KABUPATEN NGANJUK,2020-05,2020,KEDELAI,0.0,HA
170,510,35,JAWA TIMUR,3518,KABUPATEN NGANJUK,2020-05,2020,PADI,0.0,HA
171,511,35,JAWA TIMUR,3519,KABUPATEN MADIUN,2020-05,2020,JAGUNG,0.0,HA
171,512,35,JAWA TIMUR,3519,KABUPATEN MADIUN,2020-05,2020,KEDELAI,0.0,HA
171,513,35,JAWA TIMUR,3519,KABUPATEN MADIUN,2020-05,2020,PADI,0.0,HA
172,514,35,JAWA TIMUR,3520,KABUPATEN MAGETAN,2020-05,2020,JAGUNG,0.0,HA
172,515,35,JAWA TIMUR,3520,KABUPATEN MAGETAN,2020-05,2020,KEDELAI,0.0,HA
172,516,35,JAWA TIMUR,3520,KABUPATEN MAGETAN,2020-05,2020,PADI,0.0,HA
173,517,35,JAWA TIMUR,3521,KABUPATEN NGAWI,2020-05,2020,JAGUNG,0.0,HA
173,518,35,JAWA TIMUR,3521,KABUPATEN NGAWI,2020-05,2020,KEDELAI,0.0,HA
173,519,35,JAWA TIMUR,3521,KABUPATEN NGAWI,2020-05,2020,PADI,0.0,HA
174,520,35,JAWA TIMUR,3522,KABUPATEN BOJONEGORO,2020-05,2020,JAGUNG,0.0,HA
174,521,35,JAWA TIMUR,3522,KABUPATEN BOJONEGORO,2020-05,2020,KEDELAI,0.0,HA
174,522,35,JAWA TIMUR,3522,KABUPATEN BOJONEGORO,2020-05,2020,PADI,97.0,HA
175,523,35,JAWA TIMUR,3523,KABUPATEN TUBAN,2020-05,2020,JAGUNG,0.0,HA
175,524,35,JAWA TIMUR,3523,KABUPATEN TUBAN,2020-05,2020,KEDELAI,0.0,HA
175,525,35,JAWA TIMUR,3523,KABUPATEN TUBAN,2020-05,2020,PADI,0.0,HA
176,526,35,JAWA TIMUR,3524,KABUPATEN LAMONGAN,2020-05,2020,JAGUNG,0.0,HA
176,527,35,JAWA TIMUR,3524,KABUPATEN LAMONGAN,2020-05,2020,KEDELAI,0.0,HA
176,528,35,JAWA TIMUR,3524,KABUPATEN LAMONGAN,2020-05,2020,PADI,0.0,HA
177,529,35,JAWA TIMUR,3525,KABUPATEN GRESIK,2020-05,2020,JAGUNG,0.0,HA
177,530,35,JAWA TIMUR,3525,KABUPATEN GRESIK,2020-05,2020,KEDELAI,0.0,HA
177,531,35,JAWA TIMUR,3525,KABUPATEN GRESIK,2020-05,2020,PADI,0.0,HA
178,532,35,JAWA TIMUR,3526,KABUPATEN BANGKALAN,2020-05,2020,JAGUNG,0.0,HA
178,533,35,JAWA TIMUR,3526,KABUPATEN BANGKALAN,2020-05,2020,KEDELAI,0.0,HA
178,534,35,JAWA TIMUR,3526,KABUPATEN BANGKALAN,2020-05,2020,PADI,0.0,HA
179,535,35,JAWA TIMUR,3527,KABUPATEN SAMPANG,2020-05,2020,JAGUNG,0.0,HA
179,536,35,JAWA TIMUR,3527,KABUPATEN SAMPANG,2020-05,2020,KEDELAI,0.0,HA
179,537,35,JAWA TIMUR,3527,KABUPATEN SAMPANG,2020-05,2020,PADI,0.0,HA
180,538,35,JAWA TIMUR,3528,KABUPATEN PAMEKASAN,2020-05,2020,JAGUNG,0.0,HA
180,539,35,JAWA TIMUR,3528,KABUPATEN PAMEKASAN,2020-05,2020,KEDELAI,0.0,HA
180,540,35,JAWA TIMUR,3528,KABUPATEN PAMEKASAN,2020-05,2020,PADI,0.0,HA
181,541,35,JAWA TIMUR,3529,KABUPATEN SUMENEP,2020-05,2020,JAGUNG,0.0,HA
181,542,35,JAWA TIMUR,3529,KABUPATEN SUMENEP,2020-05,2020,KEDELAI,0.0,HA
181,543,35,JAWA TIMUR,3529,KABUPATEN SUMENEP,2020-05,2020,PADI,0.0,HA
182,544,35,JAWA TIMUR,3571,KOTA KEDIRI,2020-05,2020,JAGUNG,0.0,HA
182,545,35,JAWA TIMUR,3571,KOTA KEDIRI,2020-05,2020,KEDELAI,0.0,HA
182,546,35,JAWA TIMUR,3571,KOTA KEDIRI,2020-05,2020,PADI,0.0,HA
187,559,35,JAWA TIMUR,3572,KOTA BLITAR,2020-05,2020,JAGUNG,0.0,HA
187,560,35,JAWA TIMUR,3572,KOTA BLITAR,2020-05,2020,KEDELAI,0.0,HA
187,561,35,JAWA TIMUR,3572,KOTA BLITAR,2020-05,2020,PADI,0.0,HA
188,562,35,JAWA TIMUR,3573,KOTA MALANG,2020-05,2020,JAGUNG,0.0,HA
188,563,35,JAWA TIMUR,3573,KOTA MALANG,2020-05,2020,KEDELAI,0.0,HA
188,564,35,JAWA TIMUR,3573,KOTA MALANG,2020-05,2020,PADI,0.0,HA
183,547,35,JAWA TIMUR,3574,KOTA PROBOLINGGO,2020-05,2020,JAGUNG,0.0,HA
183,548,35,JAWA TIMUR,3574,KOTA PROBOLINGGO,2020-05,2020,KEDELAI,0.0,HA
183,549,35,JAWA TIMUR,3574,KOTA PROBOLINGGO,2020-05,2020,PADI,0.0,HA
184,550,35,JAWA TIMUR,3575,KOTA PASURUAN,2020-05,2020,JAGUNG,0.0,HA
184,551,35,JAWA TIMUR,3575,KOTA PASURUAN,2020-05,2020,KEDELAI,0.0,HA
184,552,35,JAWA TIMUR,3575,KOTA PASURUAN,2020-05,2020,PADI,0.0,HA
189,565,35,JAWA TIMUR,3576,KOTA MOJOKERTO,2020-05,2020,JAGUNG,0.0,HA
189,566,35,JAWA TIMUR,3576,KOTA MOJOKERTO,2020-05,2020,KEDELAI,0.0,HA
189,567,35,JAWA TIMUR,3576,KOTA MOJOKERTO,2020-05,2020,PADI,0.0,HA
185,553,35,JAWA TIMUR,3577,KOTA MADIUN,2020-05,2020,JAGUNG,0.0,HA
185,554,35,JAWA TIMUR,3577,KOTA MADIUN,2020-05,2020,KEDELAI,0.0,HA
185,555,35,JAWA TIMUR,3577,KOTA MADIUN,2020-05,2020,PADI,0.0,HA
190,568,35,JAWA TIMUR,3578,KOTA SURABAYA,2020-05,2020,JAGUNG,0.0,HA
190,569,35,JAWA TIMUR,3578,KOTA SURABAYA,2020-05,2020,KEDELAI,0.0,HA
190,570,35,JAWA TIMUR,3578,KOTA SURABAYA,2020-05,2020,PADI,0.0,HA
186,556,35,JAWA TIMUR,3579,KOTA BATU,2020-05,2020,JAGUNG,0.0,HA
186,557,35,JAWA TIMUR,3579,KOTA BATU,2020-05,2020,KEDELAI,0.0,HA
186,558,35,JAWA TIMUR,3579,KOTA BATU,2020-05,2020,PADI,0.0,HA
191,571,35,JAWA TIMUR,3501,KABUPATEN PACITAN,2020-06,2020,JAGUNG,0.0,HA
191,572,35,JAWA TIMUR,3501,KABUPATEN PACITAN,2020-06,2020,KEDELAI,0.0,HA
191,573,35,JAWA TIMUR,3501,KABUPATEN PACITAN,2020-06,2020,PADI,12.0,HA
192,574,35,JAWA TIMUR,3502,KABUPATEN PONOROGO,2020-06,2020,JAGUNG,0.0,HA
192,575,35,JAWA TIMUR,3502,KABUPATEN PONOROGO,2020-06,2020,KEDELAI,0.0,HA
192,576,35,JAWA TIMUR,3502,KABUPATEN PONOROGO,2020-06,2020,PADI,0.0,HA
193,577,35,JAWA TIMUR,3503,KABUPATEN TRENGGALEK,2020-06,2020,JAGUNG,0.0,HA
193,578,35,JAWA TIMUR,3503,KABUPATEN TRENGGALEK,2020-06,2020,KEDELAI,0.0,HA
193,579,35,JAWA TIMUR,3503,KABUPATEN TRENGGALEK,2020-06,2020,PADI,0.0,HA
194,580,35,JAWA TIMUR,3504,KABUPATEN TULUNGAGUNG,2020-06,2020,JAGUNG,0.0,HA
194,581,35,JAWA TIMUR,3504,KABUPATEN TULUNGAGUNG,2020-06,2020,KEDELAI,0.0,HA
194,582,35,JAWA TIMUR,3504,KABUPATEN TULUNGAGUNG,2020-06,2020,PADI,0.0,HA
195,583,35,JAWA TIMUR,3505,KABUPATEN BLITAR,2020-06,2020,JAGUNG,0.0,HA
195,584,35,JAWA TIMUR,3505,KABUPATEN BLITAR,2020-06,2020,KEDELAI,0.0,HA
195,585,35,JAWA TIMUR,3505,KABUPATEN BLITAR,2020-06,2020,PADI,0.0,HA
196,586,35,JAWA TIMUR,3506,KABUPATEN KEDIRI,2020-06,2020,JAGUNG,0.0,HA
196,587,35,JAWA TIMUR,3506,KABUPATEN KEDIRI,2020-06,2020,KEDELAI,0.0,HA
196,588,35,JAWA TIMUR,3506,KABUPATEN KEDIRI,2020-06,2020,PADI,0.0,HA
197,589,35,JAWA TIMUR,3507,KABUPATEN MALANG,2020-06,2020,JAGUNG,0.0,HA
197,590,35,JAWA TIMUR,3507,KABUPATEN MALANG,2020-06,2020,KEDELAI,0.0,HA
197,591,35,JAWA TIMUR,3507,KABUPATEN MALANG,2020-06,2020,PADI,0.0,HA
198,592,35,JAWA TIMUR,3508,KABUPATEN LUMAJANG,2020-06,2020,JAGUNG,0.0,HA
198,593,35,JAWA TIMUR,3508,KABUPATEN LUMAJANG,2020-06,2020,KEDELAI,0.0,HA
198,594,35,JAWA TIMUR,3508,KABUPATEN LUMAJANG,2020-06,2020,PADI,9.0,HA
199,595,35,JAWA TIMUR,3509,KABUPATEN JEMBER,2020-06,2020,JAGUNG,0.0,HA
199,596,35,JAWA TIMUR,3509,KABUPATEN JEMBER,2020-06,2020,KEDELAI,0.0,HA
199,597,35,JAWA TIMUR,3509,KABUPATEN JEMBER,2020-06,2020,PADI,0.0,HA
200,598,35,JAWA TIMUR,3510,KABUPATEN BANYUWANGI,2020-06,2020,JAGUNG,0.0,HA
200,599,35,JAWA TIMUR,3510,KABUPATEN BANYUWANGI,2020-06,2020,KEDELAI,0.0,HA
200,600,35,JAWA TIMUR,3510,KABUPATEN BANYUWANGI,2020-06,2020,PADI,0.0,HA
201,601,35,JAWA TIMUR,3511,KABUPATEN BONDOWOSO,2020-06,2020,JAGUNG,0.0,HA
201,602,35,JAWA TIMUR,3511,KABUPATEN BONDOWOSO,2020-06,2020,KEDELAI,0.0,HA
201,603,35,JAWA TIMUR,3511,KABUPATEN BONDOWOSO,2020-06,2020,PADI,2.9,HA
202,604,35,JAWA TIMUR,3512,KABUPATEN SITUBONDO,2020-06,2020,JAGUNG,0.0,HA
202,605,35,JAWA TIMUR,3512,KABUPATEN SITUBONDO,2020-06,2020,KEDELAI,0.0,HA
202,606,35,JAWA TIMUR,3512,KABUPATEN SITUBONDO,2020-06,2020,PADI,0.0,HA
203,607,35,JAWA TIMUR,3513,KABUPATEN PROBOLINGGO,2020-06,2020,JAGUNG,0.0,HA
203,608,35,JAWA TIMUR,3513,KABUPATEN PROBOLINGGO,2020-06,2020,KEDELAI,0.0,HA
203,609,35,JAWA TIMUR,3513,KABUPATEN PROBOLINGGO,2020-06,2020,PADI,0.0,HA
204,610,35,JAWA TIMUR,3514,KABUPATEN PASURUAN,2020-06,2020,JAGUNG,0.0,HA
204,611,35,JAWA TIMUR,3514,KABUPATEN PASURUAN,2020-06,2020,KEDELAI,0.0,HA
204,612,35,JAWA TIMUR,3514,KABUPATEN PASURUAN,2020-06,2020,PADI,0.0,HA
205,613,35,JAWA TIMUR,3515,KABUPATEN SIDOARJO,2020-06,2020,JAGUNG,0.0,HA
205,614,35,JAWA TIMUR,3515,KABUPATEN SIDOARJO,2020-06,2020,KEDELAI,0.0,HA
205,615,35,JAWA TIMUR,3515,KABUPATEN SIDOARJO,2020-06,2020,PADI,0.0,HA
206,616,35,JAWA TIMUR,3516,KABUPATEN MOJOKERTO,2020-06,2020,JAGUNG,0.0,HA
206,617,35,JAWA TIMUR,3516,KABUPATEN MOJOKERTO,2020-06,2020,KEDELAI,0.0,HA
206,618,35,JAWA TIMUR,3516,KABUPATEN MOJOKERTO,2020-06,2020,PADI,0.0,HA
207,619,35,JAWA TIMUR,3517,KABUPATEN JOMBANG,2020-06,2020,JAGUNG,0.0,HA
207,620,35,JAWA TIMUR,3517,KABUPATEN JOMBANG,2020-06,2020,KEDELAI,0.0,HA
207,621,35,JAWA TIMUR,3517,KABUPATEN JOMBANG,2020-06,2020,PADI,0.0,HA
208,622,35,JAWA TIMUR,3518,KABUPATEN NGANJUK,2020-06,2020,JAGUNG,0.0,HA
208,623,35,JAWA TIMUR,3518,KABUPATEN NGANJUK,2020-06,2020,KEDELAI,0.0,HA
208,624,35,JAWA TIMUR,3518,KABUPATEN NGANJUK,2020-06,2020,PADI,0.0,HA
209,625,35,JAWA TIMUR,3519,KABUPATEN MADIUN,2020-06,2020,JAGUNG,0.0,HA
209,626,35,JAWA TIMUR,3519,KABUPATEN MADIUN,2020-06,2020,KEDELAI,0.0,HA
209,627,35,JAWA TIMUR,3519,KABUPATEN MADIUN,2020-06,2020,PADI,0.0,HA
210,628,35,JAWA TIMUR,3520,KABUPATEN MAGETAN,2020-06,2020,JAGUNG,0.0,HA
210,629,35,JAWA TIMUR,3520,KABUPATEN MAGETAN,2020-06,2020,KEDELAI,0.0,HA
210,630,35,JAWA TIMUR,3520,KABUPATEN MAGETAN,2020-06,2020,PADI,0.0,HA
211,631,35,JAWA TIMUR,3521,KABUPATEN NGAWI,2020-06,2020,JAGUNG,0.0,HA
211,632,35,JAWA TIMUR,3521,KABUPATEN NGAWI,2020-06,2020,KEDELAI,0.0,HA
211,633,35,JAWA TIMUR,3521,KABUPATEN NGAWI,2020-06,2020,PADI,0.0,HA
212,634,35,JAWA TIMUR,3522,KABUPATEN BOJONEGORO,2020-06,2020,JAGUNG,115.0,HA
212,635,35,JAWA TIMUR,3522,KABUPATEN BOJONEGORO,2020-06,2020,KEDELAI,0.0,HA
212,636,35,JAWA TIMUR,3522,KABUPATEN BOJONEGORO,2020-06,2020,PADI,2700.5,HA
213,637,35,JAWA TIMUR,3523,KABUPATEN TUBAN,2020-06,2020,JAGUNG,0.0,HA
213,638,35,JAWA TIMUR,3523,KABUPATEN TUBAN,2020-06,2020,KEDELAI,0.0,HA
213,639,35,JAWA TIMUR,3523,KABUPATEN TUBAN,2020-06,2020,PADI,2.0,HA
214,640,35,JAWA TIMUR,3524,KABUPATEN LAMONGAN,2020-06,2020,JAGUNG,0.0,HA
214,641,35,JAWA TIMUR,3524,KABUPATEN LAMONGAN,2020-06,2020,KEDELAI,0.0,HA
214,642,35,JAWA TIMUR,3524,KABUPATEN LAMONGAN,2020-06,2020,PADI,15.5,HA
215,643,35,JAWA TIMUR,3525,KABUPATEN GRESIK,2020-06,2020,JAGUNG,0.0,HA
215,644,35,JAWA TIMUR,3525,KABUPATEN GRESIK,2020-06,2020,KEDELAI,0.0,HA
215,645,35,JAWA TIMUR,3525,KABUPATEN GRESIK,2020-06,2020,PADI,0.0,HA
216,646,35,JAWA TIMUR,3526,KABUPATEN BANGKALAN,2020-06,2020,JAGUNG,0.0,HA
216,647,35,JAWA TIMUR,3526,KABUPATEN BANGKALAN,2020-06,2020,KEDELAI,0.0,HA
216,648,35,JAWA TIMUR,3526,KABUPATEN BANGKALAN,2020-06,2020,PADI,0.0,HA
217,649,35,JAWA TIMUR,3527,KABUPATEN SAMPANG,2020-06,2020,JAGUNG,0.0,HA
217,650,35,JAWA TIMUR,3527,KABUPATEN SAMPANG,2020-06,2020,KEDELAI,0.0,HA
217,651,35,JAWA TIMUR,3527,KABUPATEN SAMPANG,2020-06,2020,PADI,0.0,HA
218,652,35,JAWA TIMUR,3528,KABUPATEN PAMEKASAN,2020-06,2020,JAGUNG,0.0,HA
218,653,35,JAWA TIMUR,3528,KABUPATEN PAMEKASAN,2020-06,2020,KEDELAI,0.0,HA
218,654,35,JAWA TIMUR,3528,KABUPATEN PAMEKASAN,2020-06,2020,PADI,0.0,HA
219,655,35,JAWA TIMUR,3529,KABUPATEN SUMENEP,2020-06,2020,JAGUNG,0.0,HA
219,656,35,JAWA TIMUR,3529,KABUPATEN SUMENEP,2020-06,2020,KEDELAI,0.0,HA
219,657,35,JAWA TIMUR,3529,KABUPATEN SUMENEP,2020-06,2020,PADI,0.0,HA
220,658,35,JAWA TIMUR,3571,KOTA KEDIRI,2020-06,2020,JAGUNG,0.0,HA
220,659,35,JAWA TIMUR,3571,KOTA KEDIRI,2020-06,2020,KEDELAI,0.0,HA
220,660,35,JAWA TIMUR,3571,KOTA KEDIRI,2020-06,2020,PADI,0.0,HA
225,673,35,JAWA TIMUR,3572,KOTA BLITAR,2020-06,2020,JAGUNG,0.0,HA
225,674,35,JAWA TIMUR,3572,KOTA BLITAR,2020-06,2020,KEDELAI,0.0,HA
225,675,35,JAWA TIMUR,3572,KOTA BLITAR,2020-06,2020,PADI,0.0,HA
226,676,35,JAWA TIMUR,3573,KOTA MALANG,2020-06,2020,JAGUNG,0.0,HA
226,677,35,JAWA TIMUR,3573,KOTA MALANG,2020-06,2020,KEDELAI,0.0,HA
226,678,35,JAWA TIMUR,3573,KOTA MALANG,2020-06,2020,PADI,0.0,HA
221,661,35,JAWA TIMUR,3574,KOTA PROBOLINGGO,2020-06,2020,JAGUNG,0.0,HA
221,662,35,JAWA TIMUR,3574,KOTA PROBOLINGGO,2020-06,2020,KEDELAI,0.0,HA
221,663,35,JAWA TIMUR,3574,KOTA PROBOLINGGO,2020-06,2020,PADI,0.0,HA
222,664,35,JAWA TIMUR,3575,KOTA PASURUAN,2020-06,2020,JAGUNG,0.0,HA
222,665,35,JAWA TIMUR,3575,KOTA PASURUAN,2020-06,2020,KEDELAI,0.0,HA
222,666,35,JAWA TIMUR,3575,KOTA PASURUAN,2020-06,2020,PADI,0.0,HA
227,679,35,JAWA TIMUR,3576,KOTA MOJOKERTO,2020-06,2020,JAGUNG,0.0,HA
227,680,35,JAWA TIMUR,3576,KOTA MOJOKERTO,2020-06,2020,KEDELAI,0.0,HA
227,681,35,JAWA TIMUR,3576,KOTA MOJOKERTO,2020-06,2020,PADI,0.0,HA
223,667,35,JAWA TIMUR,3577,KOTA MADIUN,2020-06,2020,JAGUNG,0.0,HA
223,668,35,JAWA TIMUR,3577,KOTA MADIUN,2020-06,2020,KEDELAI,0.0,HA
223,669,35,JAWA TIMUR,3577,KOTA MADIUN,2020-06,2020,PADI,0.0,HA
228,682,35,JAWA TIMUR,3578,KOTA SURABAYA,2020-06,2020,JAGUNG,0.0,HA
228,683,35,JAWA TIMUR,3578,KOTA SURABAYA,2020-06,2020,KEDELAI,0.0,HA
228,684,35,JAWA TIMUR,3578,KOTA SURABAYA,2020-06,2020,PADI,0.0,HA
224,670,35,JAWA TIMUR,3579,KOTA BATU,2020-06,2020,JAGUNG,0.0,HA
224,671,35,JAWA TIMUR,3579,KOTA BATU,2020-06,2020,KEDELAI,0.0,HA
224,672,35,JAWA TIMUR,3579,KOTA BATU,2020-06,2020,PADI,0.0,HA
229,685,35,JAWA TIMUR,3501,KABUPATEN PACITAN,2020-07,2020,JAGUNG,0.0,HA
229,686,35,JAWA TIMUR,3501,KABUPATEN PACITAN,2020-07,2020,KEDELAI,0.0,HA
229,687,35,JAWA TIMUR,3501,KABUPATEN PACITAN,2020-07,2020,PADI,0.0,HA
230,688,35,JAWA TIMUR,3502,KABUPATEN PONOROGO,2020-07,2020,JAGUNG,0.0,HA
230,689,35,JAWA TIMUR,3502,KABUPATEN PONOROGO,2020-07,2020,KEDELAI,0.0,HA
230,690,35,JAWA TIMUR,3502,KABUPATEN PONOROGO,2020-07,2020,PADI,0.0,HA
231,691,35,JAWA TIMUR,3503,KABUPATEN TRENGGALEK,2020-07,2020,JAGUNG,0.0,HA
231,692,35,JAWA TIMUR,3503,KABUPATEN TRENGGALEK,2020-07,2020,KEDELAI,0.0,HA
231,693,35,JAWA TIMUR,3503,KABUPATEN TRENGGALEK,2020-07,2020,PADI,0.0,HA
232,694,35,JAWA TIMUR,3504,KABUPATEN TULUNGAGUNG,2020-07,2020,JAGUNG,0.0,HA
232,695,35,JAWA TIMUR,3504,KABUPATEN TULUNGAGUNG,2020-07,2020,KEDELAI,0.0,HA
232,696,35,JAWA TIMUR,3504,KABUPATEN TULUNGAGUNG,2020-07,2020,PADI,0.0,HA
233,697,35,JAWA TIMUR,3505,KABUPATEN BLITAR,2020-07,2020,JAGUNG,0.0,HA
233,698,35,JAWA TIMUR,3505,KABUPATEN BLITAR,2020-07,2020,KEDELAI,0.0,HA
233,699,35,JAWA TIMUR,3505,KABUPATEN BLITAR,2020-07,2020,PADI,0.0,HA
234,700,35,JAWA TIMUR,3506,KABUPATEN KEDIRI,2020-07,2020,JAGUNG,0.0,HA
234,701,35,JAWA TIMUR,3506,KABUPATEN KEDIRI,2020-07,2020,KEDELAI,0.0,HA
234,702,35,JAWA TIMUR,3506,KABUPATEN KEDIRI,2020-07,2020,PADI,0.0,HA
235,703,35,JAWA TIMUR,3507,KABUPATEN MALANG,2020-07,2020,JAGUNG,0.0,HA
235,704,35,JAWA TIMUR,3507,KABUPATEN MALANG,2020-07,2020,KEDELAI,0.0,HA
235,705,35,JAWA TIMUR,3507,KABUPATEN MALANG,2020-07,2020,PADI,0.0,HA
236,706,35,JAWA TIMUR,3508,KABUPATEN LUMAJANG,2020-07,2020,JAGUNG,0.0,HA
236,707,35,JAWA TIMUR,3508,KABUPATEN LUMAJANG,2020-07,2020,KEDELAI,0.0,HA
236,708,35,JAWA TIMUR,3508,KABUPATEN LUMAJANG,2020-07,2020,PADI,0.0,HA
237,709,35,JAWA TIMUR,3509,KABUPATEN JEMBER,2020-07,2020,JAGUNG,0.0,HA
237,710,35,JAWA TIMUR,3509,KABUPATEN JEMBER,2020-07,2020,KEDELAI,0.0,HA
237,711,35,JAWA TIMUR,3509,KABUPATEN JEMBER,2020-07,2020,PADI,0.0,HA
238,712,35,JAWA TIMUR,3510,KABUPATEN BANYUWANGI,2020-07,2020,JAGUNG,0.0,HA
238,713,35,JAWA TIMUR,3510,KABUPATEN BANYUWANGI,2020-07,2020,KEDELAI,0.0,HA
238,714,35,JAWA TIMUR,3510,KABUPATEN BANYUWANGI,2020-07,2020,PADI,0.0,HA
239,715,35,JAWA TIMUR,3511,KABUPATEN BONDOWOSO,2020-07,2020,JAGUNG,0.0,HA
239,716,35,JAWA TIMUR,3511,KABUPATEN BONDOWOSO,2020-07,2020,KEDELAI,0.0,HA
239,717,35,JAWA TIMUR,3511,KABUPATEN BONDOWOSO,2020-07,2020,PADI,9.9,HA
240,718,35,JAWA TIMUR,3512,KABUPATEN SITUBONDO,2020-07,2020,JAGUNG,0.0,HA
240,719,35,JAWA TIMUR,3512,KABUPATEN SITUBONDO,2020-07,2020,KEDELAI,0.0,HA
240,720,35,JAWA TIMUR,3512,KABUPATEN SITUBONDO,2020-07,2020,PADI,0.0,HA
241,721,35,JAWA TIMUR,3513,KABUPATEN PROBOLINGGO,2020-07,2020,JAGUNG,0.0,HA
241,722,35,JAWA TIMUR,3513,KABUPATEN PROBOLINGGO,2020-07,2020,KEDELAI,0.0,HA
241,723,35,JAWA TIMUR,3513,KABUPATEN PROBOLINGGO,2020-07,2020,PADI,0.0,HA
242,724,35,JAWA TIMUR,3514,KABUPATEN PASURUAN,2020-07,2020,JAGUNG,0.0,HA
242,725,35,JAWA TIMUR,3514,KABUPATEN PASURUAN,2020-07,2020,KEDELAI,0.0,HA
242,726,35,JAWA TIMUR,3514,KABUPATEN PASURUAN,2020-07,2020,PADI,0.0,HA
243,727,35,JAWA TIMUR,3515,KABUPATEN SIDOARJO,2020-07,2020,JAGUNG,0.0,HA
243,728,35,JAWA TIMUR,3515,KABUPATEN SIDOARJO,2020-07,2020,KEDELAI,0.0,HA
243,729,35,JAWA TIMUR,3515,KABUPATEN SIDOARJO,2020-07,2020,PADI,0.0,HA
244,730,35,JAWA TIMUR,3516,KABUPATEN MOJOKERTO,2020-07,2020,JAGUNG,0.0,HA
244,731,35,JAWA TIMUR,3516,KABUPATEN MOJOKERTO,2020-07,2020,KEDELAI,0.0,HA
244,732,35,JAWA TIMUR,3516,KABUPATEN MOJOKERTO,2020-07,2020,PADI,0.0,HA
245,733,35,JAWA TIMUR,3517,KABUPATEN JOMBANG,2020-07,2020,JAGUNG,0.0,HA
245,734,35,JAWA TIMUR,3517,KABUPATEN JOMBANG,2020-07,2020,KEDELAI,0.0,HA
245,735,35,JAWA TIMUR,3517,KABUPATEN JOMBANG,2020-07,2020,PADI,84.1,HA
246,736,35,JAWA TIMUR,3518,KABUPATEN NGANJUK,2020-07,2020,JAGUNG,0.0,HA
246,737,35,JAWA TIMUR,3518,KABUPATEN NGANJUK,2020-07,2020,KEDELAI,0.0,HA
246,738,35,JAWA TIMUR,3518,KABUPATEN NGANJUK,2020-07,2020,PADI,0.0,HA
247,739,35,JAWA TIMUR,3519,KABUPATEN MADIUN,2020-07,2020,JAGUNG,0.0,HA
247,740,35,JAWA TIMUR,3519,KABUPATEN MADIUN,2020-07,2020,KEDELAI,0.0,HA
247,741,35,JAWA TIMUR,3519,KABUPATEN MADIUN,2020-07,2020,PADI,0.0,HA
248,742,35,JAWA TIMUR,3520,KABUPATEN MAGETAN,2020-07,2020,JAGUNG,0.0,HA
248,743,35,JAWA TIMUR,3520,KABUPATEN MAGETAN,2020-07,2020,KEDELAI,0.0,HA
248,744,35,JAWA TIMUR,3520,KABUPATEN MAGETAN,2020-07,2020,PADI,0.0,HA
249,745,35,JAWA TIMUR,3521,KABUPATEN NGAWI,2020-07,2020,JAGUNG,0.0,HA
249,746,35,JAWA TIMUR,3521,KABUPATEN NGAWI,2020-07,2020,KEDELAI,0.0,HA
249,747,35,JAWA TIMUR,3521,KABUPATEN NGAWI,2020-07,2020,PADI,1.23,HA
250,748,35,JAWA TIMUR,3522,KABUPATEN BOJONEGORO,2020-07,2020,JAGUNG,0.0,HA
250,749,35,JAWA TIMUR,3522,KABUPATEN BOJONEGORO,2020-07,2020,KEDELAI,0.0,HA
250,750,35,JAWA TIMUR,3522,KABUPATEN BOJONEGORO,2020-07,2020,PADI,117.5,HA
251,751,35,JAWA TIMUR,3523,KABUPATEN TUBAN,2020-07,2020,JAGUNG,0.0,HA
251,752,35,JAWA TIMUR,3523,KABUPATEN TUBAN,2020-07,2020,KEDELAI,0.0,HA
251,753,35,JAWA TIMUR,3523,KABUPATEN TUBAN,2020-07,2020,PADI,18.0,HA
252,754,35,JAWA TIMUR,3524,KABUPATEN LAMONGAN,2020-07,2020,JAGUNG,0.0,HA
252,755,35,JAWA TIMUR,3524,KABUPATEN LAMONGAN,2020-07,2020,KEDELAI,0.0,HA
252,756,35,JAWA TIMUR,3524,KABUPATEN LAMONGAN,2020-07,2020,PADI,0.0,HA
253,757,35,JAWA TIMUR,3525,KABUPATEN GRESIK,2020-07,2020,JAGUNG,0.0,HA
253,758,35,JAWA TIMUR,3525,KABUPATEN GRESIK,2020-07,2020,KEDELAI,0.0,HA
253,759,35,JAWA TIMUR,3525,KABUPATEN GRESIK,2020-07,2020,PADI,13.0,HA
254,760,35,JAWA TIMUR,3526,KABUPATEN BANGKALAN,2020-07,2020,JAGUNG,0.0,HA
254,761,35,JAWA TIMUR,3526,KABUPATEN BANGKALAN,2020-07,2020,KEDELAI,0.0,HA
254,762,35,JAWA TIMUR,3526,KABUPATEN BANGKALAN,2020-07,2020,PADI,0.0,HA
255,763,35,JAWA TIMUR,3527,KABUPATEN SAMPANG,2020-07,2020,JAGUNG,0.0,HA
255,764,35,JAWA TIMUR,3527,KABUPATEN SAMPANG,2020-07,2020,KEDELAI,0.0,HA
255,765,35,JAWA TIMUR,3527,KABUPATEN SAMPANG,2020-07,2020,PADI,0.0,HA
256,766,35,JAWA TIMUR,3528,KABUPATEN PAMEKASAN,2020-07,2020,JAGUNG,0.0,HA
256,767,35,JAWA TIMUR,3528,KABUPATEN PAMEKASAN,2020-07,2020,KEDELAI,0.0,HA
256,768,35,JAWA TIMUR,3528,KABUPATEN PAMEKASAN,2020-07,2020,PADI,0.0,HA
257,769,35,JAWA TIMUR,3529,KABUPATEN SUMENEP,2020-07,2020,JAGUNG,0.0,HA
257,770,35,JAWA TIMUR,3529,KABUPATEN SUMENEP,2020-07,2020,KEDELAI,0.0,HA
257,771,35,JAWA TIMUR,3529,KABUPATEN SUMENEP,2020-07,2020,PADI,0.0,HA
258,772,35,JAWA TIMUR,3571,KOTA KEDIRI,2020-07,2020,JAGUNG,0.0,HA
258,773,35,JAWA TIMUR,3571,KOTA KEDIRI,2020-07,2020,KEDELAI,0.0,HA
258,774,35,JAWA TIMUR,3571,KOTA KEDIRI,2020-07,2020,PADI,0.0,HA
263,787,35,JAWA TIMUR,3572,KOTA BLITAR,2020-07,2020,JAGUNG,0.0,HA
263,788,35,JAWA TIMUR,3572,KOTA BLITAR,2020-07,2020,KEDELAI,0.0,HA
263,789,35,JAWA TIMUR,3572,KOTA BLITAR,2020-07,2020,PADI,0.0,HA
264,790,35,JAWA TIMUR,3573,KOTA MALANG,2020-07,2020,JAGUNG,0.0,HA
264,791,35,JAWA TIMUR,3573,KOTA MALANG,2020-07,2020,KEDELAI,0.0,HA
264,792,35,JAWA TIMUR,3573,KOTA MALANG,2020-07,2020,PADI,0.0,HA
259,775,35,JAWA TIMUR,3574,KOTA PROBOLINGGO,2020-07,2020,JAGUNG,0.0,HA
259,776,35,JAWA TIMUR,3574,KOTA PROBOLINGGO,2020-07,2020,KEDELAI,0.0,HA
259,777,35,JAWA TIMUR,3574,KOTA PROBOLINGGO,2020-07,2020,PADI,0.0,HA
260,778,35,JAWA TIMUR,3575,KOTA PASURUAN,2020-07,2020,JAGUNG,0.0,HA
260,779,35,JAWA TIMUR,3575,KOTA PASURUAN,2020-07,2020,KEDELAI,0.0,HA
260,780,35,JAWA TIMUR,3575,KOTA PASURUAN,2020-07,2020,PADI,0.0,HA
265,793,35,JAWA TIMUR,3576,KOTA MOJOKERTO,2020-07,2020,JAGUNG,0.0,HA
265,794,35,JAWA TIMUR,3576,KOTA MOJOKERTO,2020-07,2020,KEDELAI,0.0,HA
265,795,35,JAWA TIMUR,3576,KOTA MOJOKERTO,2020-07,2020,PADI,0.0,HA
261,781,35,JAWA TIMUR,3577,KOTA MADIUN,2020-07,2020,JAGUNG,0.0,HA
261,782,35,JAWA TIMUR,3577,KOTA MADIUN,2020-07,2020,KEDELAI,0.0,HA
261,783,35,JAWA TIMUR,3577,KOTA MADIUN,2020-07,2020,PADI,0.0,HA
266,796,35,JAWA TIMUR,3578,KOTA SURABAYA,2020-07,2020,JAGUNG,0.0,HA
266,797,35,JAWA TIMUR,3578,KOTA SURABAYA,2020-07,2020,KEDELAI,0.0,HA
266,798,35,JAWA TIMUR,3578,KOTA SURABAYA,2020-07,2020,PADI,0.0,HA
262,784,35,JAWA TIMUR,3579,KOTA BATU,2020-07,2020,JAGUNG,0.0,HA
262,785,35,JAWA TIMUR,3579,KOTA BATU,2020-07,2020,KEDELAI,0.0,HA
262,786,35,JAWA TIMUR,3579,KOTA BATU,2020-07,2020,PADI,0.0,HA
267,799,35,JAWA TIMUR,3501,KABUPATEN PACITAN,2020-08,2020,JAGUNG,0.0,HA
267,800,35,JAWA TIMUR,3501,KABUPATEN PACITAN,2020-08,2020,KEDELAI,0.0,HA
267,801,35,JAWA TIMUR,3501,KABUPATEN PACITAN,2020-08,2020,PADI,0.0,HA
268,802,35,JAWA TIMUR,3502,KABUPATEN PONOROGO,2020-08,2020,JAGUNG,0.0,HA
268,803,35,JAWA TIMUR,3502,KABUPATEN PONOROGO,2020-08,2020,KEDELAI,0.0,HA
268,804,35,JAWA TIMUR,3502,KABUPATEN PONOROGO,2020-08,2020,PADI,0.0,HA
269,805,35,JAWA TIMUR,3503,KABUPATEN TRENGGALEK,2020-08,2020,JAGUNG,0.0,HA
269,806,35,JAWA TIMUR,3503,KABUPATEN TRENGGALEK,2020-08,2020,KEDELAI,0.0,HA
269,807,35,JAWA TIMUR,3503,KABUPATEN TRENGGALEK,2020-08,2020,PADI,0.0,HA
270,808,35,JAWA TIMUR,3504,KABUPATEN TULUNGAGUNG,2020-08,2020,JAGUNG,0.0,HA
270,809,35,JAWA TIMUR,3504,KABUPATEN TULUNGAGUNG,2020-08,2020,KEDELAI,0.0,HA
270,810,35,JAWA TIMUR,3504,KABUPATEN TULUNGAGUNG,2020-08,2020,PADI,0.0,HA
271,811,35,JAWA TIMUR,3505,KABUPATEN BLITAR,2020-08,2020,JAGUNG,0.0,HA
271,812,35,JAWA TIMUR,3505,KABUPATEN BLITAR,2020-08,2020,KEDELAI,0.0,HA
271,813,35,JAWA TIMUR,3505,KABUPATEN BLITAR,2020-08,2020,PADI,0.0,HA
272,814,35,JAWA TIMUR,3506,KABUPATEN KEDIRI,2020-08,2020,JAGUNG,0.0,HA
272,815,35,JAWA TIMUR,3506,KABUPATEN KEDIRI,2020-08,2020,KEDELAI,0.0,HA
272,816,35,JAWA TIMUR,3506,KABUPATEN KEDIRI,2020-08,2020,PADI,0.0,HA
273,817,35,JAWA TIMUR,3507,KABUPATEN MALANG,2020-08,2020,JAGUNG,0.0,HA
273,818,35,JAWA TIMUR,3507,KABUPATEN MALANG,2020-08,2020,KEDELAI,0.0,HA
273,819,35,JAWA TIMUR,3507,KABUPATEN MALANG,2020-08,2020,PADI,0.0,HA
274,820,35,JAWA TIMUR,3508,KABUPATEN LUMAJANG,2020-08,2020,JAGUNG,0.0,HA
274,821,35,JAWA TIMUR,3508,KABUPATEN LUMAJANG,2020-08,2020,KEDELAI,0.0,HA
274,822,35,JAWA TIMUR,3508,KABUPATEN LUMAJANG,2020-08,2020,PADI,0.0,HA
275,823,35,JAWA TIMUR,3509,KABUPATEN JEMBER,2020-08,2020,JAGUNG,0.0,HA
275,824,35,JAWA TIMUR,3509,KABUPATEN JEMBER,2020-08,2020,KEDELAI,0.0,HA
275,825,35,JAWA TIMUR,3509,KABUPATEN JEMBER,2020-08,2020,PADI,0.0,HA
276,826,35,JAWA TIMUR,3510,KABUPATEN BANYUWANGI,2020-08,2020,JAGUNG,0.0,HA
276,827,35,JAWA TIMUR,3510,KABUPATEN BANYUWANGI,2020-08,2020,KEDELAI,0.0,HA
276,828,35,JAWA TIMUR,3510,KABUPATEN BANYUWANGI,2020-08,2020,PADI,0.0,HA
277,829,35,JAWA TIMUR,3511,KABUPATEN BONDOWOSO,2020-08,2020,JAGUNG,0.0,HA
277,830,35,JAWA TIMUR,3511,KABUPATEN BONDOWOSO,2020-08,2020,KEDELAI,0.0,HA
277,831,35,JAWA TIMUR,3511,KABUPATEN BONDOWOSO,2020-08,2020,PADI,0.0,HA
278,832,35,JAWA TIMUR,3512,KABUPATEN SITUBONDO,2020-08,2020,JAGUNG,0.0,HA
278,833,35,JAWA TIMUR,3512,KABUPATEN SITUBONDO,2020-08,2020,KEDELAI,0.0,HA
278,834,35,JAWA TIMUR,3512,KABUPATEN SITUBONDO,2020-08,2020,PADI,0.0,HA
279,835,35,JAWA TIMUR,3513,KABUPATEN PROBOLINGGO,2020-08,2020,JAGUNG,0.0,HA
279,836,35,JAWA TIMUR,3513,KABUPATEN PROBOLINGGO,2020-08,2020,KEDELAI,0.0,HA
279,837,35,JAWA TIMUR,3513,KABUPATEN PROBOLINGGO,2020-08,2020,PADI,0.0,HA
280,838,35,JAWA TIMUR,3514,KABUPATEN PASURUAN,2020-08,2020,JAGUNG,0.0,HA
280,839,35,JAWA TIMUR,3514,KABUPATEN PASURUAN,2020-08,2020,KEDELAI,0.0,HA
280,840,35,JAWA TIMUR,3514,KABUPATEN PASURUAN,2020-08,2020,PADI,0.0,HA
281,841,35,JAWA TIMUR,3515,KABUPATEN SIDOARJO,2020-08,2020,JAGUNG,0.0,HA
281,842,35,JAWA TIMUR,3515,KABUPATEN SIDOARJO,2020-08,2020,KEDELAI,0.0,HA
281,843,35,JAWA TIMUR,3515,KABUPATEN SIDOARJO,2020-08,2020,PADI,8.0,HA
282,844,35,JAWA TIMUR,3516,KABUPATEN MOJOKERTO,2020-08,2020,JAGUNG,0.0,HA
282,845,35,JAWA TIMUR,3516,KABUPATEN MOJOKERTO,2020-08,2020,KEDELAI,0.0,HA
282,846,35,JAWA TIMUR,3516,KABUPATEN MOJOKERTO,2020-08,2020,PADI,0.0,HA
283,847,35,JAWA TIMUR,3517,KABUPATEN JOMBANG,2020-08,2020,JAGUNG,0.0,HA
283,848,35,JAWA TIMUR,3517,KABUPATEN JOMBANG,2020-08,2020,KEDELAI,0.0,HA
283,849,35,JAWA TIMUR,3517,KABUPATEN JOMBANG,2020-08,2020,PADI,0.0,HA
284,850,35,JAWA TIMUR,3518,KABUPATEN NGANJUK,2020-08,2020,JAGUNG,0.0,HA
284,851,35,JAWA TIMUR,3518,KABUPATEN NGANJUK,2020-08,2020,KEDELAI,0.0,HA
284,852,35,JAWA TIMUR,3518,KABUPATEN NGANJUK,2020-08,2020,PADI,0.0,HA
285,853,35,JAWA TIMUR,3519,KABUPATEN MADIUN,2020-08,2020,JAGUNG,0.0,HA
285,854,35,JAWA TIMUR,3519,KABUPATEN MADIUN,2020-08,2020,KEDELAI,0.0,HA
285,855,35,JAWA TIMUR,3519,KABUPATEN MADIUN,2020-08,2020,PADI,0.0,HA
286,856,35,JAWA TIMUR,3520,KABUPATEN MAGETAN,2020-08,2020,JAGUNG,0.0,HA
286,857,35,JAWA TIMUR,3520,KABUPATEN MAGETAN,2020-08,2020,KEDELAI,0.0,HA
286,858,35,JAWA TIMUR,3520,KABUPATEN MAGETAN,2020-08,2020,PADI,0.0,HA
287,859,35,JAWA TIMUR,3521,KABUPATEN NGAWI,2020-08,2020,JAGUNG,0.0,HA
287,860,35,JAWA TIMUR,3521,KABUPATEN NGAWI,2020-08,2020,KEDELAI,0.0,HA
287,861,35,JAWA TIMUR,3521,KABUPATEN NGAWI,2020-08,2020,PADI,0.0,HA
288,862,35,JAWA TIMUR,3522,KABUPATEN BOJONEGORO,2020-08,2020,JAGUNG,0.0,HA
288,863,35,JAWA TIMUR,3522,KABUPATEN BOJONEGORO,2020-08,2020,KEDELAI,0.0,HA
288,864,35,JAWA TIMUR,3522,KABUPATEN BOJONEGORO,2020-08,2020,PADI,71.5,HA
289,865,35,JAWA TIMUR,3523,KABUPATEN TUBAN,2020-08,2020,JAGUNG,0.0,HA
289,866,35,JAWA TIMUR,3523,KABUPATEN TUBAN,2020-08,2020,KEDELAI,0.0,HA
289,867,35,JAWA TIMUR,3523,KABUPATEN TUBAN,2020-08,2020,PADI,0.0,HA
290,868,35,JAWA TIMUR,3524,KABUPATEN LAMONGAN,2020-08,2020,JAGUNG,0.0,HA
290,869,35,JAWA TIMUR,3524,KABUPATEN LAMONGAN,2020-08,2020,KEDELAI,0.0,HA
290,870,35,JAWA TIMUR,3524,KABUPATEN LAMONGAN,2020-08,2020,PADI,0.0,HA
291,871,35,JAWA TIMUR,3525,KABUPATEN GRESIK,2020-08,2020,JAGUNG,0.0,HA
291,872,35,JAWA TIMUR,3525,KABUPATEN GRESIK,2020-08,2020,KEDELAI,0.0,HA
291,873,35,JAWA TIMUR,3525,KABUPATEN GRESIK,2020-08,2020,PADI,12.5,HA
292,874,35,JAWA TIMUR,3526,KABUPATEN BANGKALAN,2020-08,2020,JAGUNG,0.0,HA
292,875,35,JAWA TIMUR,3526,KABUPATEN BANGKALAN,2020-08,2020,KEDELAI,0.0,HA
292,876,35,JAWA TIMUR,3526,KABUPATEN BANGKALAN,2020-08,2020,PADI,0.0,HA
293,877,35,JAWA TIMUR,3527,KABUPATEN SAMPANG,2020-08,2020,JAGUNG,0.0,HA
293,878,35,JAWA TIMUR,3527,KABUPATEN SAMPANG,2020-08,2020,KEDELAI,0.0,HA
293,879,35,JAWA TIMUR,3527,KABUPATEN SAMPANG,2020-08,2020,PADI,0.0,HA
294,880,35,JAWA TIMUR,3528,KABUPATEN PAMEKASAN,2020-08,2020,JAGUNG,0.0,HA
294,881,35,JAWA TIMUR,3528,KABUPATEN PAMEKASAN,2020-08,2020,KEDELAI,0.0,HA
294,882,35,JAWA TIMUR,3528,KABUPATEN PAMEKASAN,2020-08,2020,PADI,10.2,HA
295,883,35,JAWA TIMUR,3529,KABUPATEN SUMENEP,2020-08,2020,JAGUNG,0.0,HA
295,884,35,JAWA TIMUR,3529,KABUPATEN SUMENEP,2020-08,2020,KEDELAI,0.0,HA
295,885,35,JAWA TIMUR,3529,KABUPATEN SUMENEP,2020-08,2020,PADI,0.1,HA
296,886,35,JAWA TIMUR,3571,KOTA KEDIRI,2020-08,2020,JAGUNG,0.0,HA
296,887,35,JAWA TIMUR,3571,KOTA KEDIRI,2020-08,2020,KEDELAI,0.0,HA
296,888,35,JAWA TIMUR,3571,KOTA KEDIRI,2020-08,2020,PADI,0.0,HA
301,901,35,JAWA TIMUR,3572,KOTA BLITAR,2020-08,2020,JAGUNG,0.0,HA
301,902,35,JAWA TIMUR,3572,KOTA BLITAR,2020-08,2020,KEDELAI,0.0,HA
301,903,35,JAWA TIMUR,3572,KOTA BLITAR,2020-08,2020,PADI,0.0,HA
302,904,35,JAWA TIMUR,3573,KOTA MALANG,2020-08,2020,JAGUNG,0.0,HA
302,905,35,JAWA TIMUR,3573,KOTA MALANG,2020-08,2020,KEDELAI,0.0,HA
302,906,35,JAWA TIMUR,3573,KOTA MALANG,2020-08,2020,PADI,0.0,HA
297,889,35,JAWA TIMUR,3574,KOTA PROBOLINGGO,2020-08,2020,JAGUNG,0.0,HA
297,890,35,JAWA TIMUR,3574,KOTA PROBOLINGGO,2020-08,2020,KEDELAI,0.0,HA
297,891,35,JAWA TIMUR,3574,KOTA PROBOLINGGO,2020-08,2020,PADI,0.0,HA
298,892,35,JAWA TIMUR,3575,KOTA PASURUAN,2020-08,2020,JAGUNG,0.0,HA
298,893,35,JAWA TIMUR,3575,KOTA PASURUAN,2020-08,2020,KEDELAI,0.0,HA
298,894,35,JAWA TIMUR,3575,KOTA PASURUAN,2020-08,2020,PADI,0.0,HA
303,907,35,JAWA TIMUR,3576,KOTA MOJOKERTO,2020-08,2020,JAGUNG,0.0,HA
303,908,35,JAWA TIMUR,3576,KOTA MOJOKERTO,2020-08,2020,KEDELAI,0.0,HA
303,909,35,JAWA TIMUR,3576,KOTA MOJOKERTO,2020-08,2020,PADI,0.0,HA
299,895,35,JAWA TIMUR,3577,KOTA MADIUN,2020-08,2020,JAGUNG,0.0,HA
299,896,35,JAWA TIMUR,3577,KOTA MADIUN,2020-08,2020,KEDELAI,0.0,HA
299,897,35,JAWA TIMUR,3577,KOTA MADIUN,2020-08,2020,PADI,0.0,HA
304,910,35,JAWA TIMUR,3578,KOTA SURABAYA,2020-08,2020,JAGUNG,0.0,HA
304,911,35,JAWA TIMUR,3578,KOTA SURABAYA,2020-08,2020,KEDELAI,0.0,HA
304,912,35,JAWA TIMUR,3578,KOTA SURABAYA,2020-08,2020,PADI,0.0,HA
300,898,35,JAWA TIMUR,3579,KOTA BATU,2020-08,2020,JAGUNG,0.0,HA
300,899,35,JAWA TIMUR,3579,KOTA BATU,2020-08,2020,KEDELAI,0.0,HA
300,900,35,JAWA TIMUR,3579,KOTA BATU,2020-08,2020,PADI,0.0,HA
305,913,35,JAWA TIMUR,3501,KABUPATEN PACITAN,2020-09,2020,JAGUNG,0.0,HA
305,914,35,JAWA TIMUR,3501,KABUPATEN PACITAN,2020-09,2020,KEDELAI,0.0,HA
305,915,35,JAWA TIMUR,3501,KABUPATEN PACITAN,2020-09,2020,PADI,0.0,HA
306,916,35,JAWA TIMUR,3502,KABUPATEN PONOROGO,2020-09,2020,JAGUNG,0.0,HA
306,917,35,JAWA TIMUR,3502,KABUPATEN PONOROGO,2020-09,2020,KEDELAI,0.0,HA
306,918,35,JAWA TIMUR,3502,KABUPATEN PONOROGO,2020-09,2020,PADI,0.0,HA
307,919,35,JAWA TIMUR,3503,KABUPATEN TRENGGALEK,2020-09,2020,JAGUNG,0.0,HA
307,920,35,JAWA TIMUR,3503,KABUPATEN TRENGGALEK,2020-09,2020,KEDELAI,0.0,HA
307,921,35,JAWA TIMUR,3503,KABUPATEN TRENGGALEK,2020-09,2020,PADI,56.0,HA
308,922,35,JAWA TIMUR,3504,KABUPATEN TULUNGAGUNG,2020-09,2020,JAGUNG,0.0,HA
308,923,35,JAWA TIMUR,3504,KABUPATEN TULUNGAGUNG,2020-09,2020,KEDELAI,0.0,HA
308,924,35,JAWA TIMUR,3504,KABUPATEN TULUNGAGUNG,2020-09,2020,PADI,668.0,HA
309,925,35,JAWA TIMUR,3505,KABUPATEN BLITAR,2020-09,2020,JAGUNG,0.0,HA
309,926,35,JAWA TIMUR,3505,KABUPATEN BLITAR,2020-09,2020,KEDELAI,0.0,HA
309,927,35,JAWA TIMUR,3505,KABUPATEN BLITAR,2020-09,2020,PADI,0.0,HA
310,928,35,JAWA TIMUR,3506,KABUPATEN KEDIRI,2020-09,2020,JAGUNG,0.0,HA
310,929,35,JAWA TIMUR,3506,KABUPATEN KEDIRI,2020-09,2020,KEDELAI,0.0,HA
310,930,35,JAWA TIMUR,3506,KABUPATEN KEDIRI,2020-09,2020,PADI,0.0,HA
311,931,35,JAWA TIMUR,3507,KABUPATEN MALANG,2020-09,2020,JAGUNG,0.0,HA
311,932,35,JAWA TIMUR,3507,KABUPATEN MALANG,2020-09,2020,KEDELAI,0.0,HA
311,933,35,JAWA TIMUR,3507,KABUPATEN MALANG,2020-09,2020,PADI,0.0,HA
312,934,35,JAWA TIMUR,3508,KABUPATEN LUMAJANG,2020-09,2020,JAGUNG,0.0,HA
312,935,35,JAWA TIMUR,3508,KABUPATEN LUMAJANG,2020-09,2020,KEDELAI,0.0,HA
312,936,35,JAWA TIMUR,3508,KABUPATEN LUMAJANG,2020-09,2020,PADI,0.0,HA
313,937,35,JAWA TIMUR,3509,KABUPATEN JEMBER,2020-09,2020,JAGUNG,0.0,HA
313,938,35,JAWA TIMUR,3509,KABUPATEN JEMBER,2020-09,2020,KEDELAI,0.0,HA
313,939,35,JAWA TIMUR,3509,KABUPATEN JEMBER,2020-09,2020,PADI,0.0,HA
314,940,35,JAWA TIMUR,3510,KABUPATEN BANYUWANGI,2020-09,2020,JAGUNG,0.0,HA
314,941,35,JAWA TIMUR,3510,KABUPATEN BANYUWANGI,2020-09,2020,KEDELAI,0.0,HA
314,942,35,JAWA TIMUR,3510,KABUPATEN BANYUWANGI,2020-09,2020,PADI,0.0,HA
315,943,35,JAWA TIMUR,3511,KABUPATEN BONDOWOSO,2020-09,2020,JAGUNG,2.3,HA
315,944,35,JAWA TIMUR,3511,KABUPATEN BONDOWOSO,2020-09,2020,KEDELAI,0.0,HA
315,945,35,JAWA TIMUR,3511,KABUPATEN BONDOWOSO,2020-09,2020,PADI,0.0,HA
316,946,35,JAWA TIMUR,3512,KABUPATEN SITUBONDO,2020-09,2020,JAGUNG,0.0,HA
316,947,35,JAWA TIMUR,3512,KABUPATEN SITUBONDO,2020-09,2020,KEDELAI,0.0,HA
316,948,35,JAWA TIMUR,3512,KABUPATEN SITUBONDO,2020-09,2020,PADI,0.0,HA
317,949,35,JAWA TIMUR,3513,KABUPATEN PROBOLINGGO,2020-09,2020,JAGUNG,0.0,HA
317,950,35,JAWA TIMUR,3513,KABUPATEN PROBOLINGGO,2020-09,2020,KEDELAI,0.0,HA
317,951,35,JAWA TIMUR,3513,KABUPATEN PROBOLINGGO,2020-09,2020,PADI,0.0,HA
318,952,35,JAWA TIMUR,3514,KABUPATEN PASURUAN,2020-09,2020,JAGUNG,0.0,HA
318,953,35,JAWA TIMUR,3514,KABUPATEN PASURUAN,2020-09,2020,KEDELAI,0.0,HA
318,954,35,JAWA TIMUR,3514,KABUPATEN PASURUAN,2020-09,2020,PADI,0.0,HA
319,955,35,JAWA TIMUR,3515,KABUPATEN SIDOARJO,2020-09,2020,JAGUNG,0.0,HA
319,956,35,JAWA TIMUR,3515,KABUPATEN SIDOARJO,2020-09,2020,KEDELAI,0.0,HA
319,957,35,JAWA TIMUR,3515,KABUPATEN SIDOARJO,2020-09,2020,PADI,12.5,HA
320,958,35,JAWA TIMUR,3516,KABUPATEN MOJOKERTO,2020-09,2020,JAGUNG,0.0,HA
320,959,35,JAWA TIMUR,3516,KABUPATEN MOJOKERTO,2020-09,2020,KEDELAI,0.0,HA
320,960,35,JAWA TIMUR,3516,KABUPATEN MOJOKERTO,2020-09,2020,PADI,0.0,HA
321,961,35,JAWA TIMUR,3517,KABUPATEN JOMBANG,2020-09,2020,JAGUNG,0.0,HA
321,962,35,JAWA TIMUR,3517,KABUPATEN JOMBANG,2020-09,2020,KEDELAI,0.0,HA
321,963,35,JAWA TIMUR,3517,KABUPATEN JOMBANG,2020-09,2020,PADI,0.0,HA
322,964,35,JAWA TIMUR,3518,KABUPATEN NGANJUK,2020-09,2020,JAGUNG,0.0,HA
322,965,35,JAWA TIMUR,3518,KABUPATEN NGANJUK,2020-09,2020,KEDELAI,0.0,HA
322,966,35,JAWA TIMUR,3518,KABUPATEN NGANJUK,2020-09,2020,PADI,0.0,HA
323,967,35,JAWA TIMUR,3519,KABUPATEN MADIUN,2020-09,2020,JAGUNG,0.0,HA
323,968,35,JAWA TIMUR,3519,KABUPATEN MADIUN,2020-09,2020,KEDELAI,0.0,HA
323,969,35,JAWA TIMUR,3519,KABUPATEN MADIUN,2020-09,2020,PADI,0.0,HA
324,970,35,JAWA TIMUR,3520,KABUPATEN MAGETAN,2020-09,2020,JAGUNG,0.0,HA
324,971,35,JAWA TIMUR,3520,KABUPATEN MAGETAN,2020-09,2020,KEDELAI,0.0,HA
324,972,35,JAWA TIMUR,3520,KABUPATEN MAGETAN,2020-09,2020,PADI,1.0,HA
325,973,35,JAWA TIMUR,3521,KABUPATEN NGAWI,2020-09,2020,JAGUNG,0.0,HA
325,974,35,JAWA TIMUR,3521,KABUPATEN NGAWI,2020-09,2020,KEDELAI,0.0,HA
325,975,35,JAWA TIMUR,3521,KABUPATEN NGAWI,2020-09,2020,PADI,0.0,HA
326,976,35,JAWA TIMUR,3522,KABUPATEN BOJONEGORO,2020-09,2020,JAGUNG,0.0,HA
326,977,35,JAWA TIMUR,3522,KABUPATEN BOJONEGORO,2020-09,2020,KEDELAI,0.0,HA
326,978,35,JAWA TIMUR,3522,KABUPATEN BOJONEGORO,2020-09,2020,PADI,109.0,HA
327,979,35,JAWA TIMUR,3523,KABUPATEN TUBAN,2020-09,2020,JAGUNG,0.0,HA
327,980,35,JAWA TIMUR,3523,KABUPATEN TUBAN,2020-09,2020,KEDELAI,0.0,HA
327,981,35,JAWA TIMUR,3523,KABUPATEN TUBAN,2020-09,2020,PADI,0.0,HA
328,982,35,JAWA TIMUR,3524,KABUPATEN LAMONGAN,2020-09,2020,JAGUNG,0.0,HA
328,983,35,JAWA TIMUR,3524,KABUPATEN LAMONGAN,2020-09,2020,KEDELAI,0.0,HA
328,984,35,JAWA TIMUR,3524,KABUPATEN LAMONGAN,2020-09,2020,PADI,0.0,HA
329,985,35,JAWA TIMUR,3525,KABUPATEN GRESIK,2020-09,2020,JAGUNG,0.0,HA
329,986,35,JAWA TIMUR,3525,KABUPATEN GRESIK,2020-09,2020,KEDELAI,0.0,HA
329,987,35,JAWA TIMUR,3525,KABUPATEN GRESIK,2020-09,2020,PADI,10.0,HA
330,988,35,JAWA TIMUR,3526,KABUPATEN BANGKALAN,2020-09,2020,JAGUNG,0.0,HA
330,989,35,JAWA TIMUR,3526,KABUPATEN BANGKALAN,2020-09,2020,KEDELAI,0.0,HA
330,990,35,JAWA TIMUR,3526,KABUPATEN BANGKALAN,2020-09,2020,PADI,0.0,HA
331,991,35,JAWA TIMUR,3527,KABUPATEN SAMPANG,2020-09,2020,JAGUNG,0.0,HA
331,992,35,JAWA TIMUR,3527,KABUPATEN SAMPANG,2020-09,2020,KEDELAI,0.0,HA
331,993,35,JAWA TIMUR,3527,KABUPATEN SAMPANG,2020-09,2020,PADI,0.0,HA
332,994,35,JAWA TIMUR,3528,KABUPATEN PAMEKASAN,2020-09,2020,JAGUNG,0.0,HA
332,995,35,JAWA TIMUR,3528,KABUPATEN PAMEKASAN,2020-09,2020,KEDELAI,0.0,HA
332,996,35,JAWA TIMUR,3528,KABUPATEN PAMEKASAN,2020-09,2020,PADI,0.0,HA
333,997,35,JAWA TIMUR,3529,KABUPATEN SUMENEP,2020-09,2020,JAGUNG,0.0,HA
333,998,35,JAWA TIMUR,3529,KABUPATEN SUMENEP,2020-09,2020,KEDELAI,0.0,HA
333,999,35,JAWA TIMUR,3529,KABUPATEN SUMENEP,2020-09,2020,PADI,0.0,HA
334,1000,35,JAWA TIMUR,3571,KOTA KEDIRI,2020-09,2020,JAGUNG,0.0,HA
334,1001,35,JAWA TIMUR,3571,KOTA KEDIRI,2020-09,2020,KEDELAI,0.0,HA
334,1002,35,JAWA TIMUR,3571,KOTA KEDIRI,2020-09,2020,PADI,0.0,HA
339,1015,35,JAWA TIMUR,3572,KOTA BLITAR,2020-09,2020,JAGUNG,0.0,HA
339,1016,35,JAWA TIMUR,3572,KOTA BLITAR,2020-09,2020,KEDELAI,0.0,HA
339,1017,35,JAWA TIMUR,3572,KOTA BLITAR,2020-09,2020,PADI,0.0,HA
340,1018,35,JAWA TIMUR,3573,KOTA MALANG,2020-09,2020,JAGUNG,0.0,HA
340,1019,35,JAWA TIMUR,3573,KOTA MALANG,2020-09,2020,KEDELAI,0.0,HA
340,1020,35,JAWA TIMUR,3573,KOTA MALANG,2020-09,2020,PADI,0.0,HA
335,1003,35,JAWA TIMUR,3574,KOTA PROBOLINGGO,2020-09,2020,JAGUNG,0.0,HA
335,1004,35,JAWA TIMUR,3574,KOTA PROBOLINGGO,2020-09,2020,KEDELAI,0.0,HA
335,1005,35,JAWA TIMUR,3574,KOTA PROBOLINGGO,2020-09,2020,PADI,0.0,HA
336,1006,35,JAWA TIMUR,3575,KOTA PASURUAN,2020-09,2020,JAGUNG,0.0,HA
336,1007,35,JAWA TIMUR,3575,KOTA PASURUAN,2020-09,2020,KEDELAI,0.0,HA
336,1008,35,JAWA TIMUR,3575,KOTA PASURUAN,2020-09,2020,PADI,0.0,HA
341,1021,35,JAWA TIMUR,3576,KOTA MOJOKERTO,2020-09,2020,JAGUNG,0.0,HA
341,1022,35,JAWA TIMUR,3576,KOTA MOJOKERTO,2020-09,2020,KEDELAI,0.0,HA
341,1023,35,JAWA TIMUR,3576,KOTA MOJOKERTO,2020-09,2020,PADI,0.0,HA
337,1009,35,JAWA TIMUR,3577,KOTA MADIUN,2020-09,2020,JAGUNG,0.0,HA
337,1010,35,JAWA TIMUR,3577,KOTA MADIUN,2020-09,2020,KEDELAI,0.0,HA
337,1011,35,JAWA TIMUR,3577,KOTA MADIUN,2020-09,2020,PADI,0.0,HA
342,1024,35,JAWA TIMUR,3578,KOTA SURABAYA,2020-09,2020,JAGUNG,0.0,HA
342,1025,35,JAWA TIMUR,3578,KOTA SURABAYA,2020-09,2020,KEDELAI,0.0,HA
342,1026,35,JAWA TIMUR,3578,KOTA SURABAYA,2020-09,2020,PADI,0.0,HA
338,1012,35,JAWA TIMUR,3579,KOTA BATU,2020-09,2020,JAGUNG,0.0,HA
338,1013,35,JAWA TIMUR,3579,KOTA BATU,2020-09,2020,KEDELAI,0.0,HA
338,1014,35,JAWA TIMUR,3579,KOTA BATU,2020-09,2020,PADI,0.0,HA
343,1027,35,JAWA TIMUR,3501,KABUPATEN PACITAN,2020-10,2020,JAGUNG,0.0,HA
343,1028,35,JAWA TIMUR,3501,KABUPATEN PACITAN,2020-10,2020,KEDELAI,0.0,HA
343,1029,35,JAWA TIMUR,3501,KABUPATEN PACITAN,2020-10,2020,PADI,0.0,HA
344,1030,35,JAWA TIMUR,3502,KABUPATEN PONOROGO,2020-10,2020,JAGUNG,0.0,HA
344,1031,35,JAWA TIMUR,3502,KABUPATEN PONOROGO,2020-10,2020,KEDELAI,0.0,HA
344,1032,35,JAWA TIMUR,3502,KABUPATEN PONOROGO,2020-10,2020,PADI,0.0,HA
345,1033,35,JAWA TIMUR,3503,KABUPATEN TRENGGALEK,2020-10,2020,JAGUNG,0.0,HA
345,1034,35,JAWA TIMUR,3503,KABUPATEN TRENGGALEK,2020-10,2020,KEDELAI,0.0,HA
345,1035,35,JAWA TIMUR,3503,KABUPATEN TRENGGALEK,2020-10,2020,PADI,0.0,HA
346,1036,35,JAWA TIMUR,3504,KABUPATEN TULUNGAGUNG,2020-10,2020,JAGUNG,0.0,HA
346,1037,35,JAWA TIMUR,3504,KABUPATEN TULUNGAGUNG,2020-10,2020,KEDELAI,0.0,HA
346,1038,35,JAWA TIMUR,3504,KABUPATEN TULUNGAGUNG,2020-10,2020,PADI,0.0,HA
347,1039,35,JAWA TIMUR,3505,KABUPATEN BLITAR,2020-10,2020,JAGUNG,0.0,HA
347,1040,35,JAWA TIMUR,3505,KABUPATEN BLITAR,2020-10,2020,KEDELAI,0.0,HA
347,1041,35,JAWA TIMUR,3505,KABUPATEN BLITAR,2020-10,2020,PADI,0.0,HA
348,1042,35,JAWA TIMUR,3506,KABUPATEN KEDIRI,2020-10,2020,JAGUNG,0.0,HA
348,1043,35,JAWA TIMUR,3506,KABUPATEN KEDIRI,2020-10,2020,KEDELAI,0.0,HA
348,1044,35,JAWA TIMUR,3506,KABUPATEN KEDIRI,2020-10,2020,PADI,0.0,HA
349,1045,35,JAWA TIMUR,3507,KABUPATEN MALANG,2020-10,2020,JAGUNG,0.0,HA
349,1046,35,JAWA TIMUR,3507,KABUPATEN MALANG,2020-10,2020,KEDELAI,0.0,HA
349,1047,35,JAWA TIMUR,3507,KABUPATEN MALANG,2020-10,2020,PADI,0.0,HA
350,1048,35,JAWA TIMUR,3508,KABUPATEN LUMAJANG,2020-10,2020,JAGUNG,0.0,HA
350,1049,35,JAWA TIMUR,3508,KABUPATEN LUMAJANG,2020-10,2020,KEDELAI,0.0,HA
350,1050,35,JAWA TIMUR,3508,KABUPATEN LUMAJANG,2020-10,2020,PADI,0.0,HA
351,1051,35,JAWA TIMUR,3509,KABUPATEN JEMBER,2020-10,2020,JAGUNG,0.8,HA
351,1052,35,JAWA TIMUR,3509,KABUPATEN JEMBER,2020-10,2020,KEDELAI,0.0,HA
351,1053,35,JAWA TIMUR,3509,KABUPATEN JEMBER,2020-10,2020,PADI,0.0,HA
352,1054,35,JAWA TIMUR,3510,KABUPATEN BANYUWANGI,2020-10,2020,JAGUNG,0.0,HA
352,1055,35,JAWA TIMUR,3510,KABUPATEN BANYUWANGI,2020-10,2020,KEDELAI,0.0,HA
352,1056,35,JAWA TIMUR,3510,KABUPATEN BANYUWANGI,2020-10,2020,PADI,0.0,HA
353,1057,35,JAWA TIMUR,3511,KABUPATEN BONDOWOSO,2020-10,2020,JAGUNG,0.0,HA
353,1058,35,JAWA TIMUR,3511,KABUPATEN BONDOWOSO,2020-10,2020,KEDELAI,0.0,HA
353,1059,35,JAWA TIMUR,3511,KABUPATEN BONDOWOSO,2020-10,2020,PADI,0.0,HA
354,1060,35,JAWA TIMUR,3512,KABUPATEN SITUBONDO,2020-10,2020,JAGUNG,0.0,HA
354,1061,35,JAWA TIMUR,3512,KABUPATEN SITUBONDO,2020-10,2020,KEDELAI,0.0,HA
354,1062,35,JAWA TIMUR,3512,KABUPATEN SITUBONDO,2020-10,2020,PADI,0.0,HA
355,1063,35,JAWA TIMUR,3513,KABUPATEN PROBOLINGGO,2020-10,2020,JAGUNG,0.0,HA
355,1064,35,JAWA TIMUR,3513,KABUPATEN PROBOLINGGO,2020-10,2020,KEDELAI,0.0,HA
355,1065,35,JAWA TIMUR,3513,KABUPATEN PROBOLINGGO,2020-10,2020,PADI,0.0,HA
356,1066,35,JAWA TIMUR,3514,KABUPATEN PASURUAN,2020-10,2020,JAGUNG,0.0,HA
356,1067,35,JAWA TIMUR,3514,KABUPATEN PASURUAN,2020-10,2020,KEDELAI,0.0,HA
356,1068,35,JAWA TIMUR,3514,KABUPATEN PASURUAN,2020-10,2020,PADI,0.0,HA
357,1069,35,JAWA TIMUR,3515,KABUPATEN SIDOARJO,2020-10,2020,JAGUNG,0.0,HA
357,1070,35,JAWA TIMUR,3515,KABUPATEN SIDOARJO,2020-10,2020,KEDELAI,0.0,HA
357,1071,35,JAWA TIMUR,3515,KABUPATEN SIDOARJO,2020-10,2020,PADI,0.0,HA
358,1072,35,JAWA TIMUR,3516,KABUPATEN MOJOKERTO,2020-10,2020,JAGUNG,0.0,HA
358,1073,35,JAWA TIMUR,3516,KABUPATEN MOJOKERTO,2020-10,2020,KEDELAI,0.0,HA
358,1074,35,JAWA TIMUR,3516,KABUPATEN MOJOKERTO,2020-10,2020,PADI,0.0,HA
359,1075,35,JAWA TIMUR,3517,KABUPATEN JOMBANG,2020-10,2020,JAGUNG,0.0,HA
359,1076,35,JAWA TIMUR,3517,KABUPATEN JOMBANG,2020-10,2020,KEDELAI,0.0,HA
359,1077,35,JAWA TIMUR,3517,KABUPATEN JOMBANG,2020-10,2020,PADI,0.0,HA
360,1078,35,JAWA TIMUR,3518,KABUPATEN NGANJUK,2020-10,2020,JAGUNG,0.0,HA
360,1079,35,JAWA TIMUR,3518,KABUPATEN NGANJUK,2020-10,2020,KEDELAI,0.0,HA
360,1080,35,JAWA TIMUR,3518,KABUPATEN NGANJUK,2020-10,2020,PADI,0.0,HA
361,1081,35,JAWA TIMUR,3519,KABUPATEN MADIUN,2020-10,2020,JAGUNG,0.0,HA
361,1082,35,JAWA TIMUR,3519,KABUPATEN MADIUN,2020-10,2020,KEDELAI,0.0,HA
361,1083,35,JAWA TIMUR,3519,KABUPATEN MADIUN,2020-10,2020,PADI,0.0,HA
362,1084,35,JAWA TIMUR,3520,KABUPATEN MAGETAN,2020-10,2020,JAGUNG,35.86,HA
362,1085,35,JAWA TIMUR,3520,KABUPATEN MAGETAN,2020-10,2020,KEDELAI,0.0,HA
362,1086,35,JAWA TIMUR,3520,KABUPATEN MAGETAN,2020-10,2020,PADI,35.86,HA
363,1087,35,JAWA TIMUR,3521,KABUPATEN NGAWI,2020-10,2020,JAGUNG,0.0,HA
363,1088,35,JAWA TIMUR,3521,KABUPATEN NGAWI,2020-10,2020,KEDELAI,0.0,HA
363,1089,35,JAWA TIMUR,3521,KABUPATEN NGAWI,2020-10,2020,PADI,0.25,HA
364,1090,35,JAWA TIMUR,3522,KABUPATEN BOJONEGORO,2020-10,2020,JAGUNG,1.5,HA
364,1091,35,JAWA TIMUR,3522,KABUPATEN BOJONEGORO,2020-10,2020,KEDELAI,0.0,HA
364,1092,35,JAWA TIMUR,3522,KABUPATEN BOJONEGORO,2020-10,2020,PADI,1.5,HA
365,1093,35,JAWA TIMUR,3523,KABUPATEN TUBAN,2020-10,2020,JAGUNG,0.0,HA
365,1094,35,JAWA TIMUR,3523,KABUPATEN TUBAN,2020-10,2020,KEDELAI,0.0,HA
365,1095,35,JAWA TIMUR,3523,KABUPATEN TUBAN,2020-10,2020,PADI,0.0,HA
366,1096,35,JAWA TIMUR,3524,KABUPATEN LAMONGAN,2020-10,2020,JAGUNG,0.0,HA
366,1097,35,JAWA TIMUR,3524,KABUPATEN LAMONGAN,2020-10,2020,KEDELAI,0.0,HA
366,1098,35,JAWA TIMUR,3524,KABUPATEN LAMONGAN,2020-10,2020,PADI,0.0,HA
367,1099,35,JAWA TIMUR,3525,KABUPATEN GRESIK,2020-10,2020,JAGUNG,0.0,HA
367,1100,35,JAWA TIMUR,3525,KABUPATEN GRESIK,2020-10,2020,KEDELAI,0.0,HA
367,1101,35,JAWA TIMUR,3525,KABUPATEN GRESIK,2020-10,2020,PADI,0.0,HA
368,1102,35,JAWA TIMUR,3526,KABUPATEN BANGKALAN,2020-10,2020,JAGUNG,0.0,HA
368,1103,35,JAWA TIMUR,3526,KABUPATEN BANGKALAN,2020-10,2020,KEDELAI,0.0,HA
368,1104,35,JAWA TIMUR,3526,KABUPATEN BANGKALAN,2020-10,2020,PADI,0.0,HA
369,1105,35,JAWA TIMUR,3527,KABUPATEN SAMPANG,2020-10,2020,JAGUNG,0.0,HA
369,1106,35,JAWA TIMUR,3527,KABUPATEN SAMPANG,2020-10,2020,KEDELAI,0.0,HA
369,1107,35,JAWA TIMUR,3527,KABUPATEN SAMPANG,2020-10,2020,PADI,0.0,HA
370,1108,35,JAWA TIMUR,3528,KABUPATEN PAMEKASAN,2020-10,2020,JAGUNG,0.0,HA
370,1109,35,JAWA TIMUR,3528,KABUPATEN PAMEKASAN,2020-10,2020,KEDELAI,0.0,HA
370,1110,35,JAWA TIMUR,3528,KABUPATEN PAMEKASAN,2020-10,2020,PADI,0.0,HA
371,1111,35,JAWA TIMUR,3529,KABUPATEN SUMENEP,2020-10,2020,JAGUNG,0.0,HA
371,1112,35,JAWA TIMUR,3529,KABUPATEN SUMENEP,2020-10,2020,KEDELAI,0.0,HA
371,1113,35,JAWA TIMUR,3529,KABUPATEN SUMENEP,2020-10,2020,PADI,0.0,HA
372,1114,35,JAWA TIMUR,3571,KOTA KEDIRI,2020-10,2020,JAGUNG,0.0,HA
372,1115,35,JAWA TIMUR,3571,KOTA KEDIRI,2020-10,2020,KEDELAI,0.0,HA
372,1116,35,JAWA TIMUR,3571,KOTA KEDIRI,2020-10,2020,PADI,0.0,HA
377,1129,35,JAWA TIMUR,3572,KOTA BLITAR,2020-10,2020,JAGUNG,0.0,HA
377,1130,35,JAWA TIMUR,3572,KOTA BLITAR,2020-10,2020,KEDELAI,0.0,HA
377,1131,35,JAWA TIMUR,3572,KOTA BLITAR,2020-10,2020,PADI,0.0,HA
378,1132,35,JAWA TIMUR,3573,KOTA MALANG,2020-10,2020,JAGUNG,0.0,HA
378,1133,35,JAWA TIMUR,3573,KOTA MALANG,2020-10,2020,KEDELAI,0.0,HA
378,1134,35,JAWA TIMUR,3573,KOTA MALANG,2020-10,2020,PADI,0.0,HA
373,1117,35,JAWA TIMUR,3574,KOTA PROBOLINGGO,2020-10,2020,JAGUNG,0.0,HA
373,1118,35,JAWA TIMUR,3574,KOTA PROBOLINGGO,2020-10,2020,KEDELAI,0.0,HA
373,1119,35,JAWA TIMUR,3574,KOTA PROBOLINGGO,2020-10,2020,PADI,0.0,HA
374,1120,35,JAWA TIMUR,3575,KOTA PASURUAN,2020-10,2020,JAGUNG,0.0,HA
374,1121,35,JAWA TIMUR,3575,KOTA PASURUAN,2020-10,2020,KEDELAI,0.0,HA
374,1122,35,JAWA TIMUR,3575,KOTA PASURUAN,2020-10,2020,PADI,0.0,HA
379,1135,35,JAWA TIMUR,3576,KOTA MOJOKERTO,2020-10,2020,JAGUNG,0.0,HA
379,1136,35,JAWA TIMUR,3576,KOTA MOJOKERTO,2020-10,2020,KEDELAI,0.0,HA
379,1137,35,JAWA TIMUR,3576,KOTA MOJOKERTO,2020-10,2020,PADI,0.0,HA
375,1123,35,JAWA TIMUR,3577,KOTA MADIUN,2020-10,2020,JAGUNG,0.0,HA
375,1124,35,JAWA TIMUR,3577,KOTA MADIUN,2020-10,2020,KEDELAI,0.0,HA
375,1125,35,JAWA TIMUR,3577,KOTA MADIUN,2020-10,2020,PADI,0.0,HA
380,1138,35,JAWA TIMUR,3578,KOTA SURABAYA,2020-10,2020,JAGUNG,0.0,HA
380,1139,35,JAWA TIMUR,3578,KOTA SURABAYA,2020-10,2020,KEDELAI,0.0,HA
380,1140,35,JAWA TIMUR,3578,KOTA SURABAYA,2020-10,2020,PADI,0.0,HA
376,1126,35,JAWA TIMUR,3579,KOTA BATU,2020-10,2020,JAGUNG,0.0,HA
376,1127,35,JAWA TIMUR,3579,KOTA BATU,2020-10,2020,KEDELAI,0.0,HA
376,1128,35,JAWA TIMUR,3579,KOTA BATU,2020-10,2020,PADI,0.0,HA
381,1141,35,JAWA TIMUR,3501,KABUPATEN PACITAN,2020-11,2020,JAGUNG,0.0,HA
381,1142,35,JAWA TIMUR,3501,KABUPATEN PACITAN,2020-11,2020,KEDELAI,0.0,HA
381,1143,35,JAWA TIMUR,3501,KABUPATEN PACITAN,2020-11,2020,PADI,0.0,HA
382,1144,35,JAWA TIMUR,3502,KABUPATEN PONOROGO,2020-11,2020,JAGUNG,0.0,HA
382,1145,35,JAWA TIMUR,3502,KABUPATEN PONOROGO,2020-11,2020,KEDELAI,0.0,HA
382,1146,35,JAWA TIMUR,3502,KABUPATEN PONOROGO,2020-11,2020,PADI,0.0,HA
383,1147,35,JAWA TIMUR,3503,KABUPATEN TRENGGALEK,2020-11,2020,JAGUNG,0.0,HA
383,1148,35,JAWA TIMUR,3503,KABUPATEN TRENGGALEK,2020-11,2020,KEDELAI,0.0,HA
383,1149,35,JAWA TIMUR,3503,KABUPATEN TRENGGALEK,2020-11,2020,PADI,0.0,HA
384,1150,35,JAWA TIMUR,3504,KABUPATEN TULUNGAGUNG,2020-11,2020,JAGUNG,0.0,HA
384,1151,35,JAWA TIMUR,3504,KABUPATEN TULUNGAGUNG,2020-11,2020,KEDELAI,0.0,HA
384,1152,35,JAWA TIMUR,3504,KABUPATEN TULUNGAGUNG,2020-11,2020,PADI,0.0,HA
385,1153,35,JAWA TIMUR,3505,KABUPATEN BLITAR,2020-11,2020,JAGUNG,0.0,HA
385,1154,35,JAWA TIMUR,3505,KABUPATEN BLITAR,2020-11,2020,KEDELAI,0.0,HA
385,1155,35,JAWA TIMUR,3505,KABUPATEN BLITAR,2020-11,2020,PADI,0.0,HA
386,1156,35,JAWA TIMUR,3506,KABUPATEN KEDIRI,2020-11,2020,JAGUNG,0.0,HA
386,1157,35,JAWA TIMUR,3506,KABUPATEN KEDIRI,2020-11,2020,KEDELAI,0.0,HA
386,1158,35,JAWA TIMUR,3506,KABUPATEN KEDIRI,2020-11,2020,PADI,0.0,HA
387,1159,35,JAWA TIMUR,3507,KABUPATEN MALANG,2020-11,2020,JAGUNG,0.0,HA
387,1160,35,JAWA TIMUR,3507,KABUPATEN MALANG,2020-11,2020,KEDELAI,0.0,HA
387,1161,35,JAWA TIMUR,3507,KABUPATEN MALANG,2020-11,2020,PADI,0.0,HA
388,1162,35,JAWA TIMUR,3508,KABUPATEN LUMAJANG,2020-11,2020,JAGUNG,0.0,HA
388,1163,35,JAWA TIMUR,3508,KABUPATEN LUMAJANG,2020-11,2020,KEDELAI,0.0,HA
388,1164,35,JAWA TIMUR,3508,KABUPATEN LUMAJANG,2020-11,2020,PADI,0.0,HA
389,1165,35,JAWA TIMUR,3509,KABUPATEN JEMBER,2020-11,2020,JAGUNG,0.0,HA
389,1166,35,JAWA TIMUR,3509,KABUPATEN JEMBER,2020-11,2020,KEDELAI,0.0,HA
389,1167,35,JAWA TIMUR,3509,KABUPATEN JEMBER,2020-11,2020,PADI,0.0,HA
390,1168,35,JAWA TIMUR,3510,KABUPATEN BANYUWANGI,2020-11,2020,JAGUNG,0.0,HA
390,1169,35,JAWA TIMUR,3510,KABUPATEN BANYUWANGI,2020-11,2020,KEDELAI,0.0,HA
390,1170,35,JAWA TIMUR,3510,KABUPATEN BANYUWANGI,2020-11,2020,PADI,0.0,HA
391,1171,35,JAWA TIMUR,3511,KABUPATEN BONDOWOSO,2020-11,2020,JAGUNG,0.0,HA
391,1172,35,JAWA TIMUR,3511,KABUPATEN BONDOWOSO,2020-11,2020,KEDELAI,0.0,HA
391,1173,35,JAWA TIMUR,3511,KABUPATEN BONDOWOSO,2020-11,2020,PADI,0.0,HA
392,1174,35,JAWA TIMUR,3512,KABUPATEN SITUBONDO,2020-11,2020,JAGUNG,0.0,HA
392,1175,35,JAWA TIMUR,3512,KABUPATEN SITUBONDO,2020-11,2020,KEDELAI,0.0,HA
392,1176,35,JAWA TIMUR,3512,KABUPATEN SITUBONDO,2020-11,2020,PADI,0.0,HA
393,1177,35,JAWA TIMUR,3513,KABUPATEN PROBOLINGGO,2020-11,2020,JAGUNG,0.0,HA
393,1178,35,JAWA TIMUR,3513,KABUPATEN PROBOLINGGO,2020-11,2020,KEDELAI,0.0,HA
393,1179,35,JAWA TIMUR,3513,KABUPATEN PROBOLINGGO,2020-11,2020,PADI,0.0,HA
394,1180,35,JAWA TIMUR,3514,KABUPATEN PASURUAN,2020-11,2020,JAGUNG,0.0,HA
394,1181,35,JAWA TIMUR,3514,KABUPATEN PASURUAN,2020-11,2020,KEDELAI,0.0,HA
394,1182,35,JAWA TIMUR,3514,KABUPATEN PASURUAN,2020-11,2020,PADI,0.0,HA
395,1183,35,JAWA TIMUR,3515,KABUPATEN SIDOARJO,2020-11,2020,JAGUNG,0.0,HA
395,1184,35,JAWA TIMUR,3515,KABUPATEN SIDOARJO,2020-11,2020,KEDELAI,0.0,HA
395,1185,35,JAWA TIMUR,3515,KABUPATEN SIDOARJO,2020-11,2020,PADI,0.0,HA
396,1186,35,JAWA TIMUR,3516,KABUPATEN MOJOKERTO,2020-11,2020,JAGUNG,0.0,HA
396,1187,35,JAWA TIMUR,3516,KABUPATEN MOJOKERTO,2020-11,2020,KEDELAI,0.0,HA
396,1188,35,JAWA TIMUR,3516,KABUPATEN MOJOKERTO,2020-11,2020,PADI,0.0,HA
397,1189,35,JAWA TIMUR,3517,KABUPATEN JOMBANG,2020-11,2020,JAGUNG,0.0,HA
397,1190,35,JAWA TIMUR,3517,KABUPATEN JOMBANG,2020-11,2020,KEDELAI,0.0,HA
397,1191,35,JAWA TIMUR,3517,KABUPATEN JOMBANG,2020-11,2020,PADI,0.0,HA
398,1192,35,JAWA TIMUR,3518,KABUPATEN NGANJUK,2020-11,2020,JAGUNG,0.0,HA
398,1193,35,JAWA TIMUR,3518,KABUPATEN NGANJUK,2020-11,2020,KEDELAI,0.0,HA
398,1194,35,JAWA TIMUR,3518,KABUPATEN NGANJUK,2020-11,2020,PADI,0.0,HA
399,1195,35,JAWA TIMUR,3519,KABUPATEN MADIUN,2020-11,2020,JAGUNG,0.0,HA
399,1196,35,JAWA TIMUR,3519,KABUPATEN MADIUN,2020-11,2020,KEDELAI,0.0,HA
399,1197,35,JAWA TIMUR,3519,KABUPATEN MADIUN,2020-11,2020,PADI,0.0,HA
400,1198,35,JAWA TIMUR,3520,KABUPATEN MAGETAN,2020-11,2020,JAGUNG,0.0,HA
400,1199,35,JAWA TIMUR,3520,KABUPATEN MAGETAN,2020-11,2020,KEDELAI,0.0,HA
400,1200,35,JAWA TIMUR,3520,KABUPATEN MAGETAN,2020-11,2020,PADI,0.0,HA
401,1201,35,JAWA TIMUR,3521,KABUPATEN NGAWI,2020-11,2020,JAGUNG,0.0,HA
401,1202,35,JAWA TIMUR,3521,KABUPATEN NGAWI,2020-11,2020,KEDELAI,0.0,HA
401,1203,35,JAWA TIMUR,3521,KABUPATEN NGAWI,2020-11,2020,PADI,0.0,HA
402,1204,35,JAWA TIMUR,3522,KABUPATEN BOJONEGORO,2020-11,2020,JAGUNG,0.0,HA
402,1205,35,JAWA TIMUR,3522,KABUPATEN BOJONEGORO,2020-11,2020,KEDELAI,0.0,HA
402,1206,35,JAWA TIMUR,3522,KABUPATEN BOJONEGORO,2020-11,2020,PADI,0.0,HA
403,1207,35,JAWA TIMUR,3523,KABUPATEN TUBAN,2020-11,2020,JAGUNG,0.0,HA
403,1208,35,JAWA TIMUR,3523,KABUPATEN TUBAN,2020-11,2020,KEDELAI,0.0,HA
403,1209,35,JAWA TIMUR,3523,KABUPATEN TUBAN,2020-11,2020,PADI,0.0,HA
404,1210,35,JAWA TIMUR,3524,KABUPATEN LAMONGAN,2020-11,2020,JAGUNG,0.0,HA
404,1211,35,JAWA TIMUR,3524,KABUPATEN LAMONGAN,2020-11,2020,KEDELAI,0.0,HA
404,1212,35,JAWA TIMUR,3524,KABUPATEN LAMONGAN,2020-11,2020,PADI,0.0,HA
405,1213,35,JAWA TIMUR,3525,KABUPATEN GRESIK,2020-11,2020,JAGUNG,0.0,HA
405,1214,35,JAWA TIMUR,3525,KABUPATEN GRESIK,2020-11,2020,KEDELAI,0.0,HA
405,1215,35,JAWA TIMUR,3525,KABUPATEN GRESIK,2020-11,2020,PADI,0.0,HA
406,1216,35,JAWA TIMUR,3526,KABUPATEN BANGKALAN,2020-11,2020,JAGUNG,0.0,HA
406,1217,35,JAWA TIMUR,3526,KABUPATEN BANGKALAN,2020-11,2020,KEDELAI,0.0,HA
406,1218,35,JAWA TIMUR,3526,KABUPATEN BANGKALAN,2020-11,2020,PADI,0.0,HA
407,1219,35,JAWA TIMUR,3527,KABUPATEN SAMPANG,2020-11,2020,JAGUNG,0.0,HA
407,1220,35,JAWA TIMUR,3527,KABUPATEN SAMPANG,2020-11,2020,KEDELAI,0.0,HA
407,1221,35,JAWA TIMUR,3527,KABUPATEN SAMPANG,2020-11,2020,PADI,0.0,HA
408,1222,35,JAWA TIMUR,3528,KABUPATEN PAMEKASAN,2020-11,2020,JAGUNG,0.0,HA
408,1223,35,JAWA TIMUR,3528,KABUPATEN PAMEKASAN,2020-11,2020,KEDELAI,0.0,HA
408,1224,35,JAWA TIMUR,3528,KABUPATEN PAMEKASAN,2020-11,2020,PADI,0.0,HA
409,1225,35,JAWA TIMUR,3529,KABUPATEN SUMENEP,2020-11,2020,JAGUNG,0.0,HA
409,1226,35,JAWA TIMUR,3529,KABUPATEN SUMENEP,2020-11,2020,KEDELAI,0.0,HA
409,1227,35,JAWA TIMUR,3529,KABUPATEN SUMENEP,2020-11,2020,PADI,0.0,HA
410,1228,35,JAWA TIMUR,3571,KOTA KEDIRI,2020-11,2020,JAGUNG,0.0,HA
410,1229,35,JAWA TIMUR,3571,KOTA KEDIRI,2020-11,2020,KEDELAI,0.0,HA
410,1230,35,JAWA TIMUR,3571,KOTA KEDIRI,2020-11,2020,PADI,0.0,HA
415,1243,35,JAWA TIMUR,3572,KOTA BLITAR,2020-11,2020,JAGUNG,0.0,HA
415,1244,35,JAWA TIMUR,3572,KOTA BLITAR,2020-11,2020,KEDELAI,0.0,HA
415,1245,35,JAWA TIMUR,3572,KOTA BLITAR,2020-11,2020,PADI,0.0,HA
416,1246,35,JAWA TIMUR,3573,KOTA MALANG,2020-11,2020,JAGUNG,0.0,HA
416,1247,35,JAWA TIMUR,3573,KOTA MALANG,2020-11,2020,KEDELAI,0.0,HA
416,1248,35,JAWA TIMUR,3573,KOTA MALANG,2020-11,2020,PADI,0.0,HA
411,1231,35,JAWA TIMUR,3574,KOTA PROBOLINGGO,2020-11,2020,JAGUNG,0.0,HA
411,1232,35,JAWA TIMUR,3574,KOTA PROBOLINGGO,2020-11,2020,KEDELAI,0.0,HA
411,1233,35,JAWA TIMUR,3574,KOTA PROBOLINGGO,2020-11,2020,PADI,0.0,HA
412,1234,35,JAWA TIMUR,3575,KOTA PASURUAN,2020-11,2020,JAGUNG,0.0,HA
412,1235,35,JAWA TIMUR,3575,KOTA PASURUAN,2020-11,2020,KEDELAI,0.0,HA
412,1236,35,JAWA TIMUR,3575,KOTA PASURUAN,2020-11,2020,PADI,0.0,HA
417,1249,35,JAWA TIMUR,3576,KOTA MOJOKERTO,2020-11,2020,JAGUNG,0.0,HA
417,1250,35,JAWA TIMUR,3576,KOTA MOJOKERTO,2020-11,2020,KEDELAI,0.0,HA
417,1251,35,JAWA TIMUR,3576,KOTA MOJOKERTO,2020-11,2020,PADI,0.0,HA
413,1237,35,JAWA TIMUR,3577,KOTA MADIUN,2020-11,2020,JAGUNG,0.0,HA
413,1238,35,JAWA TIMUR,3577,KOTA MADIUN,2020-11,2020,KEDELAI,0.0,HA
413,1239,35,JAWA TIMUR,3577,KOTA MADIUN,2020-11,2020,PADI,0.0,HA
418,1252,35,JAWA TIMUR,3578,KOTA SURABAYA,2020-11,2020,JAGUNG,0.0,HA
418,1253,35,JAWA TIMUR,3578,KOTA SURABAYA,2020-11,2020,KEDELAI,0.0,HA
418,1254,35,JAWA TIMUR,3578,KOTA SURABAYA,2020-11,2020,PADI,0.0,HA
414,1240,35,JAWA TIMUR,3579,KOTA BATU,2020-11,2020,JAGUNG,0.0,HA
414,1241,35,JAWA TIMUR,3579,KOTA BATU,2020-11,2020,KEDELAI,0.0,HA
414,1242,35,JAWA TIMUR,3579,KOTA BATU,2020-11,2020,PADI,0.0,HA
419,1255,35,JAWA TIMUR,3501,KABUPATEN PACITAN,2020-12,2020,JAGUNG,0.0,HA
419,1256,35,JAWA TIMUR,3501,KABUPATEN PACITAN,2020-12,2020,KEDELAI,0.0,HA
419,1257,35,JAWA TIMUR,3501,KABUPATEN PACITAN,2020-12,2020,PADI,0.0,HA
420,1258,35,JAWA TIMUR,3502,KABUPATEN PONOROGO,2020-12,2020,JAGUNG,0.0,HA
420,1259,35,JAWA TIMUR,3502,KABUPATEN PONOROGO,2020-12,2020,KEDELAI,0.0,HA
420,1260,35,JAWA TIMUR,3502,KABUPATEN PONOROGO,2020-12,2020,PADI,0.0,HA
421,1261,35,JAWA TIMUR,3503,KABUPATEN TRENGGALEK,2020-12,2020,JAGUNG,0.0,HA
421,1262,35,JAWA TIMUR,3503,KABUPATEN TRENGGALEK,2020-12,2020,KEDELAI,0.0,HA
421,1263,35,JAWA TIMUR,3503,KABUPATEN TRENGGALEK,2020-12,2020,PADI,0.0,HA
422,1264,35,JAWA TIMUR,3504,KABUPATEN TULUNGAGUNG,2020-12,2020,JAGUNG,0.0,HA
422,1265,35,JAWA TIMUR,3504,KABUPATEN TULUNGAGUNG,2020-12,2020,KEDELAI,0.0,HA
422,1266,35,JAWA TIMUR,3504,KABUPATEN TULUNGAGUNG,2020-12,2020,PADI,0.0,HA
423,1267,35,JAWA TIMUR,3505,KABUPATEN BLITAR,2020-12,2020,JAGUNG,0.0,HA
423,1268,35,JAWA TIMUR,3505,KABUPATEN BLITAR,2020-12,2020,KEDELAI,0.0,HA
423,1269,35,JAWA TIMUR,3505,KABUPATEN BLITAR,2020-12,2020,PADI,0.0,HA
424,1270,35,JAWA TIMUR,3506,KABUPATEN KEDIRI,2020-12,2020,JAGUNG,0.0,HA
424,1271,35,JAWA TIMUR,3506,KABUPATEN KEDIRI,2020-12,2020,KEDELAI,0.0,HA
424,1272,35,JAWA TIMUR,3506,KABUPATEN KEDIRI,2020-12,2020,PADI,0.0,HA
425,1273,35,JAWA TIMUR,3507,KABUPATEN MALANG,2020-12,2020,JAGUNG,0.0,HA
425,1274,35,JAWA TIMUR,3507,KABUPATEN MALANG,2020-12,2020,KEDELAI,0.0,HA
425,1275,35,JAWA TIMUR,3507,KABUPATEN MALANG,2020-12,2020,PADI,0.0,HA
426,1276,35,JAWA TIMUR,3508,KABUPATEN LUMAJANG,2020-12,2020,JAGUNG,0.0,HA
426,1277,35,JAWA TIMUR,3508,KABUPATEN LUMAJANG,2020-12,2020,KEDELAI,0.0,HA
426,1278,35,JAWA TIMUR,3508,KABUPATEN LUMAJANG,2020-12,2020,PADI,0.0,HA
427,1279,35,JAWA TIMUR,3509,KABUPATEN JEMBER,2020-12,2020,JAGUNG,0.0,HA
427,1280,35,JAWA TIMUR,3509,KABUPATEN JEMBER,2020-12,2020,KEDELAI,0.0,HA
427,1281,35,JAWA TIMUR,3509,KABUPATEN JEMBER,2020-12,2020,PADI,0.0,HA
428,1282,35,JAWA TIMUR,3510,KABUPATEN BANYUWANGI,2020-12,2020,JAGUNG,0.0,HA
428,1283,35,JAWA TIMUR,3510,KABUPATEN BANYUWANGI,2020-12,2020,KEDELAI,0.0,HA
428,1284,35,JAWA TIMUR,3510,KABUPATEN BANYUWANGI,2020-12,2020,PADI,0.0,HA
429,1285,35,JAWA TIMUR,3511,KABUPATEN BONDOWOSO,2020-12,2020,JAGUNG,0.0,HA
429,1286,35,JAWA TIMUR,3511,KABUPATEN BONDOWOSO,2020-12,2020,KEDELAI,0.0,HA
429,1287,35,JAWA TIMUR,3511,KABUPATEN BONDOWOSO,2020-12,2020,PADI,0.0,HA
430,1288,35,JAWA TIMUR,3512,KABUPATEN SITUBONDO,2020-12,2020,JAGUNG,0.0,HA
430,1289,35,JAWA TIMUR,3512,KABUPATEN SITUBONDO,2020-12,2020,KEDELAI,0.0,HA
430,1290,35,JAWA TIMUR,3512,KABUPATEN SITUBONDO,2020-12,2020,PADI,0.0,HA
431,1291,35,JAWA TIMUR,3513,KABUPATEN PROBOLINGGO,2020-12,2020,JAGUNG,0.0,HA
431,1292,35,JAWA TIMUR,3513,KABUPATEN PROBOLINGGO,2020-12,2020,KEDELAI,0.0,HA
431,1293,35,JAWA TIMUR,3513,KABUPATEN PROBOLINGGO,2020-12,2020,PADI,0.0,HA
432,1294,35,JAWA TIMUR,3514,KABUPATEN PASURUAN,2020-12,2020,JAGUNG,0.0,HA
432,1295,35,JAWA TIMUR,3514,KABUPATEN PASURUAN,2020-12,2020,KEDELAI,0.0,HA
432,1296,35,JAWA TIMUR,3514,KABUPATEN PASURUAN,2020-12,2020,PADI,0.0,HA
433,1297,35,JAWA TIMUR,3515,KABUPATEN SIDOARJO,2020-12,2020,JAGUNG,0.0,HA
433,1298,35,JAWA TIMUR,3515,KABUPATEN SIDOARJO,2020-12,2020,KEDELAI,0.0,HA
433,1299,35,JAWA TIMUR,3515,KABUPATEN SIDOARJO,2020-12,2020,PADI,0.0,HA
434,1300,35,JAWA TIMUR,3516,KABUPATEN MOJOKERTO,2020-12,2020,JAGUNG,0.0,HA
434,1301,35,JAWA TIMUR,3516,KABUPATEN MOJOKERTO,2020-12,2020,KEDELAI,0.0,HA
434,1302,35,JAWA TIMUR,3516,KABUPATEN MOJOKERTO,2020-12,2020,PADI,0.0,HA
435,1303,35,JAWA TIMUR,3517,KABUPATEN JOMBANG,2020-12,2020,JAGUNG,0.0,HA
435,1304,35,JAWA TIMUR,3517,KABUPATEN JOMBANG,2020-12,2020,KEDELAI,0.0,HA
435,1305,35,JAWA TIMUR,3517,KABUPATEN JOMBANG,2020-12,2020,PADI,0.0,HA
436,1306,35,JAWA TIMUR,3518,KABUPATEN NGANJUK,2020-12,2020,JAGUNG,0.0,HA
436,1307,35,JAWA TIMUR,3518,KABUPATEN NGANJUK,2020-12,2020,KEDELAI,0.0,HA
436,1308,35,JAWA TIMUR,3518,KABUPATEN NGANJUK,2020-12,2020,PADI,0.0,HA
437,1309,35,JAWA TIMUR,3519,KABUPATEN MADIUN,2020-12,2020,JAGUNG,0.0,HA
437,1310,35,JAWA TIMUR,3519,KABUPATEN MADIUN,2020-12,2020,KEDELAI,0.0,HA
437,1311,35,JAWA TIMUR,3519,KABUPATEN MADIUN,2020-12,2020,PADI,0.0,HA
438,1312,35,JAWA TIMUR,3520,KABUPATEN MAGETAN,2020-12,2020,JAGUNG,0.0,HA
438,1313,35,JAWA TIMUR,3520,KABUPATEN MAGETAN,2020-12,2020,KEDELAI,0.0,HA
438,1314,35,JAWA TIMUR,3520,KABUPATEN MAGETAN,2020-12,2020,PADI,0.0,HA
439,1315,35,JAWA TIMUR,3521,KABUPATEN NGAWI,2020-12,2020,JAGUNG,0.0,HA
439,1316,35,JAWA TIMUR,3521,KABUPATEN NGAWI,2020-12,2020,KEDELAI,0.0,HA
439,1317,35,JAWA TIMUR,3521,KABUPATEN NGAWI,2020-12,2020,PADI,0.0,HA
440,1318,35,JAWA TIMUR,3522,KABUPATEN BOJONEGORO,2020-12,2020,JAGUNG,0.0,HA
440,1319,35,JAWA TIMUR,3522,KABUPATEN BOJONEGORO,2020-12,2020,KEDELAI,0.0,HA
440,1320,35,JAWA TIMUR,3522,KABUPATEN BOJONEGORO,2020-12,2020,PADI,0.0,HA
441,1321,35,JAWA TIMUR,3523,KABUPATEN TUBAN,2020-12,2020,JAGUNG,0.0,HA
441,1322,35,JAWA TIMUR,3523,KABUPATEN TUBAN,2020-12,2020,KEDELAI,0.0,HA
441,1323,35,JAWA TIMUR,3523,KABUPATEN TUBAN,2020-12,2020,PADI,0.0,HA
442,1324,35,JAWA TIMUR,3524,KABUPATEN LAMONGAN,2020-12,2020,JAGUNG,0.0,HA
442,1325,35,JAWA TIMUR,3524,KABUPATEN LAMONGAN,2020-12,2020,KEDELAI,0.0,HA
442,1326,35,JAWA TIMUR,3524,KABUPATEN LAMONGAN,2020-12,2020,PADI,0.0,HA
443,1327,35,JAWA TIMUR,3525,KABUPATEN GRESIK,2020-12,2020,JAGUNG,0.0,HA
443,1328,35,JAWA TIMUR,3525,KABUPATEN GRESIK,2020-12,2020,KEDELAI,0.0,HA
443,1329,35,JAWA TIMUR,3525,KABUPATEN GRESIK,2020-12,2020,PADI,0.0,HA
444,1330,35,JAWA TIMUR,3526,KABUPATEN BANGKALAN,2020-12,2020,JAGUNG,0.0,HA
444,1331,35,JAWA TIMUR,3526,KABUPATEN BANGKALAN,2020-12,2020,KEDELAI,0.0,HA
444,1332,35,JAWA TIMUR,3526,KABUPATEN BANGKALAN,2020-12,2020,PADI,0.0,HA
445,1333,35,JAWA TIMUR,3527,KABUPATEN SAMPANG,2020-12,2020,JAGUNG,0.0,HA
445,1334,35,JAWA TIMUR,3527,KABUPATEN SAMPANG,2020-12,2020,KEDELAI,0.0,HA
445,1335,35,JAWA TIMUR,3527,KABUPATEN SAMPANG,2020-12,2020,PADI,0.0,HA
446,1336,35,JAWA TIMUR,3528,KABUPATEN PAMEKASAN,2020-12,2020,JAGUNG,0.0,HA
446,1337,35,JAWA TIMUR,3528,KABUPATEN PAMEKASAN,2020-12,2020,KEDELAI,0.0,HA
446,1338,35,JAWA TIMUR,3528,KABUPATEN PAMEKASAN,2020-12,2020,PADI,0.0,HA
447,1339,35,JAWA TIMUR,3529,KABUPATEN SUMENEP,2020-12,2020,JAGUNG,0.0,HA
447,1340,35,JAWA TIMUR,3529,KABUPATEN SUMENEP,2020-12,2020,KEDELAI,0.0,HA
447,1341,35,JAWA TIMUR,3529,KABUPATEN SUMENEP,2020-12,2020,PADI,0.0,HA
448,1342,35,JAWA TIMUR,3571,KOTA KEDIRI,2020-12,2020,JAGUNG,0.0,HA
448,1343,35,JAWA TIMUR,3571,KOTA KEDIRI,2020-12,2020,KEDELAI,0.0,HA
448,1344,35,JAWA TIMUR,3571,KOTA KEDIRI,2020-12,2020,PADI,0.0,HA
453,1357,35,JAWA TIMUR,3572,KOTA BLITAR,2020-12,2020,JAGUNG,0.0,HA
453,1358,35,JAWA TIMUR,3572,KOTA BLITAR,2020-12,2020,KEDELAI,0.0,HA
453,1359,35,JAWA TIMUR,3572,KOTA BLITAR,2020-12,2020,PADI,0.0,HA
454,1360,35,JAWA TIMUR,3573,KOTA MALANG,2020-12,2020,JAGUNG,0.0,HA
454,1361,35,JAWA TIMUR,3573,KOTA MALANG,2020-12,2020,KEDELAI,0.0,HA
454,1362,35,JAWA TIMUR,3573,KOTA MALANG,2020-12,2020,PADI,0.0,HA
449,1345,35,JAWA TIMUR,3574,KOTA PROBOLINGGO,2020-12,2020,JAGUNG,0.0,HA
449,1346,35,JAWA TIMUR,3574,KOTA PROBOLINGGO,2020-12,2020,KEDELAI,0.0,HA
449,1347,35,JAWA TIMUR,3574,KOTA PROBOLINGGO,2020-12,2020,PADI,0.0,HA
450,1348,35,JAWA TIMUR,3575,KOTA PASURUAN,2020-12,2020,JAGUNG,0.0,HA
450,1349,35,JAWA TIMUR,3575,KOTA PASURUAN,2020-12,2020,KEDELAI,0.0,HA
450,1350,35,JAWA TIMUR,3575,KOTA PASURUAN,2020-12,2020,PADI,0.0,HA
455,1363,35,JAWA TIMUR,3576,KOTA MOJOKERTO,2020-12,2020,JAGUNG,0.0,HA
455,1364,35,JAWA TIMUR,3576,KOTA MOJOKERTO,2020-12,2020,KEDELAI,0.0,HA
455,1365,35,JAWA TIMUR,3576,KOTA MOJOKERTO,2020-12,2020,PADI,0.0,HA
451,1351,35,JAWA TIMUR,3577,KOTA MADIUN,2020-12,2020,JAGUNG,0.0,HA
451,1352,35,JAWA TIMUR,3577,KOTA MADIUN,2020-12,2020,KEDELAI,0.0,HA
451,1353,35,JAWA TIMUR,3577,KOTA MADIUN,2020-12,2020,PADI,0.0,HA
456,1366,35,JAWA TIMUR,3578,KOTA SURABAYA,2020-12,2020,JAGUNG,0.0,HA
456,1367,35,JAWA TIMUR,3578,KOTA SURABAYA,2020-12,2020,KEDELAI,0.0,HA
456,1368,35,JAWA TIMUR,3578,KOTA SURABAYA,2020-12,2020,PADI,0.0,HA
452,1354,35,JAWA TIMUR,3579,KOTA BATU,2020-12,2020,JAGUNG,0.0,HA
452,1355,35,JAWA TIMUR,3579,KOTA BATU,2020-12,2020,KEDELAI,0.0,HA
452,1356,35,JAWA TIMUR,3579,KOTA BATU,2020-12,2020,PADI,0.0,HA
457,1369,35,JAWA TIMUR,3501,KABUPATEN PACITAN,2021-01,2021,JAGUNG,0.0,HA
457,1370,35,JAWA TIMUR,3501,KABUPATEN PACITAN,2021-01,2021,KEDELAI,0.0,HA
457,1371,35,JAWA TIMUR,3501,KABUPATEN PACITAN,2021-01,2021,PADI,0.0,HA
458,1372,35,JAWA TIMUR,3502,KABUPATEN PONOROGO,2021-01,2021,JAGUNG,0.0,HA
458,1373,35,JAWA TIMUR,3502,KABUPATEN PONOROGO,2021-01,2021,KEDELAI,0.0,HA
458,1374,35,JAWA TIMUR,3502,KABUPATEN PONOROGO,2021-01,2021,PADI,0.0,HA
459,1375,35,JAWA TIMUR,3503,KABUPATEN TRENGGALEK,2021-01,2021,JAGUNG,0.0,HA
459,1376,35,JAWA TIMUR,3503,KABUPATEN TRENGGALEK,2021-01,2021,KEDELAI,0.0,HA
459,1377,35,JAWA TIMUR,3503,KABUPATEN TRENGGALEK,2021-01,2021,PADI,0.0,HA
460,1378,35,JAWA TIMUR,3504,KABUPATEN TULUNGAGUNG,2021-01,2021,JAGUNG,0.0,HA
460,1379,35,JAWA TIMUR,3504,KABUPATEN TULUNGAGUNG,2021-01,2021,KEDELAI,0.0,HA
460,1380,35,JAWA TIMUR,3504,KABUPATEN TULUNGAGUNG,2021-01,2021,PADI,0.0,HA
461,1381,35,JAWA TIMUR,3505,KABUPATEN BLITAR,2021-01,2021,JAGUNG,0.0,HA
461,1382,35,JAWA TIMUR,3505,KABUPATEN BLITAR,2021-01,2021,KEDELAI,0.0,HA
461,1383,35,JAWA TIMUR,3505,KABUPATEN BLITAR,2021-01,2021,PADI,0.0,HA
462,1384,35,JAWA TIMUR,3506,KABUPATEN KEDIRI,2021-01,2021,JAGUNG,0.0,HA
462,1385,35,JAWA TIMUR,3506,KABUPATEN KEDIRI,2021-01,2021,KEDELAI,0.0,HA
462,1386,35,JAWA TIMUR,3506,KABUPATEN KEDIRI,2021-01,2021,PADI,0.0,HA
463,1387,35,JAWA TIMUR,3507,KABUPATEN MALANG,2021-01,2021,JAGUNG,0.0,HA
463,1388,35,JAWA TIMUR,3507,KABUPATEN MALANG,2021-01,2021,KEDELAI,0.0,HA
463,1389,35,JAWA TIMUR,3507,KABUPATEN MALANG,2021-01,2021,PADI,0.0,HA
464,1390,35,JAWA TIMUR,3508,KABUPATEN LUMAJANG,2021-01,2021,JAGUNG,0.0,HA
464,1391,35,JAWA TIMUR,3508,KABUPATEN LUMAJANG,2021-01,2021,KEDELAI,0.0,HA
464,1392,35,JAWA TIMUR,3508,KABUPATEN LUMAJANG,2021-01,2021,PADI,0.0,HA
465,1393,35,JAWA TIMUR,3509,KABUPATEN JEMBER,2021-01,2021,JAGUNG,0.0,HA
465,1394,35,JAWA TIMUR,3509,KABUPATEN JEMBER,2021-01,2021,KEDELAI,0.0,HA
465,1395,35,JAWA TIMUR,3509,KABUPATEN JEMBER,2021-01,2021,PADI,0.0,HA
466,1396,35,JAWA TIMUR,3510,KABUPATEN BANYUWANGI,2021-01,2021,JAGUNG,0.0,HA
466,1397,35,JAWA TIMUR,3510,KABUPATEN BANYUWANGI,2021-01,2021,KEDELAI,0.0,HA
466,1398,35,JAWA TIMUR,3510,KABUPATEN BANYUWANGI,2021-01,2021,PADI,0.0,HA
467,1399,35,JAWA TIMUR,3511,KABUPATEN BONDOWOSO,2021-01,2021,JAGUNG,0.0,HA
467,1400,35,JAWA TIMUR,3511,KABUPATEN BONDOWOSO,2021-01,2021,KEDELAI,0.0,HA
467,1401,35,JAWA TIMUR,3511,KABUPATEN BONDOWOSO,2021-01,2021,PADI,0.0,HA
468,1402,35,JAWA TIMUR,3512,KABUPATEN SITUBONDO,2021-01,2021,JAGUNG,0.0,HA
468,1403,35,JAWA TIMUR,3512,KABUPATEN SITUBONDO,2021-01,2021,KEDELAI,0.0,HA
468,1404,35,JAWA TIMUR,3512,KABUPATEN SITUBONDO,2021-01,2021,PADI,0.0,HA
469,1405,35,JAWA TIMUR,3513,KABUPATEN PROBOLINGGO,2021-01,2021,JAGUNG,0.0,HA
469,1406,35,JAWA TIMUR,3513,KABUPATEN PROBOLINGGO,2021-01,2021,KEDELAI,0.0,HA
469,1407,35,JAWA TIMUR,3513,KABUPATEN PROBOLINGGO,2021-01,2021,PADI,0.0,HA
470,1408,35,JAWA TIMUR,3514,KABUPATEN PASURUAN,2021-01,2021,JAGUNG,0.0,HA
470,1409,35,JAWA TIMUR,3514,KABUPATEN PASURUAN,2021-01,2021,KEDELAI,0.0,HA
470,1410,35,JAWA TIMUR,3514,KABUPATEN PASURUAN,2021-01,2021,PADI,0.0,HA
471,1411,35,JAWA TIMUR,3515,KABUPATEN SIDOARJO,2021-01,2021,JAGUNG,0.0,HA
471,1412,35,JAWA TIMUR,3515,KABUPATEN SIDOARJO,2021-01,2021,KEDELAI,0.0,HA
471,1413,35,JAWA TIMUR,3515,KABUPATEN SIDOARJO,2021-01,2021,PADI,0.0,HA
472,1414,35,JAWA TIMUR,3516,KABUPATEN MOJOKERTO,2021-01,2021,JAGUNG,0.0,HA
472,1415,35,JAWA TIMUR,3516,KABUPATEN MOJOKERTO,2021-01,2021,KEDELAI,0.0,HA
472,1416,35,JAWA TIMUR,3516,KABUPATEN MOJOKERTO,2021-01,2021,PADI,0.0,HA
473,1417,35,JAWA TIMUR,3517,KABUPATEN JOMBANG,2021-01,2021,JAGUNG,0.0,HA
473,1418,35,JAWA TIMUR,3517,KABUPATEN JOMBANG,2021-01,2021,KEDELAI,0.0,HA
473,1419,35,JAWA TIMUR,3517,KABUPATEN JOMBANG,2021-01,2021,PADI,0.0,HA
474,1420,35,JAWA TIMUR,3518,KABUPATEN NGANJUK,2021-01,2021,JAGUNG,0.0,HA
474,1421,35,JAWA TIMUR,3518,KABUPATEN NGANJUK,2021-01,2021,KEDELAI,0.0,HA
474,1422,35,JAWA TIMUR,3518,KABUPATEN NGANJUK,2021-01,2021,PADI,0.0,HA
475,1423,35,JAWA TIMUR,3519,KABUPATEN MADIUN,2021-01,2021,JAGUNG,0.0,HA
475,1424,35,JAWA TIMUR,3519,KABUPATEN MADIUN,2021-01,2021,KEDELAI,0.0,HA
475,1425,35,JAWA TIMUR,3519,KABUPATEN MADIUN,2021-01,2021,PADI,0.0,HA
476,1426,35,JAWA TIMUR,3520,KABUPATEN MAGETAN,2021-01,2021,JAGUNG,0.0,HA
476,1427,35,JAWA TIMUR,3520,KABUPATEN MAGETAN,2021-01,2021,KEDELAI,0.0,HA
476,1428,35,JAWA TIMUR,3520,KABUPATEN MAGETAN,2021-01,2021,PADI,0.0,HA
477,1429,35,JAWA TIMUR,3521,KABUPATEN NGAWI,2021-01,2021,JAGUNG,0.0,HA
477,1430,35,JAWA TIMUR,3521,KABUPATEN NGAWI,2021-01,2021,KEDELAI,0.0,HA
477,1431,35,JAWA TIMUR,3521,KABUPATEN NGAWI,2021-01,2021,PADI,0.0,HA
478,1432,35,JAWA TIMUR,3522,KABUPATEN BOJONEGORO,2021-01,2021,JAGUNG,0.0,HA
478,1433,35,JAWA TIMUR,3522,KABUPATEN BOJONEGORO,2021-01,2021,KEDELAI,0.0,HA
478,1434,35,JAWA TIMUR,3522,KABUPATEN BOJONEGORO,2021-01,2021,PADI,0.0,HA
479,1435,35,JAWA TIMUR,3523,KABUPATEN TUBAN,2021-01,2021,JAGUNG,0.0,HA
479,1436,35,JAWA TIMUR,3523,KABUPATEN TUBAN,2021-01,2021,KEDELAI,0.0,HA
479,1437,35,JAWA TIMUR,3523,KABUPATEN TUBAN,2021-01,2021,PADI,0.0,HA
480,1438,35,JAWA TIMUR,3524,KABUPATEN LAMONGAN,2021-01,2021,JAGUNG,0.0,HA
480,1439,35,JAWA TIMUR,3524,KABUPATEN LAMONGAN,2021-01,2021,KEDELAI,0.0,HA
480,1440,35,JAWA TIMUR,3524,KABUPATEN LAMONGAN,2021-01,2021,PADI,0.0,HA
481,1441,35,JAWA TIMUR,3525,KABUPATEN GRESIK,2021-01,2021,JAGUNG,0.0,HA
481,1442,35,JAWA TIMUR,3525,KABUPATEN GRESIK,2021-01,2021,KEDELAI,0.0,HA
481,1443,35,JAWA TIMUR,3525,KABUPATEN GRESIK,2021-01,2021,PADI,0.0,HA
482,1444,35,JAWA TIMUR,3526,KABUPATEN BANGKALAN,2021-01,2021,JAGUNG,0.0,HA
482,1445,35,JAWA TIMUR,3526,KABUPATEN BANGKALAN,2021-01,2021,KEDELAI,0.0,HA
482,1446,35,JAWA TIMUR,3526,KABUPATEN BANGKALAN,2021-01,2021,PADI,0.0,HA
483,1447,35,JAWA TIMUR,3527,KABUPATEN SAMPANG,2021-01,2021,JAGUNG,0.0,HA
483,1448,35,JAWA TIMUR,3527,KABUPATEN SAMPANG,2021-01,2021,KEDELAI,0.0,HA
483,1449,35,JAWA TIMUR,3527,KABUPATEN SAMPANG,2021-01,2021,PADI,0.0,HA
484,1450,35,JAWA TIMUR,3528,KABUPATEN PAMEKASAN,2021-01,2021,JAGUNG,0.0,HA
484,1451,35,JAWA TIMUR,3528,KABUPATEN PAMEKASAN,2021-01,2021,KEDELAI,0.0,HA
484,1452,35,JAWA TIMUR,3528,KABUPATEN PAMEKASAN,2021-01,2021,PADI,0.0,HA
485,1453,35,JAWA TIMUR,3529,KABUPATEN SUMENEP,2021-01,2021,JAGUNG,0.0,HA
485,1454,35,JAWA TIMUR,3529,KABUPATEN SUMENEP,2021-01,2021,KEDELAI,0.0,HA
485,1455,35,JAWA TIMUR,3529,KABUPATEN SUMENEP,2021-01,2021,PADI,0.0,HA
486,1456,35,JAWA TIMUR,3571,KOTA KEDIRI,2021-01,2021,JAGUNG,0.0,HA
486,1457,35,JAWA TIMUR,3571,KOTA KEDIRI,2021-01,2021,KEDELAI,0.0,HA
486,1458,35,JAWA TIMUR,3571,KOTA KEDIRI,2021-01,2021,PADI,0.0,HA
491,1471,35,JAWA TIMUR,3572,KOTA BLITAR,2021-01,2021,JAGUNG,0.0,HA
491,1472,35,JAWA TIMUR,3572,KOTA BLITAR,2021-01,2021,KEDELAI,0.0,HA
491,1473,35,JAWA TIMUR,3572,KOTA BLITAR,2021-01,2021,PADI,0.0,HA
492,1474,35,JAWA TIMUR,3573,KOTA MALANG,2021-01,2021,JAGUNG,0.0,HA
492,1475,35,JAWA TIMUR,3573,KOTA MALANG,2021-01,2021,KEDELAI,0.0,HA
492,1476,35,JAWA TIMUR,3573,KOTA MALANG,2021-01,2021,PADI,0.0,HA
487,1459,35,JAWA TIMUR,3574,KOTA PROBOLINGGO,2021-01,2021,JAGUNG,0.0,HA
487,1460,35,JAWA TIMUR,3574,KOTA PROBOLINGGO,2021-01,2021,KEDELAI,0.0,HA
487,1461,35,JAWA TIMUR,3574,KOTA PROBOLINGGO,2021-01,2021,PADI,0.0,HA
488,1462,35,JAWA TIMUR,3575,KOTA PASURUAN,2021-01,2021,JAGUNG,0.0,HA
488,1463,35,JAWA TIMUR,3575,KOTA PASURUAN,2021-01,2021,KEDELAI,0.0,HA
488,1464,35,JAWA TIMUR,3575,KOTA PASURUAN,2021-01,2021,PADI,0.0,HA
493,1477,35,JAWA TIMUR,3576,KOTA MOJOKERTO,2021-01,2021,JAGUNG,0.0,HA
493,1478,35,JAWA TIMUR,3576,KOTA MOJOKERTO,2021-01,2021,KEDELAI,0.0,HA
493,1479,35,JAWA TIMUR,3576,KOTA MOJOKERTO,2021-01,2021,PADI,0.0,HA
489,1465,35,JAWA TIMUR,3577,KOTA MADIUN,2021-01,2021,JAGUNG,0.0,HA
489,1466,35,JAWA TIMUR,3577,KOTA MADIUN,2021-01,2021,KEDELAI,0.0,HA
489,1467,35,JAWA TIMUR,3577,KOTA MADIUN,2021-01,2021,PADI,0.0,HA
494,1480,35,JAWA TIMUR,3578,KOTA SURABAYA,2021-01,2021,JAGUNG,0.0,HA
494,1481,35,JAWA TIMUR,3578,KOTA SURABAYA,2021-01,2021,KEDELAI,0.0,HA
494,1482,35,JAWA TIMUR,3578,KOTA SURABAYA,2021-01,2021,PADI,0.0,HA
490,1468,35,JAWA TIMUR,3579,KOTA BATU,2021-01,2021,JAGUNG,0.0,HA
490,1469,35,JAWA TIMUR,3579,KOTA BATU,2021-01,2021,KEDELAI,0.0,HA
490,1470,35,JAWA TIMUR,3579,KOTA BATU,2021-01,2021,PADI,0.0,HA
495,1483,35,JAWA TIMUR,3501,KABUPATEN PACITAN,2021-02,2021,JAGUNG,0.0,HA
495,1484,35,JAWA TIMUR,3501,KABUPATEN PACITAN,2021-02,2021,KEDELAI,0.0,HA
495,1485,35,JAWA TIMUR,3501,KABUPATEN PACITAN,2021-02,2021,PADI,0.0,HA
496,1486,35,JAWA TIMUR,3502,KABUPATEN PONOROGO,2021-02,2021,JAGUNG,0.0,HA
496,1487,35,JAWA TIMUR,3502,KABUPATEN PONOROGO,2021-02,2021,KEDELAI,0.0,HA
496,1488,35,JAWA TIMUR,3502,KABUPATEN PONOROGO,2021-02,2021,PADI,0.0,HA
497,1489,35,JAWA TIMUR,3503,KABUPATEN TRENGGALEK,2021-02,2021,JAGUNG,0.0,HA
497,1490,35,JAWA TIMUR,3503,KABUPATEN TRENGGALEK,2021-02,2021,KEDELAI,0.0,HA
497,1491,35,JAWA TIMUR,3503,KABUPATEN TRENGGALEK,2021-02,2021,PADI,0.0,HA
498,1492,35,JAWA TIMUR,3504,KABUPATEN TULUNGAGUNG,2021-02,2021,JAGUNG,0.0,HA
498,1493,35,JAWA TIMUR,3504,KABUPATEN TULUNGAGUNG,2021-02,2021,KEDELAI,0.0,HA
498,1494,35,JAWA TIMUR,3504,KABUPATEN TULUNGAGUNG,2021-02,2021,PADI,0.0,HA
499,1495,35,JAWA TIMUR,3505,KABUPATEN BLITAR,2021-02,2021,JAGUNG,0.0,HA
499,1496,35,JAWA TIMUR,3505,KABUPATEN BLITAR,2021-02,2021,KEDELAI,0.0,HA
499,1497,35,JAWA TIMUR,3505,KABUPATEN BLITAR,2021-02,2021,PADI,0.0,HA
500,1498,35,JAWA TIMUR,3506,KABUPATEN KEDIRI,2021-02,2021,JAGUNG,0.0,HA
500,1499,35,JAWA TIMUR,3506,KABUPATEN KEDIRI,2021-02,2021,KEDELAI,0.0,HA
500,1500,35,JAWA TIMUR,3506,KABUPATEN KEDIRI,2021-02,2021,PADI,0.0,HA
501,1501,35,JAWA TIMUR,3507,KABUPATEN MALANG,2021-02,2021,JAGUNG,0.0,HA
501,1502,35,JAWA TIMUR,3507,KABUPATEN MALANG,2021-02,2021,KEDELAI,0.0,HA
501,1503,35,JAWA TIMUR,3507,KABUPATEN MALANG,2021-02,2021,PADI,1.0,HA
502,1504,35,JAWA TIMUR,3508,KABUPATEN LUMAJANG,2021-02,2021,JAGUNG,0.0,HA
502,1505,35,JAWA TIMUR,3508,KABUPATEN LUMAJANG,2021-02,2021,KEDELAI,0.0,HA
502,1506,35,JAWA TIMUR,3508,KABUPATEN LUMAJANG,2021-02,2021,PADI,0.0,HA
503,1507,35,JAWA TIMUR,3509,KABUPATEN JEMBER,2021-02,2021,JAGUNG,0.0,HA
503,1508,35,JAWA TIMUR,3509,KABUPATEN JEMBER,2021-02,2021,KEDELAI,0.0,HA
503,1509,35,JAWA TIMUR,3509,KABUPATEN JEMBER,2021-02,2021,PADI,0.0,HA
504,1510,35,JAWA TIMUR,3510,KABUPATEN BANYUWANGI,2021-02,2021,JAGUNG,0.0,HA
504,1511,35,JAWA TIMUR,3510,KABUPATEN BANYUWANGI,2021-02,2021,KEDELAI,0.0,HA
504,1512,35,JAWA TIMUR,3510,KABUPATEN BANYUWANGI,2021-02,2021,PADI,0.0,HA
505,1513,35,JAWA TIMUR,3511,KABUPATEN BONDOWOSO,2021-02,2021,JAGUNG,0.0,HA
505,1514,35,JAWA TIMUR,3511,KABUPATEN BONDOWOSO,2021-02,2021,KEDELAI,0.0,HA
505,1515,35,JAWA TIMUR,3511,KABUPATEN BONDOWOSO,2021-02,2021,PADI,0.0,HA
506,1516,35,JAWA TIMUR,3512,KABUPATEN SITUBONDO,2021-02,2021,JAGUNG,0.0,HA
506,1517,35,JAWA TIMUR,3512,KABUPATEN SITUBONDO,2021-02,2021,KEDELAI,0.0,HA
506,1518,35,JAWA TIMUR,3512,KABUPATEN SITUBONDO,2021-02,2021,PADI,0.0,HA
507,1519,35,JAWA TIMUR,3513,KABUPATEN PROBOLINGGO,2021-02,2021,JAGUNG,0.0,HA
507,1520,35,JAWA TIMUR,3513,KABUPATEN PROBOLINGGO,2021-02,2021,KEDELAI,0.0,HA
507,1521,35,JAWA TIMUR,3513,KABUPATEN PROBOLINGGO,2021-02,2021,PADI,0.0,HA
508,1522,35,JAWA TIMUR,3514,KABUPATEN PASURUAN,2021-02,2021,JAGUNG,0.0,HA
508,1523,35,JAWA TIMUR,3514,KABUPATEN PASURUAN,2021-02,2021,KEDELAI,0.0,HA
508,1524,35,JAWA TIMUR,3514,KABUPATEN PASURUAN,2021-02,2021,PADI,0.0,HA
509,1525,35,JAWA TIMUR,3515,KABUPATEN SIDOARJO,2021-02,2021,JAGUNG,0.0,HA
509,1526,35,JAWA TIMUR,3515,KABUPATEN SIDOARJO,2021-02,2021,KEDELAI,0.0,HA
509,1527,35,JAWA TIMUR,3515,KABUPATEN SIDOARJO,2021-02,2021,PADI,0.0,HA
510,1528,35,JAWA TIMUR,3516,KABUPATEN MOJOKERTO,2021-02,2021,JAGUNG,0.0,HA
510,1529,35,JAWA TIMUR,3516,KABUPATEN MOJOKERTO,2021-02,2021,KEDELAI,0.0,HA
510,1530,35,JAWA TIMUR,3516,KABUPATEN MOJOKERTO,2021-02,2021,PADI,0.0,HA
511,1531,35,JAWA TIMUR,3517,KABUPATEN JOMBANG,2021-02,2021,JAGUNG,0.0,HA
511,1532,35,JAWA TIMUR,3517,KABUPATEN JOMBANG,2021-02,2021,KEDELAI,0.0,HA
511,1533,35,JAWA TIMUR,3517,KABUPATEN JOMBANG,2021-02,2021,PADI,6.0,HA
512,1534,35,JAWA TIMUR,3518,KABUPATEN NGANJUK,2021-02,2021,JAGUNG,0.0,HA
512,1535,35,JAWA TIMUR,3518,KABUPATEN NGANJUK,2021-02,2021,KEDELAI,0.0,HA
512,1536,35,JAWA TIMUR,3518,KABUPATEN NGANJUK,2021-02,2021,PADI,0.0,HA
513,1537,35,JAWA TIMUR,3519,KABUPATEN MADIUN,2021-02,2021,JAGUNG,0.0,HA
513,1538,35,JAWA TIMUR,3519,KABUPATEN MADIUN,2021-02,2021,KEDELAI,0.0,HA
513,1539,35,JAWA TIMUR,3519,KABUPATEN MADIUN,2021-02,2021,PADI,0.0,HA
514,1540,35,JAWA TIMUR,3520,KABUPATEN MAGETAN,2021-02,2021,JAGUNG,0.0,HA
514,1541,35,JAWA TIMUR,3520,KABUPATEN MAGETAN,2021-02,2021,KEDELAI,0.0,HA
514,1542,35,JAWA TIMUR,3520,KABUPATEN MAGETAN,2021-02,2021,PADI,0.0,HA
515,1543,35,JAWA TIMUR,3521,KABUPATEN NGAWI,2021-02,2021,JAGUNG,0.0,HA
515,1544,35,JAWA TIMUR,3521,KABUPATEN NGAWI,2021-02,2021,KEDELAI,0.0,HA
515,1545,35,JAWA TIMUR,3521,KABUPATEN NGAWI,2021-02,2021,PADI,0.0,HA
516,1546,35,JAWA TIMUR,3522,KABUPATEN BOJONEGORO,2021-02,2021,JAGUNG,0.0,HA
516,1547,35,JAWA TIMUR,3522,KABUPATEN BOJONEGORO,2021-02,2021,KEDELAI,0.0,HA
516,1548,35,JAWA TIMUR,3522,KABUPATEN BOJONEGORO,2021-02,2021,PADI,0.0,HA
517,1549,35,JAWA TIMUR,3523,KABUPATEN TUBAN,2021-02,2021,JAGUNG,0.0,HA
517,1550,35,JAWA TIMUR,3523,KABUPATEN TUBAN,2021-02,2021,KEDELAI,0.0,HA
517,1551,35,JAWA TIMUR,3523,KABUPATEN TUBAN,2021-02,2021,PADI,0.0,HA
518,1552,35,JAWA TIMUR,3524,KABUPATEN LAMONGAN,2021-02,2021,JAGUNG,0.0,HA
518,1553,35,JAWA TIMUR,3524,KABUPATEN LAMONGAN,2021-02,2021,KEDELAI,0.0,HA
518,1554,35,JAWA TIMUR,3524,KABUPATEN LAMONGAN,2021-02,2021,PADI,0.0,HA
519,1555,35,JAWA TIMUR,3525,KABUPATEN GRESIK,2021-02,2021,JAGUNG,0.0,HA
519,1556,35,JAWA TIMUR,3525,KABUPATEN GRESIK,2021-02,2021,KEDELAI,0.0,HA
519,1557,35,JAWA TIMUR,3525,KABUPATEN GRESIK,2021-02,2021,PADI,0.0,HA
520,1558,35,JAWA TIMUR,3526,KABUPATEN BANGKALAN,2021-02,2021,JAGUNG,0.0,HA
520,1559,35,JAWA TIMUR,3526,KABUPATEN BANGKALAN,2021-02,2021,KEDELAI,0.0,HA
520,1560,35,JAWA TIMUR,3526,KABUPATEN BANGKALAN,2021-02,2021,PADI,0.0,HA
521,1561,35,JAWA TIMUR,3527,KABUPATEN SAMPANG,2021-02,2021,JAGUNG,0.0,HA
521,1562,35,JAWA TIMUR,3527,KABUPATEN SAMPANG,2021-02,2021,KEDELAI,0.0,HA
521,1563,35,JAWA TIMUR,3527,KABUPATEN SAMPANG,2021-02,2021,PADI,0.0,HA
522,1564,35,JAWA TIMUR,3528,KABUPATEN PAMEKASAN,2021-02,2021,JAGUNG,0.0,HA
522,1565,35,JAWA TIMUR,3528,KABUPATEN PAMEKASAN,2021-02,2021,KEDELAI,0.0,HA
522,1566,35,JAWA TIMUR,3528,KABUPATEN PAMEKASAN,2021-02,2021,PADI,0.0,HA
523,1567,35,JAWA TIMUR,3529,KABUPATEN SUMENEP,2021-02,2021,JAGUNG,0.0,HA
523,1568,35,JAWA TIMUR,3529,KABUPATEN SUMENEP,2021-02,2021,KEDELAI,0.0,HA
523,1569,35,JAWA TIMUR,3529,KABUPATEN SUMENEP,2021-02,2021,PADI,0.0,HA
524,1570,35,JAWA TIMUR,3571,KOTA KEDIRI,2021-02,2021,JAGUNG,0.0,HA
524,1571,35,JAWA TIMUR,3571,KOTA KEDIRI,2021-02,2021,KEDELAI,0.0,HA
524,1572,35,JAWA TIMUR,3571,KOTA KEDIRI,2021-02,2021,PADI,0.0,HA
529,1585,35,JAWA TIMUR,3572,KOTA BLITAR,2021-02,2021,JAGUNG,0.0,HA
529,1586,35,JAWA TIMUR,3572,KOTA BLITAR,2021-02,2021,KEDELAI,0.0,HA
529,1587,35,JAWA TIMUR,3572,KOTA BLITAR,2021-02,2021,PADI,0.0,HA
530,1588,35,JAWA TIMUR,3573,KOTA MALANG,2021-02,2021,JAGUNG,0.0,HA
530,1589,35,JAWA TIMUR,3573,KOTA MALANG,2021-02,2021,KEDELAI,0.0,HA
530,1590,35,JAWA TIMUR,3573,KOTA MALANG,2021-02,2021,PADI,0.0,HA
525,1573,35,JAWA TIMUR,3574,KOTA PROBOLINGGO,2021-02,2021,JAGUNG,0.0,HA
525,1574,35,JAWA TIMUR,3574,KOTA PROBOLINGGO,2021-02,2021,KEDELAI,0.0,HA
525,1575,35,JAWA TIMUR,3574,KOTA PROBOLINGGO,2021-02,2021,PADI,0.0,HA
526,1576,35,JAWA TIMUR,3575,KOTA PASURUAN,2021-02,2021,JAGUNG,0.0,HA
526,1577,35,JAWA TIMUR,3575,KOTA PASURUAN,2021-02,2021,KEDELAI,0.0,HA
526,1578,35,JAWA TIMUR,3575,KOTA PASURUAN,2021-02,2021,PADI,0.0,HA
531,1591,35,JAWA TIMUR,3576,KOTA MOJOKERTO,2021-02,2021,JAGUNG,0.0,HA
531,1592,35,JAWA TIMUR,3576,KOTA MOJOKERTO,2021-02,2021,KEDELAI,0.0,HA
531,1593,35,JAWA TIMUR,3576,KOTA MOJOKERTO,2021-02,2021,PADI,0.0,HA
527,1579,35,JAWA TIMUR,3577,KOTA MADIUN,2021-02,2021,JAGUNG,0.0,HA
527,1580,35,JAWA TIMUR,3577,KOTA MADIUN,2021-02,2021,KEDELAI,0.0,HA
527,1581,35,JAWA TIMUR,3577,KOTA MADIUN,2021-02,2021,PADI,0.0,HA
532,1594,35,JAWA TIMUR,3578,KOTA SURABAYA,2021-02,2021,JAGUNG,0.0,HA
532,1595,35,JAWA TIMUR,3578,KOTA SURABAYA,2021-02,2021,KEDELAI,0.0,HA
532,1596,35,JAWA TIMUR,3578,KOTA SURABAYA,2021-02,2021,PADI,0.0,HA
528,1582,35,JAWA TIMUR,3579,KOTA BATU,2021-02,2021,JAGUNG,0.0,HA
528,1583,35,JAWA TIMUR,3579,KOTA BATU,2021-02,2021,KEDELAI,0.0,HA
528,1584,35,JAWA TIMUR,3579,KOTA BATU,2021-02,2021,PADI,0.0,HA
533,1597,35,JAWA TIMUR,3501,KABUPATEN PACITAN,2021-03,2021,JAGUNG,0.0,HA
533,1598,35,JAWA TIMUR,3501,KABUPATEN PACITAN,2021-03,2021,KEDELAI,0.0,HA
533,1599,35,JAWA TIMUR,3501,KABUPATEN PACITAN,2021-03,2021,PADI,0.0,HA
534,1600,35,JAWA TIMUR,3502,KABUPATEN PONOROGO,2021-03,2021,JAGUNG,0.0,HA
534,1601,35,JAWA TIMUR,3502,KABUPATEN PONOROGO,2021-03,2021,KEDELAI,0.0,HA
534,1602,35,JAWA TIMUR,3502,KABUPATEN PONOROGO,2021-03,2021,PADI,0.0,HA
535,1603,35,JAWA TIMUR,3503,KABUPATEN TRENGGALEK,2021-03,2021,JAGUNG,0.0,HA
535,1604,35,JAWA TIMUR,3503,KABUPATEN TRENGGALEK,2021-03,2021,KEDELAI,0.0,HA
535,1605,35,JAWA TIMUR,3503,KABUPATEN TRENGGALEK,2021-03,2021,PADI,0.0,HA
536,1606,35,JAWA TIMUR,3504,KABUPATEN TULUNGAGUNG,2021-03,2021,JAGUNG,0.0,HA
536,1607,35,JAWA TIMUR,3504,KABUPATEN TULUNGAGUNG,2021-03,2021,KEDELAI,0.0,HA
536,1608,35,JAWA TIMUR,3504,KABUPATEN TULUNGAGUNG,2021-03,2021,PADI,0.0,HA
537,1609,35,JAWA TIMUR,3505,KABUPATEN BLITAR,2021-03,2021,JAGUNG,0.0,HA
537,1610,35,JAWA TIMUR,3505,KABUPATEN BLITAR,2021-03,2021,KEDELAI,0.0,HA
537,1611,35,JAWA TIMUR,3505,KABUPATEN BLITAR,2021-03,2021,PADI,0.0,HA
538,1612,35,JAWA TIMUR,3506,KABUPATEN KEDIRI,2021-03,2021,JAGUNG,0.0,HA
538,1613,35,JAWA TIMUR,3506,KABUPATEN KEDIRI,2021-03,2021,KEDELAI,0.0,HA
538,1614,35,JAWA TIMUR,3506,KABUPATEN KEDIRI,2021-03,2021,PADI,0.0,HA
539,1615,35,JAWA TIMUR,3507,KABUPATEN MALANG,2021-03,2021,JAGUNG,0.0,HA
539,1616,35,JAWA TIMUR,3507,KABUPATEN MALANG,2021-03,2021,KEDELAI,0.0,HA
539,1617,35,JAWA TIMUR,3507,KABUPATEN MALANG,2021-03,2021,PADI,0.0,HA
540,1618,35,JAWA TIMUR,3508,KABUPATEN LUMAJANG,2021-03,2021,JAGUNG,0.0,HA
540,1619,35,JAWA TIMUR,3508,KABUPATEN LUMAJANG,2021-03,2021,KEDELAI,0.0,HA
540,1620,35,JAWA TIMUR,3508,KABUPATEN LUMAJANG,2021-03,2021,PADI,0.0,HA
541,1621,35,JAWA TIMUR,3509,KABUPATEN JEMBER,2021-03,2021,JAGUNG,0.0,HA
541,1622,35,JAWA TIMUR,3509,KABUPATEN JEMBER,2021-03,2021,KEDELAI,0.0,HA
541,1623,35,JAWA TIMUR,3509,KABUPATEN JEMBER,2021-03,2021,PADI,0.0,HA
542,1624,35,JAWA TIMUR,3510,KABUPATEN BANYUWANGI,2021-03,2021,JAGUNG,0.0,HA
542,1625,35,JAWA TIMUR,3510,KABUPATEN BANYUWANGI,2021-03,2021,KEDELAI,0.0,HA
542,1626,35,JAWA TIMUR,3510,KABUPATEN BANYUWANGI,2021-03,2021,PADI,0.0,HA
543,1627,35,JAWA TIMUR,3511,KABUPATEN BONDOWOSO,2021-03,2021,JAGUNG,0.0,HA
543,1628,35,JAWA TIMUR,3511,KABUPATEN BONDOWOSO,2021-03,2021,KEDELAI,0.0,HA
543,1629,35,JAWA TIMUR,3511,KABUPATEN BONDOWOSO,2021-03,2021,PADI,0.0,HA
544,1630,35,JAWA TIMUR,3512,KABUPATEN SITUBONDO,2021-03,2021,JAGUNG,0.0,HA
544,1631,35,JAWA TIMUR,3512,KABUPATEN SITUBONDO,2021-03,2021,KEDELAI,0.0,HA
544,1632,35,JAWA TIMUR,3512,KABUPATEN SITUBONDO,2021-03,2021,PADI,0.0,HA
545,1633,35,JAWA TIMUR,3513,KABUPATEN PROBOLINGGO,2021-03,2021,JAGUNG,0.0,HA
545,1634,35,JAWA TIMUR,3513,KABUPATEN PROBOLINGGO,2021-03,2021,KEDELAI,0.0,HA
545,1635,35,JAWA TIMUR,3513,KABUPATEN PROBOLINGGO,2021-03,2021,PADI,0.0,HA
546,1636,35,JAWA TIMUR,3514,KABUPATEN PASURUAN,2021-03,2021,JAGUNG,0.0,HA
546,1637,35,JAWA TIMUR,3514,KABUPATEN PASURUAN,2021-03,2021,KEDELAI,0.0,HA
546,1638,35,JAWA TIMUR,3514,KABUPATEN PASURUAN,2021-03,2021,PADI,0.0,HA
547,1639,35,JAWA TIMUR,3515,KABUPATEN SIDOARJO,2021-03,2021,JAGUNG,0.0,HA
547,1640,35,JAWA TIMUR,3515,KABUPATEN SIDOARJO,2021-03,2021,KEDELAI,0.0,HA
547,1641,35,JAWA TIMUR,3515,KABUPATEN SIDOARJO,2021-03,2021,PADI,0.0,HA
548,1642,35,JAWA TIMUR,3516,KABUPATEN MOJOKERTO,2021-03,2021,JAGUNG,0.0,HA
548,1643,35,JAWA TIMUR,3516,KABUPATEN MOJOKERTO,2021-03,2021,KEDELAI,0.0,HA
548,1644,35,JAWA TIMUR,3516,KABUPATEN MOJOKERTO,2021-03,2021,PADI,0.0,HA
549,1645,35,JAWA TIMUR,3517,KABUPATEN JOMBANG,2021-03,2021,JAGUNG,0.0,HA
549,1646,35,JAWA TIMUR,3517,KABUPATEN JOMBANG,2021-03,2021,KEDELAI,0.0,HA
549,1647,35,JAWA TIMUR,3517,KABUPATEN JOMBANG,2021-03,2021,PADI,0.0,HA
550,1648,35,JAWA TIMUR,3518,KABUPATEN NGANJUK,2021-03,2021,JAGUNG,0.0,HA
550,1649,35,JAWA TIMUR,3518,KABUPATEN NGANJUK,2021-03,2021,KEDELAI,0.0,HA
550,1650,35,JAWA TIMUR,3518,KABUPATEN NGANJUK,2021-03,2021,PADI,0.0,HA
551,1651,35,JAWA TIMUR,3519,KABUPATEN MADIUN,2021-03,2021,JAGUNG,0.0,HA
551,1652,35,JAWA TIMUR,3519,KABUPATEN MADIUN,2021-03,2021,KEDELAI,0.0,HA
551,1653,35,JAWA TIMUR,3519,KABUPATEN MADIUN,2021-03,2021,PADI,0.0,HA
552,1654,35,JAWA TIMUR,3520,KABUPATEN MAGETAN,2021-03,2021,JAGUNG,0.0,HA
552,1655,35,JAWA TIMUR,3520,KABUPATEN MAGETAN,2021-03,2021,KEDELAI,0.0,HA
552,1656,35,JAWA TIMUR,3520,KABUPATEN MAGETAN,2021-03,2021,PADI,0.0,HA
553,1657,35,JAWA TIMUR,3521,KABUPATEN NGAWI,2021-03,2021,JAGUNG,0.0,HA
553,1658,35,JAWA TIMUR,3521,KABUPATEN NGAWI,2021-03,2021,KEDELAI,0.0,HA
553,1659,35,JAWA TIMUR,3521,KABUPATEN NGAWI,2021-03,2021,PADI,0.0,HA
554,1660,35,JAWA TIMUR,3522,KABUPATEN BOJONEGORO,2021-03,2021,JAGUNG,0.0,HA
554,1661,35,JAWA TIMUR,3522,KABUPATEN BOJONEGORO,2021-03,2021,KEDELAI,0.0,HA
554,1662,35,JAWA TIMUR,3522,KABUPATEN BOJONEGORO,2021-03,2021,PADI,0.0,HA
555,1663,35,JAWA TIMUR,3523,KABUPATEN TUBAN,2021-03,2021,JAGUNG,0.0,HA
555,1664,35,JAWA TIMUR,3523,KABUPATEN TUBAN,2021-03,2021,KEDELAI,0.0,HA
555,1665,35,JAWA TIMUR,3523,KABUPATEN TUBAN,2021-03,2021,PADI,0.0,HA
556,1666,35,JAWA TIMUR,3524,KABUPATEN LAMONGAN,2021-03,2021,JAGUNG,0.0,HA
556,1667,35,JAWA TIMUR,3524,KABUPATEN LAMONGAN,2021-03,2021,KEDELAI,0.0,HA
556,1668,35,JAWA TIMUR,3524,KABUPATEN LAMONGAN,2021-03,2021,PADI,0.0,HA
557,1669,35,JAWA TIMUR,3525,KABUPATEN GRESIK,2021-03,2021,JAGUNG,0.0,HA
557,1670,35,JAWA TIMUR,3525,KABUPATEN GRESIK,2021-03,2021,KEDELAI,0.0,HA
557,1671,35,JAWA TIMUR,3525,KABUPATEN GRESIK,2021-03,2021,PADI,0.0,HA
558,1672,35,JAWA TIMUR,3526,KABUPATEN BANGKALAN,2021-03,2021,JAGUNG,0.0,HA
558,1673,35,JAWA TIMUR,3526,KABUPATEN BANGKALAN,2021-03,2021,KEDELAI,0.0,HA
558,1674,35,JAWA TIMUR,3526,KABUPATEN BANGKALAN,2021-03,2021,PADI,0.0,HA
559,1675,35,JAWA TIMUR,3527,KABUPATEN SAMPANG,2021-03,2021,JAGUNG,0.0,HA
559,1676,35,JAWA TIMUR,3527,KABUPATEN SAMPANG,2021-03,2021,KEDELAI,0.0,HA
559,1677,35,JAWA TIMUR,3527,KABUPATEN SAMPANG,2021-03,2021,PADI,0.0,HA
560,1678,35,JAWA TIMUR,3528,KABUPATEN PAMEKASAN,2021-03,2021,JAGUNG,0.0,HA
560,1679,35,JAWA TIMUR,3528,KABUPATEN PAMEKASAN,2021-03,2021,KEDELAI,0.0,HA
560,1680,35,JAWA TIMUR,3528,KABUPATEN PAMEKASAN,2021-03,2021,PADI,0.0,HA
561,1681,35,JAWA TIMUR,3529,KABUPATEN SUMENEP,2021-03,2021,JAGUNG,0.0,HA
561,1682,35,JAWA TIMUR,3529,KABUPATEN SUMENEP,2021-03,2021,KEDELAI,0.0,HA
561,1683,35,JAWA TIMUR,3529,KABUPATEN SUMENEP,2021-03,2021,PADI,0.0,HA
562,1684,35,JAWA TIMUR,3571,KOTA KEDIRI,2021-03,2021,JAGUNG,0.0,HA
562,1685,35,JAWA TIMUR,3571,KOTA KEDIRI,2021-03,2021,KEDELAI,0.0,HA
562,1686,35,JAWA TIMUR,3571,KOTA KEDIRI,2021-03,2021,PADI,0.0,HA
567,1699,35,JAWA TIMUR,3572,KOTA BLITAR,2021-03,2021,JAGUNG,0.0,HA
567,1700,35,JAWA TIMUR,3572,KOTA BLITAR,2021-03,2021,KEDELAI,0.0,HA
567,1701,35,JAWA TIMUR,3572,KOTA BLITAR,2021-03,2021,PADI,0.0,HA
568,1702,35,JAWA TIMUR,3573,KOTA MALANG,2021-03,2021,JAGUNG,0.0,HA
568,1703,35,JAWA TIMUR,3573,KOTA MALANG,2021-03,2021,KEDELAI,0.0,HA
568,1704,35,JAWA TIMUR,3573,KOTA MALANG,2021-03,2021,PADI,0.0,HA
563,1687,35,JAWA TIMUR,3574,KOTA PROBOLINGGO,2021-03,2021,JAGUNG,0.0,HA
563,1688,35,JAWA TIMUR,3574,KOTA PROBOLINGGO,2021-03,2021,KEDELAI,0.0,HA
563,1689,35,JAWA TIMUR,3574,KOTA PROBOLINGGO,2021-03,2021,PADI,0.0,HA
564,1690,35,JAWA TIMUR,3575,KOTA PASURUAN,2021-03,2021,JAGUNG,0.0,HA
564,1691,35,JAWA TIMUR,3575,KOTA PASURUAN,2021-03,2021,KEDELAI,0.0,HA
564,1692,35,JAWA TIMUR,3575,KOTA PASURUAN,2021-03,2021,PADI,0.0,HA
569,1705,35,JAWA TIMUR,3576,KOTA MOJOKERTO,2021-03,2021,JAGUNG,0.0,HA
569,1706,35,JAWA TIMUR,3576,KOTA MOJOKERTO,2021-03,2021,KEDELAI,0.0,HA
569,1707,35,JAWA TIMUR,3576,KOTA MOJOKERTO,2021-03,2021,PADI,0.0,HA
565,1693,35,JAWA TIMUR,3577,KOTA MADIUN,2021-03,2021,JAGUNG,0.0,HA
565,1694,35,JAWA TIMUR,3577,KOTA MADIUN,2021-03,2021,KEDELAI,0.0,HA
565,1695,35,JAWA TIMUR,3577,KOTA MADIUN,2021-03,2021,PADI,0.0,HA
570,1708,35,JAWA TIMUR,3578,KOTA SURABAYA,2021-03,2021,JAGUNG,0.0,HA
570,1709,35,JAWA TIMUR,3578,KOTA SURABAYA,2021-03,2021,KEDELAI,0.0,HA
570,1710,35,JAWA TIMUR,3578,KOTA SURABAYA,2021-03,2021,PADI,0.0,HA
566,1696,35,JAWA TIMUR,3579,KOTA BATU,2021-03,2021,JAGUNG,0.0,HA
566,1697,35,JAWA TIMUR,3579,KOTA BATU,2021-03,2021,KEDELAI,0.0,HA
566,1698,35,JAWA TIMUR,3579,KOTA BATU,2021-03,2021,PADI,0.0,HA
571,1711,35,JAWA TIMUR,3501,KABUPATEN PACITAN,2021-04,2021,JAGUNG,0.0,HA
571,1712,35,JAWA TIMUR,3501,KABUPATEN PACITAN,2021-04,2021,KEDELAI,0.0,HA
571,1713,35,JAWA TIMUR,3501,KABUPATEN PACITAN,2021-04,2021,PADI,0.0,HA
572,1714,35,JAWA TIMUR,3502,KABUPATEN PONOROGO,2021-04,2021,JAGUNG,0.0,HA
572,1715,35,JAWA TIMUR,3502,KABUPATEN PONOROGO,2021-04,2021,KEDELAI,0.0,HA
572,1716,35,JAWA TIMUR,3502,KABUPATEN PONOROGO,2021-04,2021,PADI,0.0,HA
573,1717,35,JAWA TIMUR,3503,KABUPATEN TRENGGALEK,2021-04,2021,JAGUNG,0.0,HA
573,1718,35,JAWA TIMUR,3503,KABUPATEN TRENGGALEK,2021-04,2021,KEDELAI,0.0,HA
573,1719,35,JAWA TIMUR,3503,KABUPATEN TRENGGALEK,2021-04,2021,PADI,0.0,HA
574,1720,35,JAWA TIMUR,3504,KABUPATEN TULUNGAGUNG,2021-04,2021,JAGUNG,0.0,HA
574,1721,35,JAWA TIMUR,3504,KABUPATEN TULUNGAGUNG,2021-04,2021,KEDELAI,0.0,HA
574,1722,35,JAWA TIMUR,3504,KABUPATEN TULUNGAGUNG,2021-04,2021,PADI,0.0,HA
575,1723,35,JAWA TIMUR,3505,KABUPATEN BLITAR,2021-04,2021,JAGUNG,0.0,HA
575,1724,35,JAWA TIMUR,3505,KABUPATEN BLITAR,2021-04,2021,KEDELAI,0.0,HA
575,1725,35,JAWA TIMUR,3505,KABUPATEN BLITAR,2021-04,2021,PADI,0.0,HA
576,1726,35,JAWA TIMUR,3506,KABUPATEN KEDIRI,2021-04,2021,JAGUNG,0.0,HA
576,1727,35,JAWA TIMUR,3506,KABUPATEN KEDIRI,2021-04,2021,KEDELAI,0.0,HA
576,1728,35,JAWA TIMUR,3506,KABUPATEN KEDIRI,2021-04,2021,PADI,0.0,HA
577,1729,35,JAWA TIMUR,3507,KABUPATEN MALANG,2021-04,2021,JAGUNG,0.0,HA
577,1730,35,JAWA TIMUR,3507,KABUPATEN MALANG,2021-04,2021,KEDELAI,0.0,HA
577,1731,35,JAWA TIMUR,3507,KABUPATEN MALANG,2021-04,2021,PADI,0.0,HA
578,1732,35,JAWA TIMUR,3508,KABUPATEN LUMAJANG,2021-04,2021,JAGUNG,0.0,HA
578,1733,35,JAWA TIMUR,3508,KABUPATEN LUMAJANG,2021-04,2021,KEDELAI,0.0,HA
578,1734,35,JAWA TIMUR,3508,KABUPATEN LUMAJANG,2021-04,2021,PADI,0.0,HA
579,1735,35,JAWA TIMUR,3509,KABUPATEN JEMBER,2021-04,2021,JAGUNG,0.0,HA
579,1736,35,JAWA TIMUR,3509,KABUPATEN JEMBER,2021-04,2021,KEDELAI,0.0,HA
579,1737,35,JAWA TIMUR,3509,KABUPATEN JEMBER,2021-04,2021,PADI,0.0,HA
580,1738,35,JAWA TIMUR,3510,KABUPATEN BANYUWANGI,2021-04,2021,JAGUNG,0.0,HA
580,1739,35,JAWA TIMUR,3510,KABUPATEN BANYUWANGI,2021-04,2021,KEDELAI,0.0,HA
580,1740,35,JAWA TIMUR,3510,KABUPATEN BANYUWANGI,2021-04,2021,PADI,0.0,HA
581,1741,35,JAWA TIMUR,3511,KABUPATEN BONDOWOSO,2021-04,2021,JAGUNG,0.0,HA
581,1742,35,JAWA TIMUR,3511,KABUPATEN BONDOWOSO,2021-04,2021,KEDELAI,0.0,HA
581,1743,35,JAWA TIMUR,3511,KABUPATEN BONDOWOSO,2021-04,2021,PADI,2.0,HA
582,1744,35,JAWA TIMUR,3512,KABUPATEN SITUBONDO,2021-04,2021,JAGUNG,0.0,HA
582,1745,35,JAWA TIMUR,3512,KABUPATEN SITUBONDO,2021-04,2021,KEDELAI,0.0,HA
582,1746,35,JAWA TIMUR,3512,KABUPATEN SITUBONDO,2021-04,2021,PADI,0.0,HA
583,1747,35,JAWA TIMUR,3513,KABUPATEN PROBOLINGGO,2021-04,2021,JAGUNG,0.0,HA
583,1748,35,JAWA TIMUR,3513,KABUPATEN PROBOLINGGO,2021-04,2021,KEDELAI,0.0,HA
583,1749,35,JAWA TIMUR,3513,KABUPATEN PROBOLINGGO,2021-04,2021,PADI,0.0,HA
584,1750,35,JAWA TIMUR,3514,KABUPATEN PASURUAN,2021-04,2021,JAGUNG,0.0,HA
584,1751,35,JAWA TIMUR,3514,KABUPATEN PASURUAN,2021-04,2021,KEDELAI,0.0,HA
584,1752,35,JAWA TIMUR,3514,KABUPATEN PASURUAN,2021-04,2021,PADI,0.0,HA
585,1753,35,JAWA TIMUR,3515,KABUPATEN SIDOARJO,2021-04,2021,JAGUNG,0.0,HA
585,1754,35,JAWA TIMUR,3515,KABUPATEN SIDOARJO,2021-04,2021,KEDELAI,0.0,HA
585,1755,35,JAWA TIMUR,3515,KABUPATEN SIDOARJO,2021-04,2021,PADI,0.0,HA
586,1756,35,JAWA TIMUR,3516,KABUPATEN MOJOKERTO,2021-04,2021,JAGUNG,0.0,HA
586,1757,35,JAWA TIMUR,3516,KABUPATEN MOJOKERTO,2021-04,2021,KEDELAI,0.0,HA
586,1758,35,JAWA TIMUR,3516,KABUPATEN MOJOKERTO,2021-04,2021,PADI,0.0,HA
587,1759,35,JAWA TIMUR,3517,KABUPATEN JOMBANG,2021-04,2021,JAGUNG,0.0,HA
587,1760,35,JAWA TIMUR,3517,KABUPATEN JOMBANG,2021-04,2021,KEDELAI,0.0,HA
587,1761,35,JAWA TIMUR,3517,KABUPATEN JOMBANG,2021-04,2021,PADI,0.0,HA
588,1762,35,JAWA TIMUR,3518,KABUPATEN NGANJUK,2021-04,2021,JAGUNG,0.0,HA
588,1763,35,JAWA TIMUR,3518,KABUPATEN NGANJUK,2021-04,2021,KEDELAI,0.0,HA
588,1764,35,JAWA TIMUR,3518,KABUPATEN NGANJUK,2021-04,2021,PADI,0.0,HA
589,1765,35,JAWA TIMUR,3519,KABUPATEN MADIUN,2021-04,2021,JAGUNG,0.0,HA
589,1766,35,JAWA TIMUR,3519,KABUPATEN MADIUN,2021-04,2021,KEDELAI,0.0,HA
589,1767,35,JAWA TIMUR,3519,KABUPATEN MADIUN,2021-04,2021,PADI,0.0,HA
590,1768,35,JAWA TIMUR,3520,KABUPATEN MAGETAN,2021-04,2021,JAGUNG,0.0,HA
590,1769,35,JAWA TIMUR,3520,KABUPATEN MAGETAN,2021-04,2021,KEDELAI,0.0,HA
590,1770,35,JAWA TIMUR,3520,KABUPATEN MAGETAN,2021-04,2021,PADI,0.0,HA
591,1771,35,JAWA TIMUR,3521,KABUPATEN NGAWI,2021-04,2021,JAGUNG,0.0,HA
591,1772,35,JAWA TIMUR,3521,KABUPATEN NGAWI,2021-04,2021,KEDELAI,0.0,HA
591,1773,35,JAWA TIMUR,3521,KABUPATEN NGAWI,2021-04,2021,PADI,0.0,HA
592,1774,35,JAWA TIMUR,3522,KABUPATEN BOJONEGORO,2021-04,2021,JAGUNG,0.0,HA
592,1775,35,JAWA TIMUR,3522,KABUPATEN BOJONEGORO,2021-04,2021,KEDELAI,0.0,HA
592,1776,35,JAWA TIMUR,3522,KABUPATEN BOJONEGORO,2021-04,2021,PADI,0.0,HA
593,1777,35,JAWA TIMUR,3523,KABUPATEN TUBAN,2021-04,2021,JAGUNG,0.0,HA
593,1778,35,JAWA TIMUR,3523,KABUPATEN TUBAN,2021-04,2021,KEDELAI,0.0,HA
593,1779,35,JAWA TIMUR,3523,KABUPATEN TUBAN,2021-04,2021,PADI,0.0,HA
594,1780,35,JAWA TIMUR,3524,KABUPATEN LAMONGAN,2021-04,2021,JAGUNG,0.0,HA
594,1781,35,JAWA TIMUR,3524,KABUPATEN LAMONGAN,2021-04,2021,KEDELAI,0.0,HA
594,1782,35,JAWA TIMUR,3524,KABUPATEN LAMONGAN,2021-04,2021,PADI,0.0,HA
595,1783,35,JAWA TIMUR,3525,KABUPATEN GRESIK,2021-04,2021,JAGUNG,0.0,HA
595,1784,35,JAWA TIMUR,3525,KABUPATEN GRESIK,2021-04,2021,KEDELAI,0.0,HA
595,1785,35,JAWA TIMUR,3525,KABUPATEN GRESIK,2021-04,2021,PADI,0.0,HA
596,1786,35,JAWA TIMUR,3526,KABUPATEN BANGKALAN,2021-04,2021,JAGUNG,0.0,HA
596,1787,35,JAWA TIMUR,3526,KABUPATEN BANGKALAN,2021-04,2021,KEDELAI,0.0,HA
596,1788,35,JAWA TIMUR,3526,KABUPATEN BANGKALAN,2021-04,2021,PADI,0.0,HA
597,1789,35,JAWA TIMUR,3527,KABUPATEN SAMPANG,2021-04,2021,JAGUNG,0.0,HA
597,1790,35,JAWA TIMUR,3527,KABUPATEN SAMPANG,2021-04,2021,KEDELAI,0.0,HA
597,1791,35,JAWA TIMUR,3527,KABUPATEN SAMPANG,2021-04,2021,PADI,0.0,HA
598,1792,35,JAWA TIMUR,3528,KABUPATEN PAMEKASAN,2021-04,2021,JAGUNG,0.0,HA
598,1793,35,JAWA TIMUR,3528,KABUPATEN PAMEKASAN,2021-04,2021,KEDELAI,0.0,HA
598,1794,35,JAWA TIMUR,3528,KABUPATEN PAMEKASAN,2021-04,2021,PADI,0.0,HA
599,1795,35,JAWA TIMUR,3529,KABUPATEN SUMENEP,2021-04,2021,JAGUNG,0.0,HA
599,1796,35,JAWA TIMUR,3529,KABUPATEN SUMENEP,2021-04,2021,KEDELAI,0.0,HA
599,1797,35,JAWA TIMUR,3529,KABUPATEN SUMENEP,2021-04,2021,PADI,0.0,HA
600,1798,35,JAWA TIMUR,3571,KOTA KEDIRI,2021-04,2021,JAGUNG,0.0,HA
600,1799,35,JAWA TIMUR,3571,KOTA KEDIRI,2021-04,2021,KEDELAI,0.0,HA
600,1800,35,JAWA TIMUR,3571,KOTA KEDIRI,2021-04,2021,PADI,0.0,HA
605,1813,35,JAWA TIMUR,3572,KOTA BLITAR,2021-04,2021,JAGUNG,0.0,HA
605,1814,35,JAWA TIMUR,3572,KOTA BLITAR,2021-04,2021,KEDELAI,0.0,HA
605,1815,35,JAWA TIMUR,3572,KOTA BLITAR,2021-04,2021,PADI,0.0,HA
606,1816,35,JAWA TIMUR,3573,KOTA MALANG,2021-04,2021,JAGUNG,0.0,HA
606,1817,35,JAWA TIMUR,3573,KOTA MALANG,2021-04,2021,KEDELAI,0.0,HA
606,1818,35,JAWA TIMUR,3573,KOTA MALANG,2021-04,2021,PADI,0.0,HA
601,1801,35,JAWA TIMUR,3574,KOTA PROBOLINGGO,2021-04,2021,JAGUNG,0.0,HA
601,1802,35,JAWA TIMUR,3574,KOTA PROBOLINGGO,2021-04,2021,KEDELAI,0.0,HA
601,1803,35,JAWA TIMUR,3574,KOTA PROBOLINGGO,2021-04,2021,PADI,0.0,HA
602,1804,35,JAWA TIMUR,3575,KOTA PASURUAN,2021-04,2021,JAGUNG,0.0,HA
602,1805,35,JAWA TIMUR,3575,KOTA PASURUAN,2021-04,2021,KEDELAI,0.0,HA
602,1806,35,JAWA TIMUR,3575,KOTA PASURUAN,2021-04,2021,PADI,0.0,HA
607,1819,35,JAWA TIMUR,3576,KOTA MOJOKERTO,2021-04,2021,JAGUNG,0.0,HA
607,1820,35,JAWA TIMUR,3576,KOTA MOJOKERTO,2021-04,2021,KEDELAI,0.0,HA
607,1821,35,JAWA TIMUR,3576,KOTA MOJOKERTO,2021-04,2021,PADI,0.0,HA
603,1807,35,JAWA TIMUR,3577,KOTA MADIUN,2021-04,2021,JAGUNG,0.0,HA
603,1808,35,JAWA TIMUR,3577,KOTA MADIUN,2021-04,2021,KEDELAI,0.0,HA
603,1809,35,JAWA TIMUR,3577,KOTA MADIUN,2021-04,2021,PADI,0.0,HA
608,1822,35,JAWA TIMUR,3578,KOTA SURABAYA,2021-04,2021,JAGUNG,0.0,HA
608,1823,35,JAWA TIMUR,3578,KOTA SURABAYA,2021-04,2021,KEDELAI,0.0,HA
608,1824,35,JAWA TIMUR,3578,KOTA SURABAYA,2021-04,2021,PADI,0.0,HA
604,1810,35,JAWA TIMUR,3579,KOTA BATU,2021-04,2021,JAGUNG,0.0,HA
604,1811,35,JAWA TIMUR,3579,KOTA BATU,2021-04,2021,KEDELAI,0.0,HA
604,1812,35,JAWA TIMUR,3579,KOTA BATU,2021-04,2021,PADI,0.0,HA
609,1825,35,JAWA TIMUR,3501,KABUPATEN PACITAN,2021-05,2021,JAGUNG,0.0,HA
609,1826,35,JAWA TIMUR,3501,KABUPATEN PACITAN,2021-05,2021,KEDELAI,0.0,HA
609,1827,35,JAWA TIMUR,3501,KABUPATEN PACITAN,2021-05,2021,PADI,56.0,HA
610,1828,35,JAWA TIMUR,3502,KABUPATEN PONOROGO,2021-05,2021,JAGUNG,0.0,HA
610,1829,35,JAWA TIMUR,3502,KABUPATEN PONOROGO,2021-05,2021,KEDELAI,0.0,HA
610,1830,35,JAWA TIMUR,3502,KABUPATEN PONOROGO,2021-05,2021,PADI,0.0,HA
611,1831,35,JAWA TIMUR,3503,KABUPATEN TRENGGALEK,2021-05,2021,JAGUNG,0.0,HA
611,1832,35,JAWA TIMUR,3503,KABUPATEN TRENGGALEK,2021-05,2021,KEDELAI,0.0,HA
611,1833,35,JAWA TIMUR,3503,KABUPATEN TRENGGALEK,2021-05,2021,PADI,28.5,HA
612,1834,35,JAWA TIMUR,3504,KABUPATEN TULUNGAGUNG,2021-05,2021,JAGUNG,0.0,HA
612,1835,35,JAWA TIMUR,3504,KABUPATEN TULUNGAGUNG,2021-05,2021,KEDELAI,0.0,HA
612,1836,35,JAWA TIMUR,3504,KABUPATEN TULUNGAGUNG,2021-05,2021,PADI,0.0,HA
613,1837,35,JAWA TIMUR,3505,KABUPATEN BLITAR,2021-05,2021,JAGUNG,0.0,HA
613,1838,35,JAWA TIMUR,3505,KABUPATEN BLITAR,2021-05,2021,KEDELAI,0.0,HA
613,1839,35,JAWA TIMUR,3505,KABUPATEN BLITAR,2021-05,2021,PADI,0.0,HA
614,1840,35,JAWA TIMUR,3506,KABUPATEN KEDIRI,2021-05,2021,JAGUNG,0.0,HA
614,1841,35,JAWA TIMUR,3506,KABUPATEN KEDIRI,2021-05,2021,KEDELAI,0.0,HA
614,1842,35,JAWA TIMUR,3506,KABUPATEN KEDIRI,2021-05,2021,PADI,0.0,HA
615,1843,35,JAWA TIMUR,3507,KABUPATEN MALANG,2021-05,2021,JAGUNG,0.0,HA
615,1844,35,JAWA TIMUR,3507,KABUPATEN MALANG,2021-05,2021,KEDELAI,0.0,HA
615,1845,35,JAWA TIMUR,3507,KABUPATEN MALANG,2021-05,2021,PADI,0.0,HA
616,1846,35,JAWA TIMUR,3508,KABUPATEN LUMAJANG,2021-05,2021,JAGUNG,0.0,HA
616,1847,35,JAWA TIMUR,3508,KABUPATEN LUMAJANG,2021-05,2021,KEDELAI,0.0,HA
616,1848,35,JAWA TIMUR,3508,KABUPATEN LUMAJANG,2021-05,2021,PADI,3.1,HA
617,1849,35,JAWA TIMUR,3509,KABUPATEN JEMBER,2021-05,2021,JAGUNG,0.0,HA
617,1850,35,JAWA TIMUR,3509,KABUPATEN JEMBER,2021-05,2021,KEDELAI,0.0,HA
617,1851,35,JAWA TIMUR,3509,KABUPATEN JEMBER,2021-05,2021,PADI,0.0,HA
618,1852,35,JAWA TIMUR,3510,KABUPATEN BANYUWANGI,2021-05,2021,JAGUNG,0.0,HA
618,1853,35,JAWA TIMUR,3510,KABUPATEN BANYUWANGI,2021-05,2021,KEDELAI,0.0,HA
618,1854,35,JAWA TIMUR,3510,KABUPATEN BANYUWANGI,2021-05,2021,PADI,0.0,HA
619,1855,35,JAWA TIMUR,3511,KABUPATEN BONDOWOSO,2021-05,2021,JAGUNG,0.0,HA
619,1856,35,JAWA TIMUR,3511,KABUPATEN BONDOWOSO,2021-05,2021,KEDELAI,0.0,HA
619,1857,35,JAWA TIMUR,3511,KABUPATEN BONDOWOSO,2021-05,2021,PADI,0.2,HA
620,1858,35,JAWA TIMUR,3512,KABUPATEN SITUBONDO,2021-05,2021,JAGUNG,0.0,HA
620,1859,35,JAWA TIMUR,3512,KABUPATEN SITUBONDO,2021-05,2021,KEDELAI,0.0,HA
620,1860,35,JAWA TIMUR,3512,KABUPATEN SITUBONDO,2021-05,2021,PADI,250.0,HA
621,1861,35,JAWA TIMUR,3513,KABUPATEN PROBOLINGGO,2021-05,2021,JAGUNG,0.0,HA
621,1862,35,JAWA TIMUR,3513,KABUPATEN PROBOLINGGO,2021-05,2021,KEDELAI,0.0,HA
621,1863,35,JAWA TIMUR,3513,KABUPATEN PROBOLINGGO,2021-05,2021,PADI,0.0,HA
622,1864,35,JAWA TIMUR,3514,KABUPATEN PASURUAN,2021-05,2021,JAGUNG,0.0,HA
622,1865,35,JAWA TIMUR,3514,KABUPATEN PASURUAN,2021-05,2021,KEDELAI,0.0,HA
622,1866,35,JAWA TIMUR,3514,KABUPATEN PASURUAN,2021-05,2021,PADI,0.0,HA
623,1867,35,JAWA TIMUR,3515,KABUPATEN SIDOARJO,2021-05,2021,JAGUNG,0.0,HA
623,1868,35,JAWA TIMUR,3515,KABUPATEN SIDOARJO,2021-05,2021,KEDELAI,0.0,HA
623,1869,35,JAWA TIMUR,3515,KABUPATEN SIDOARJO,2021-05,2021,PADI,0.0,HA
624,1870,35,JAWA TIMUR,3516,KABUPATEN MOJOKERTO,2021-05,2021,JAGUNG,0.0,HA
624,1871,35,JAWA TIMUR,3516,KABUPATEN MOJOKERTO,2021-05,2021,KEDELAI,0.0,HA
624,1872,35,JAWA TIMUR,3516,KABUPATEN MOJOKERTO,2021-05,2021,PADI,0.0,HA
625,1873,35,JAWA TIMUR,3517,KABUPATEN JOMBANG,2021-05,2021,JAGUNG,0.0,HA
625,1874,35,JAWA TIMUR,3517,KABUPATEN JOMBANG,2021-05,2021,KEDELAI,0.0,HA
625,1875,35,JAWA TIMUR,3517,KABUPATEN JOMBANG,2021-05,2021,PADI,0.0,HA
626,1876,35,JAWA TIMUR,3518,KABUPATEN NGANJUK,2021-05,2021,JAGUNG,0.0,HA
626,1877,35,JAWA TIMUR,3518,KABUPATEN NGANJUK,2021-05,2021,KEDELAI,0.0,HA
626,1878,35,JAWA TIMUR,3518,KABUPATEN NGANJUK,2021-05,2021,PADI,0.0,HA
627,1879,35,JAWA TIMUR,3519,KABUPATEN MADIUN,2021-05,2021,JAGUNG,0.0,HA
627,1880,35,JAWA TIMUR,3519,KABUPATEN MADIUN,2021-05,2021,KEDELAI,0.0,HA
627,1881,35,JAWA TIMUR,3519,KABUPATEN MADIUN,2021-05,2021,PADI,0.0,HA
628,1882,35,JAWA TIMUR,3520,KABUPATEN MAGETAN,2021-05,2021,JAGUNG,0.0,HA
628,1883,35,JAWA TIMUR,3520,KABUPATEN MAGETAN,2021-05,2021,KEDELAI,0.0,HA
628,1884,35,JAWA TIMUR,3520,KABUPATEN MAGETAN,2021-05,2021,PADI,0.0,HA
629,1885,35,JAWA TIMUR,3521,KABUPATEN NGAWI,2021-05,2021,JAGUNG,0.0,HA
629,1886,35,JAWA TIMUR,3521,KABUPATEN NGAWI,2021-05,2021,KEDELAI,0.0,HA
629,1887,35,JAWA TIMUR,3521,KABUPATEN NGAWI,2021-05,2021,PADI,0.0,HA
630,1888,35,JAWA TIMUR,3522,KABUPATEN BOJONEGORO,2021-05,2021,JAGUNG,0.0,HA
630,1889,35,JAWA TIMUR,3522,KABUPATEN BOJONEGORO,2021-05,2021,KEDELAI,0.0,HA
630,1890,35,JAWA TIMUR,3522,KABUPATEN BOJONEGORO,2021-05,2021,PADI,1588.5,HA
631,1891,35,JAWA TIMUR,3523,KABUPATEN TUBAN,2021-05,2021,JAGUNG,0.0,HA
631,1892,35,JAWA TIMUR,3523,KABUPATEN TUBAN,2021-05,2021,KEDELAI,0.0,HA
631,1893,35,JAWA TIMUR,3523,KABUPATEN TUBAN,2021-05,2021,PADI,5.0,HA
632,1894,35,JAWA TIMUR,3524,KABUPATEN LAMONGAN,2021-05,2021,JAGUNG,0.0,HA
632,1895,35,JAWA TIMUR,3524,KABUPATEN LAMONGAN,2021-05,2021,KEDELAI,0.0,HA
632,1896,35,JAWA TIMUR,3524,KABUPATEN LAMONGAN,2021-05,2021,PADI,3759.7,HA
633,1897,35,JAWA TIMUR,3525,KABUPATEN GRESIK,2021-05,2021,JAGUNG,0.0,HA
633,1898,35,JAWA TIMUR,3525,KABUPATEN GRESIK,2021-05,2021,KEDELAI,0.0,HA
633,1899,35,JAWA TIMUR,3525,KABUPATEN GRESIK,2021-05,2021,PADI,150.0,HA
634,1900,35,JAWA TIMUR,3526,KABUPATEN BANGKALAN,2021-05,2021,JAGUNG,0.0,HA
634,1901,35,JAWA TIMUR,3526,KABUPATEN BANGKALAN,2021-05,2021,KEDELAI,0.0,HA
634,1902,35,JAWA TIMUR,3526,KABUPATEN BANGKALAN,2021-05,2021,PADI,40.0,HA
635,1903,35,JAWA TIMUR,3527,KABUPATEN SAMPANG,2021-05,2021,JAGUNG,0.0,HA
635,1904,35,JAWA TIMUR,3527,KABUPATEN SAMPANG,2021-05,2021,KEDELAI,0.0,HA
635,1905,35,JAWA TIMUR,3527,KABUPATEN SAMPANG,2021-05,2021,PADI,133.5,HA
636,1906,35,JAWA TIMUR,3528,KABUPATEN PAMEKASAN,2021-05,2021,JAGUNG,0.0,HA
636,1907,35,JAWA TIMUR,3528,KABUPATEN PAMEKASAN,2021-05,2021,KEDELAI,0.0,HA
636,1908,35,JAWA TIMUR,3528,KABUPATEN PAMEKASAN,2021-05,2021,PADI,0.0,HA
637,1909,35,JAWA TIMUR,3529,KABUPATEN SUMENEP,2021-05,2021,JAGUNG,0.0,HA
637,1910,35,JAWA TIMUR,3529,KABUPATEN SUMENEP,2021-05,2021,KEDELAI,0.0,HA
637,1911,35,JAWA TIMUR,3529,KABUPATEN SUMENEP,2021-05,2021,PADI,0.0,HA
638,1912,35,JAWA TIMUR,3571,KOTA KEDIRI,2021-05,2021,JAGUNG,0.0,HA
638,1913,35,JAWA TIMUR,3571,KOTA KEDIRI,2021-05,2021,KEDELAI,0.0,HA
638,1914,35,JAWA TIMUR,3571,KOTA KEDIRI,2021-05,2021,PADI,0.0,HA
643,1927,35,JAWA TIMUR,3572,KOTA BLITAR,2021-05,2021,JAGUNG,0.0,HA
643,1928,35,JAWA TIMUR,3572,KOTA BLITAR,2021-05,2021,KEDELAI,0.0,HA
643,1929,35,JAWA TIMUR,3572,KOTA BLITAR,2021-05,2021,PADI,0.0,HA
644,1930,35,JAWA TIMUR,3573,KOTA MALANG,2021-05,2021,JAGUNG,0.0,HA
644,1931,35,JAWA TIMUR,3573,KOTA MALANG,2021-05,2021,KEDELAI,0.0,HA
644,1932,35,JAWA TIMUR,3573,KOTA MALANG,2021-05,2021,PADI,0.0,HA
639,1915,35,JAWA TIMUR,3574,KOTA PROBOLINGGO,2021-05,2021,JAGUNG,0.0,HA
639,1916,35,JAWA TIMUR,3574,KOTA PROBOLINGGO,2021-05,2021,KEDELAI,0.0,HA
639,1917,35,JAWA TIMUR,3574,KOTA PROBOLINGGO,2021-05,2021,PADI,0.0,HA
640,1918,35,JAWA TIMUR,3575,KOTA PASURUAN,2021-05,2021,JAGUNG,0.0,HA
640,1919,35,JAWA TIMUR,3575,KOTA PASURUAN,2021-05,2021,KEDELAI,0.0,HA
640,1920,35,JAWA TIMUR,3575,KOTA PASURUAN,2021-05,2021,PADI,0.0,HA
645,1933,35,JAWA TIMUR,3576,KOTA MOJOKERTO,2021-05,2021,JAGUNG,0.0,HA
645,1934,35,JAWA TIMUR,3576,KOTA MOJOKERTO,2021-05,2021,KEDELAI,0.0,HA
645,1935,35,JAWA TIMUR,3576,KOTA MOJOKERTO,2021-05,2021,PADI,0.0,HA
641,1921,35,JAWA TIMUR,3577,KOTA MADIUN,2021-05,2021,JAGUNG,0.0,HA
641,1922,35,JAWA TIMUR,3577,KOTA MADIUN,2021-05,2021,KEDELAI,0.0,HA
641,1923,35,JAWA TIMUR,3577,KOTA MADIUN,2021-05,2021,PADI,0.0,HA
646,1936,35,JAWA TIMUR,3578,KOTA SURABAYA,2021-05,2021,JAGUNG,0.0,HA
646,1937,35,JAWA TIMUR,3578,KOTA SURABAYA,2021-05,2021,KEDELAI,0.0,HA
646,1938,35,JAWA TIMUR,3578,KOTA SURABAYA,2021-05,2021,PADI,0.0,HA
642,1924,35,JAWA TIMUR,3579,KOTA BATU,2021-05,2021,JAGUNG,0.0,HA
642,1925,35,JAWA TIMUR,3579,KOTA BATU,2021-05,2021,KEDELAI,0.0,HA
642,1926,35,JAWA TIMUR,3579,KOTA BATU,2021-05,2021,PADI,0.0,HA
647,1939,35,JAWA TIMUR,3501,KABUPATEN PACITAN,2021-06,2021,JAGUNG,0.0,HA
647,1940,35,JAWA TIMUR,3501,KABUPATEN PACITAN,2021-06,2021,KEDELAI,0.0,HA
647,1941,35,JAWA TIMUR,3501,KABUPATEN PACITAN,2021-06,2021,PADI,0.0,HA
648,1942,35,JAWA TIMUR,3502,KABUPATEN PONOROGO,2021-06,2021,JAGUNG,0.0,HA
648,1943,35,JAWA TIMUR,3502,KABUPATEN PONOROGO,2021-06,2021,KEDELAI,0.0,HA
648,1944,35,JAWA TIMUR,3502,KABUPATEN PONOROGO,2021-06,2021,PADI,0.0,HA
649,1945,35,JAWA TIMUR,3503,KABUPATEN TRENGGALEK,2021-06,2021,JAGUNG,0.0,HA
649,1946,35,JAWA TIMUR,3503,KABUPATEN TRENGGALEK,2021-06,2021,KEDELAI,0.0,HA
649,1947,35,JAWA TIMUR,3503,KABUPATEN TRENGGALEK,2021-06,2021,PADI,35.0,HA
650,1948,35,JAWA TIMUR,3504,KABUPATEN TULUNGAGUNG,2021-06,2021,JAGUNG,0.0,HA
650,1949,35,JAWA TIMUR,3504,KABUPATEN TULUNGAGUNG,2021-06,2021,KEDELAI,0.0,HA
650,1950,35,JAWA TIMUR,3504,KABUPATEN TULUNGAGUNG,2021-06,2021,PADI,73.0,HA
651,1951,35,JAWA TIMUR,3505,KABUPATEN BLITAR,2021-06,2021,JAGUNG,0.0,HA
651,1952,35,JAWA TIMUR,3505,KABUPATEN BLITAR,2021-06,2021,KEDELAI,0.0,HA
651,1953,35,JAWA TIMUR,3505,KABUPATEN BLITAR,2021-06,2021,PADI,0.0,HA
652,1954,35,JAWA TIMUR,3506,KABUPATEN KEDIRI,2021-06,2021,JAGUNG,0.0,HA
652,1955,35,JAWA TIMUR,3506,KABUPATEN KEDIRI,2021-06,2021,KEDELAI,0.0,HA
652,1956,35,JAWA TIMUR,3506,KABUPATEN KEDIRI,2021-06,2021,PADI,0.0,HA
653,1957,35,JAWA TIMUR,3507,KABUPATEN MALANG,2021-06,2021,JAGUNG,0.0,HA
653,1958,35,JAWA TIMUR,3507,KABUPATEN MALANG,2021-06,2021,KEDELAI,0.0,HA
653,1959,35,JAWA TIMUR,3507,KABUPATEN MALANG,2021-06,2021,PADI,0.0,HA
654,1960,35,JAWA TIMUR,3508,KABUPATEN LUMAJANG,2021-06,2021,JAGUNG,0.0,HA
654,1961,35,JAWA TIMUR,3508,KABUPATEN LUMAJANG,2021-06,2021,KEDELAI,0.0,HA
654,1962,35,JAWA TIMUR,3508,KABUPATEN LUMAJANG,2021-06,2021,PADI,0.0,HA
655,1963,35,JAWA TIMUR,3509,KABUPATEN JEMBER,2021-06,2021,JAGUNG,0.0,HA
655,1964,35,JAWA TIMUR,3509,KABUPATEN JEMBER,2021-06,2021,KEDELAI,0.0,HA
655,1965,35,JAWA TIMUR,3509,KABUPATEN JEMBER,2021-06,2021,PADI,0.0,HA
656,1966,35,JAWA TIMUR,3510,KABUPATEN BANYUWANGI,2021-06,2021,JAGUNG,0.0,HA
656,1967,35,JAWA TIMUR,3510,KABUPATEN BANYUWANGI,2021-06,2021,KEDELAI,0.0,HA
656,1968,35,JAWA TIMUR,3510,KABUPATEN BANYUWANGI,2021-06,2021,PADI,0.0,HA
657,1969,35,JAWA TIMUR,3511,KABUPATEN BONDOWOSO,2021-06,2021,JAGUNG,0.0,HA
657,1970,35,JAWA TIMUR,3511,KABUPATEN BONDOWOSO,2021-06,2021,KEDELAI,0.0,HA
657,1971,35,JAWA TIMUR,3511,KABUPATEN BONDOWOSO,2021-06,2021,PADI,0.0,HA
658,1972,35,JAWA TIMUR,3512,KABUPATEN SITUBONDO,2021-06,2021,JAGUNG,0.0,HA
658,1973,35,JAWA TIMUR,3512,KABUPATEN SITUBONDO,2021-06,2021,KEDELAI,0.0,HA
658,1974,35,JAWA TIMUR,3512,KABUPATEN SITUBONDO,2021-06,2021,PADI,0.0,HA
659,1975,35,JAWA TIMUR,3513,KABUPATEN PROBOLINGGO,2021-06,2021,JAGUNG,0.0,HA
659,1976,35,JAWA TIMUR,3513,KABUPATEN PROBOLINGGO,2021-06,2021,KEDELAI,0.0,HA
659,1977,35,JAWA TIMUR,3513,KABUPATEN PROBOLINGGO,2021-06,2021,PADI,0.0,HA
660,1978,35,JAWA TIMUR,3514,KABUPATEN PASURUAN,2021-06,2021,JAGUNG,0.0,HA
660,1979,35,JAWA TIMUR,3514,KABUPATEN PASURUAN,2021-06,2021,KEDELAI,0.0,HA
660,1980,35,JAWA TIMUR,3514,KABUPATEN PASURUAN,2021-06,2021,PADI,0.0,HA
661,1981,35,JAWA TIMUR,3515,KABUPATEN SIDOARJO,2021-06,2021,JAGUNG,0.0,HA
661,1982,35,JAWA TIMUR,3515,KABUPATEN SIDOARJO,2021-06,2021,KEDELAI,0.0,HA
661,1983,35,JAWA TIMUR,3515,KABUPATEN SIDOARJO,2021-06,2021,PADI,0.0,HA
662,1984,35,JAWA TIMUR,3516,KABUPATEN MOJOKERTO,2021-06,2021,JAGUNG,0.0,HA
662,1985,35,JAWA TIMUR,3516,KABUPATEN MOJOKERTO,2021-06,2021,KEDELAI,0.0,HA
662,1986,35,JAWA TIMUR,3516,KABUPATEN MOJOKERTO,2021-06,2021,PADI,0.0,HA
663,1987,35,JAWA TIMUR,3517,KABUPATEN JOMBANG,2021-06,2021,JAGUNG,0.0,HA
663,1988,35,JAWA TIMUR,3517,KABUPATEN JOMBANG,2021-06,2021,KEDELAI,0.0,HA
663,1989,35,JAWA TIMUR,3517,KABUPATEN JOMBANG,2021-06,2021,PADI,0.0,HA
664,1990,35,JAWA TIMUR,3518,KABUPATEN NGANJUK,2021-06,2021,JAGUNG,0.0,HA
664,1991,35,JAWA TIMUR,3518,KABUPATEN NGANJUK,2021-06,2021,KEDELAI,0.0,HA
664,1992,35,JAWA TIMUR,3518,KABUPATEN NGANJUK,2021-06,2021,PADI,0.0,HA
665,1993,35,JAWA TIMUR,3519,KABUPATEN MADIUN,2021-06,2021,JAGUNG,0.0,HA
665,1994,35,JAWA TIMUR,3519,KABUPATEN MADIUN,2021-06,2021,KEDELAI,0.0,HA
665,1995,35,JAWA TIMUR,3519,KABUPATEN MADIUN,2021-06,2021,PADI,0.0,HA
666,1996,35,JAWA TIMUR,3520,KABUPATEN MAGETAN,2021-06,2021,JAGUNG,0.0,HA
666,1997,35,JAWA TIMUR,3520,KABUPATEN MAGETAN,2021-06,2021,KEDELAI,0.0,HA
666,1998,35,JAWA TIMUR,3520,KABUPATEN MAGETAN,2021-06,2021,PADI,0.0,HA
667,1999,35,JAWA TIMUR,3521,KABUPATEN NGAWI,2021-06,2021,JAGUNG,0.0,HA
667,2000,35,JAWA TIMUR,3521,KABUPATEN NGAWI,2021-06,2021,KEDELAI,0.0,HA
667,2001,35,JAWA TIMUR,3521,KABUPATEN NGAWI,2021-06,2021,PADI,0.0,HA
668,2002,35,JAWA TIMUR,3522,KABUPATEN BOJONEGORO,2021-06,2021,JAGUNG,0.0,HA
668,2003,35,JAWA TIMUR,3522,KABUPATEN BOJONEGORO,2021-06,2021,KEDELAI,0.0,HA
668,2004,35,JAWA TIMUR,3522,KABUPATEN BOJONEGORO,2021-06,2021,PADI,445.0,HA
669,2005,35,JAWA TIMUR,3523,KABUPATEN TUBAN,2021-06,2021,JAGUNG,0.0,HA
669,2006,35,JAWA TIMUR,3523,KABUPATEN TUBAN,2021-06,2021,KEDELAI,0.0,HA
669,2007,35,JAWA TIMUR,3523,KABUPATEN TUBAN,2021-06,2021,PADI,32.0,HA
670,2008,35,JAWA TIMUR,3524,KABUPATEN LAMONGAN,2021-06,2021,JAGUNG,0.0,HA
670,2009,35,JAWA TIMUR,3524,KABUPATEN LAMONGAN,2021-06,2021,KEDELAI,0.0,HA
670,2010,35,JAWA TIMUR,3524,KABUPATEN LAMONGAN,2021-06,2021,PADI,2176.0,HA
671,2011,35,JAWA TIMUR,3525,KABUPATEN GRESIK,2021-06,2021,JAGUNG,0.5,HA
671,2012,35,JAWA TIMUR,3525,KABUPATEN GRESIK,2021-06,2021,KEDELAI,0.0,HA
671,2013,35,JAWA TIMUR,3525,KABUPATEN GRESIK,2021-06,2021,PADI,316.0,HA
672,2014,35,JAWA TIMUR,3526,KABUPATEN BANGKALAN,2021-06,2021,JAGUNG,0.0,HA
672,2015,35,JAWA TIMUR,3526,KABUPATEN BANGKALAN,2021-06,2021,KEDELAI,0.0,HA
672,2016,35,JAWA TIMUR,3526,KABUPATEN BANGKALAN,2021-06,2021,PADI,0.0,HA
673,2017,35,JAWA TIMUR,3527,KABUPATEN SAMPANG,2021-06,2021,JAGUNG,0.0,HA
673,2018,35,JAWA TIMUR,3527,KABUPATEN SAMPANG,2021-06,2021,KEDELAI,0.0,HA
673,2019,35,JAWA TIMUR,3527,KABUPATEN SAMPANG,2021-06,2021,PADI,71.5,HA
674,2020,35,JAWA TIMUR,3528,KABUPATEN PAMEKASAN,2021-06,2021,JAGUNG,0.0,HA
674,2021,35,JAWA TIMUR,3528,KABUPATEN PAMEKASAN,2021-06,2021,KEDELAI,0.0,HA
674,2022,35,JAWA TIMUR,3528,KABUPATEN PAMEKASAN,2021-06,2021,PADI,0.0,HA
675,2023,35,JAWA TIMUR,3529,KABUPATEN SUMENEP,2021-06,2021,JAGUNG,0.0,HA
675,2024,35,JAWA TIMUR,3529,KABUPATEN SUMENEP,2021-06,2021,KEDELAI,0.0,HA
675,2025,35,JAWA TIMUR,3529,KABUPATEN SUMENEP,2021-06,2021,PADI,0.0,HA
676,2026,35,JAWA TIMUR,3571,KOTA KEDIRI,2021-06,2021,JAGUNG,0.0,HA
676,2027,35,JAWA TIMUR,3571,KOTA KEDIRI,2021-06,2021,KEDELAI,0.0,HA
676,2028,35,JAWA TIMUR,3571,KOTA KEDIRI,2021-06,2021,PADI,0.0,HA
681,2041,35,JAWA TIMUR,3572,KOTA BLITAR,2021-06,2021,JAGUNG,0.0,HA
681,2042,35,JAWA TIMUR,3572,KOTA BLITAR,2021-06,2021,KEDELAI,0.0,HA
681,2043,35,JAWA TIMUR,3572,KOTA BLITAR,2021-06,2021,PADI,0.0,HA
682,2044,35,JAWA TIMUR,3573,KOTA MALANG,2021-06,2021,JAGUNG,0.0,HA
682,2045,35,JAWA TIMUR,3573,KOTA MALANG,2021-06,2021,KEDELAI,0.0,HA
682,2046,35,JAWA TIMUR,3573,KOTA MALANG,2021-06,2021,PADI,0.0,HA
677,2029,35,JAWA TIMUR,3574,KOTA PROBOLINGGO,2021-06,2021,JAGUNG,0.0,HA
677,2030,35,JAWA TIMUR,3574,KOTA PROBOLINGGO,2021-06,2021,KEDELAI,0.0,HA
677,2031,35,JAWA TIMUR,3574,KOTA PROBOLINGGO,2021-06,2021,PADI,0.0,HA
678,2032,35,JAWA TIMUR,3575,KOTA PASURUAN,2021-06,2021,JAGUNG,0.0,HA
678,2033,35,JAWA TIMUR,3575,KOTA PASURUAN,2021-06,2021,KEDELAI,0.0,HA
678,2034,35,JAWA TIMUR,3575,KOTA PASURUAN,2021-06,2021,PADI,0.0,HA
683,2047,35,JAWA TIMUR,3576,KOTA MOJOKERTO,2021-06,2021,JAGUNG,0.0,HA
683,2048,35,JAWA TIMUR,3576,KOTA MOJOKERTO,2021-06,2021,KEDELAI,0.0,HA
683,2049,35,JAWA TIMUR,3576,KOTA MOJOKERTO,2021-06,2021,PADI,0.8,HA
679,2035,35,JAWA TIMUR,3577,KOTA MADIUN,2021-06,2021,JAGUNG,0.0,HA
679,2036,35,JAWA TIMUR,3577,KOTA MADIUN,2021-06,2021,KEDELAI,0.0,HA
679,2037,35,JAWA TIMUR,3577,KOTA MADIUN,2021-06,2021,PADI,0.0,HA
684,2050,35,JAWA TIMUR,3578,KOTA SURABAYA,2021-06,2021,JAGUNG,0.0,HA
684,2051,35,JAWA TIMUR,3578,KOTA SURABAYA,2021-06,2021,KEDELAI,0.0,HA
684,2052,35,JAWA TIMUR,3578,KOTA SURABAYA,2021-06,2021,PADI,0.0,HA
680,2038,35,JAWA TIMUR,3579,KOTA BATU,2021-06,2021,JAGUNG,0.0,HA
680,2039,35,JAWA TIMUR,3579,KOTA BATU,2021-06,2021,KEDELAI,0.0,HA
680,2040,35,JAWA TIMUR,3579,KOTA BATU,2021-06,2021,PADI,0.0,HA
685,2053,35,JAWA TIMUR,3501,KABUPATEN PACITAN,2021-07,2021,JAGUNG,0.0,HA
685,2054,35,JAWA TIMUR,3501,KABUPATEN PACITAN,2021-07,2021,KEDELAI,0.0,HA
685,2055,35,JAWA TIMUR,3501,KABUPATEN PACITAN,2021-07,2021,PADI,0.0,HA
686,2056,35,JAWA TIMUR,3502,KABUPATEN PONOROGO,2021-07,2021,JAGUNG,0.0,HA
686,2057,35,JAWA TIMUR,3502,KABUPATEN PONOROGO,2021-07,2021,KEDELAI,0.0,HA
686,2058,35,JAWA TIMUR,3502,KABUPATEN PONOROGO,2021-07,2021,PADI,0.0,HA
687,2059,35,JAWA TIMUR,3503,KABUPATEN TRENGGALEK,2021-07,2021,JAGUNG,0.0,HA
687,2060,35,JAWA TIMUR,3503,KABUPATEN TRENGGALEK,2021-07,2021,KEDELAI,0.0,HA
687,2061,35,JAWA TIMUR,3503,KABUPATEN TRENGGALEK,2021-07,2021,PADI,0.0,HA
688,2062,35,JAWA TIMUR,3504,KABUPATEN TULUNGAGUNG,2021-07,2021,JAGUNG,0.0,HA
688,2063,35,JAWA TIMUR,3504,KABUPATEN TULUNGAGUNG,2021-07,2021,KEDELAI,0.0,HA
688,2064,35,JAWA TIMUR,3504,KABUPATEN TULUNGAGUNG,2021-07,2021,PADI,0.0,HA
689,2065,35,JAWA TIMUR,3505,KABUPATEN BLITAR,2021-07,2021,JAGUNG,0.0,HA
689,2066,35,JAWA TIMUR,3505,KABUPATEN BLITAR,2021-07,2021,KEDELAI,0.0,HA
689,2067,35,JAWA TIMUR,3505,KABUPATEN BLITAR,2021-07,2021,PADI,0.0,HA
690,2068,35,JAWA TIMUR,3506,KABUPATEN KEDIRI,2021-07,2021,JAGUNG,0.0,HA
690,2069,35,JAWA TIMUR,3506,KABUPATEN KEDIRI,2021-07,2021,KEDELAI,0.0,HA
690,2070,35,JAWA TIMUR,3506,KABUPATEN KEDIRI,2021-07,2021,PADI,0.0,HA
691,2071,35,JAWA TIMUR,3507,KABUPATEN MALANG,2021-07,2021,JAGUNG,0.0,HA
691,2072,35,JAWA TIMUR,3507,KABUPATEN MALANG,2021-07,2021,KEDELAI,0.0,HA
691,2073,35,JAWA TIMUR,3507,KABUPATEN MALANG,2021-07,2021,PADI,0.0,HA
692,2074,35,JAWA TIMUR,3508,KABUPATEN LUMAJANG,2021-07,2021,JAGUNG,0.0,HA
692,2075,35,JAWA TIMUR,3508,KABUPATEN LUMAJANG,2021-07,2021,KEDELAI,0.0,HA
692,2076,35,JAWA TIMUR,3508,KABUPATEN LUMAJANG,2021-07,2021,PADI,0.0,HA
693,2077,35,JAWA TIMUR,3509,KABUPATEN JEMBER,2021-07,2021,JAGUNG,0.0,HA
693,2078,35,JAWA TIMUR,3509,KABUPATEN JEMBER,2021-07,2021,KEDELAI,0.0,HA
693,2079,35,JAWA TIMUR,3509,KABUPATEN JEMBER,2021-07,2021,PADI,0.0,HA
694,2080,35,JAWA TIMUR,3510,KABUPATEN BANYUWANGI,2021-07,2021,JAGUNG,0.0,HA
694,2081,35,JAWA TIMUR,3510,KABUPATEN BANYUWANGI,2021-07,2021,KEDELAI,0.0,HA
694,2082,35,JAWA TIMUR,3510,KABUPATEN BANYUWANGI,2021-07,2021,PADI,0.0,HA
695,2083,35,JAWA TIMUR,3511,KABUPATEN BONDOWOSO,2021-07,2021,JAGUNG,0.0,HA
695,2084,35,JAWA TIMUR,3511,KABUPATEN BONDOWOSO,2021-07,2021,KEDELAI,0.0,HA
695,2085,35,JAWA TIMUR,3511,KABUPATEN BONDOWOSO,2021-07,2021,PADI,0.0,HA
696,2086,35,JAWA TIMUR,3512,KABUPATEN SITUBONDO,2021-07,2021,JAGUNG,0.0,HA
696,2087,35,JAWA TIMUR,3512,KABUPATEN SITUBONDO,2021-07,2021,KEDELAI,0.0,HA
696,2088,35,JAWA TIMUR,3512,KABUPATEN SITUBONDO,2021-07,2021,PADI,0.0,HA
697,2089,35,JAWA TIMUR,3513,KABUPATEN PROBOLINGGO,2021-07,2021,JAGUNG,0.0,HA
697,2090,35,JAWA TIMUR,3513,KABUPATEN PROBOLINGGO,2021-07,2021,KEDELAI,0.0,HA
697,2091,35,JAWA TIMUR,3513,KABUPATEN PROBOLINGGO,2021-07,2021,PADI,0.0,HA
698,2092,35,JAWA TIMUR,3514,KABUPATEN PASURUAN,2021-07,2021,JAGUNG,0.0,HA
698,2093,35,JAWA TIMUR,3514,KABUPATEN PASURUAN,2021-07,2021,KEDELAI,0.0,HA
698,2094,35,JAWA TIMUR,3514,KABUPATEN PASURUAN,2021-07,2021,PADI,0.0,HA
699,2095,35,JAWA TIMUR,3515,KABUPATEN SIDOARJO,2021-07,2021,JAGUNG,0.0,HA
699,2096,35,JAWA TIMUR,3515,KABUPATEN SIDOARJO,2021-07,2021,KEDELAI,0.0,HA
699,2097,35,JAWA TIMUR,3515,KABUPATEN SIDOARJO,2021-07,2021,PADI,0.0,HA
700,2098,35,JAWA TIMUR,3516,KABUPATEN MOJOKERTO,2021-07,2021,JAGUNG,0.0,HA
700,2099,35,JAWA TIMUR,3516,KABUPATEN MOJOKERTO,2021-07,2021,KEDELAI,0.0,HA
700,2100,35,JAWA TIMUR,3516,KABUPATEN MOJOKERTO,2021-07,2021,PADI,0.0,HA
701,2101,35,JAWA TIMUR,3517,KABUPATEN JOMBANG,2021-07,2021,JAGUNG,0.0,HA
701,2102,35,JAWA TIMUR,3517,KABUPATEN JOMBANG,2021-07,2021,KEDELAI,0.0,HA
701,2103,35,JAWA TIMUR,3517,KABUPATEN JOMBANG,2021-07,2021,PADI,0.0,HA
702,2104,35,JAWA TIMUR,3518,KABUPATEN NGANJUK,2021-07,2021,JAGUNG,0.0,HA
702,2105,35,JAWA TIMUR,3518,KABUPATEN NGANJUK,2021-07,2021,KEDELAI,0.0,HA
702,2106,35,JAWA TIMUR,3518,KABUPATEN NGANJUK,2021-07,2021,PADI,0.0,HA
703,2107,35,JAWA TIMUR,3519,KABUPATEN MADIUN,2021-07,2021,JAGUNG,0.0,HA
703,2108,35,JAWA TIMUR,3519,KABUPATEN MADIUN,2021-07,2021,KEDELAI,0.0,HA
703,2109,35,JAWA TIMUR,3519,KABUPATEN MADIUN,2021-07,2021,PADI,0.0,HA
704,2110,35,JAWA TIMUR,3520,KABUPATEN MAGETAN,2021-07,2021,JAGUNG,0.0,HA
704,2111,35,JAWA TIMUR,3520,KABUPATEN MAGETAN,2021-07,2021,KEDELAI,0.0,HA
704,2112,35,JAWA TIMUR,3520,KABUPATEN MAGETAN,2021-07,2021,PADI,0.0,HA
705,2113,35,JAWA TIMUR,3521,KABUPATEN NGAWI,2021-07,2021,JAGUNG,0.0,HA
705,2114,35,JAWA TIMUR,3521,KABUPATEN NGAWI,2021-07,2021,KEDELAI,0.0,HA
705,2115,35,JAWA TIMUR,3521,KABUPATEN NGAWI,2021-07,2021,PADI,0.0,HA
706,2116,35,JAWA TIMUR,3522,KABUPATEN BOJONEGORO,2021-07,2021,JAGUNG,0.0,HA
706,2117,35,JAWA TIMUR,3522,KABUPATEN BOJONEGORO,2021-07,2021,KEDELAI,0.0,HA
706,2118,35,JAWA TIMUR,3522,KABUPATEN BOJONEGORO,2021-07,2021,PADI,0.0,HA
707,2119,35,JAWA TIMUR,3523,KABUPATEN TUBAN,2021-07,2021,JAGUNG,0.0,HA
707,2120,35,JAWA TIMUR,3523,KABUPATEN TUBAN,2021-07,2021,KEDELAI,0.0,HA
707,2121,35,JAWA TIMUR,3523,KABUPATEN TUBAN,2021-07,2021,PADI,0.0,HA
708,2122,35,JAWA TIMUR,3524,KABUPATEN LAMONGAN,2021-07,2021,JAGUNG,0.0,HA
708,2123,35,JAWA TIMUR,3524,KABUPATEN LAMONGAN,2021-07,2021,KEDELAI,0.0,HA
708,2124,35,JAWA TIMUR,3524,KABUPATEN LAMONGAN,2021-07,2021,PADI,0.0,HA
709,2125,35,JAWA TIMUR,3525,KABUPATEN GRESIK,2021-07,2021,JAGUNG,0.0,HA
709,2126,35,JAWA TIMUR,3525,KABUPATEN GRESIK,2021-07,2021,KEDELAI,0.0,HA
709,2127,35,JAWA TIMUR,3525,KABUPATEN GRESIK,2021-07,2021,PADI,0.0,HA
710,2128,35,JAWA TIMUR,3526,KABUPATEN BANGKALAN,2021-07,2021,JAGUNG,0.0,HA
710,2129,35,JAWA TIMUR,3526,KABUPATEN BANGKALAN,2021-07,2021,KEDELAI,0.0,HA
710,2130,35,JAWA TIMUR,3526,KABUPATEN BANGKALAN,2021-07,2021,PADI,0.0,HA
711,2131,35,JAWA TIMUR,3527,KABUPATEN SAMPANG,2021-07,2021,JAGUNG,0.0,HA
711,2132,35,JAWA TIMUR,3527,KABUPATEN SAMPANG,2021-07,2021,KEDELAI,0.0,HA
711,2133,35,JAWA TIMUR,3527,KABUPATEN SAMPANG,2021-07,2021,PADI,0.0,HA
712,2134,35,JAWA TIMUR,3528,KABUPATEN PAMEKASAN,2021-07,2021,JAGUNG,0.0,HA
712,2135,35,JAWA TIMUR,3528,KABUPATEN PAMEKASAN,2021-07,2021,KEDELAI,0.0,HA
712,2136,35,JAWA TIMUR,3528,KABUPATEN PAMEKASAN,2021-07,2021,PADI,0.0,HA
713,2137,35,JAWA TIMUR,3529,KABUPATEN SUMENEP,2021-07,2021,JAGUNG,0.0,HA
713,2138,35,JAWA TIMUR,3529,KABUPATEN SUMENEP,2021-07,2021,KEDELAI,0.0,HA
713,2139,35,JAWA TIMUR,3529,KABUPATEN SUMENEP,2021-07,2021,PADI,0.0,HA
714,2140,35,JAWA TIMUR,3571,KOTA KEDIRI,2021-07,2021,JAGUNG,0.0,HA
714,2141,35,JAWA TIMUR,3571,KOTA KEDIRI,2021-07,2021,KEDELAI,0.0,HA
714,2142,35,JAWA TIMUR,3571,KOTA KEDIRI,2021-07,2021,PADI,0.0,HA
719,2155,35,JAWA TIMUR,3572,KOTA BLITAR,2021-07,2021,JAGUNG,0.0,HA
719,2156,35,JAWA TIMUR,3572,KOTA BLITAR,2021-07,2021,KEDELAI,0.0,HA
719,2157,35,JAWA TIMUR,3572,KOTA BLITAR,2021-07,2021,PADI,0.0,HA
720,2158,35,JAWA TIMUR,3573,KOTA MALANG,2021-07,2021,JAGUNG,0.0,HA
720,2159,35,JAWA TIMUR,3573,KOTA MALANG,2021-07,2021,KEDELAI,0.0,HA
720,2160,35,JAWA TIMUR,3573,KOTA MALANG,2021-07,2021,PADI,0.0,HA
715,2143,35,JAWA TIMUR,3574,KOTA PROBOLINGGO,2021-07,2021,JAGUNG,0.0,HA
715,2144,35,JAWA TIMUR,3574,KOTA PROBOLINGGO,2021-07,2021,KEDELAI,0.0,HA
715,2145,35,JAWA TIMUR,3574,KOTA PROBOLINGGO,2021-07,2021,PADI,0.0,HA
716,2146,35,JAWA TIMUR,3575,KOTA PASURUAN,2021-07,2021,JAGUNG,0.0,HA
716,2147,35,JAWA TIMUR,3575,KOTA PASURUAN,2021-07,2021,KEDELAI,0.0,HA
716,2148,35,JAWA TIMUR,3575,KOTA PASURUAN,2021-07,2021,PADI,0.0,HA
721,2161,35,JAWA TIMUR,3576,KOTA MOJOKERTO,2021-07,2021,JAGUNG,0.0,HA
721,2162,35,JAWA TIMUR,3576,KOTA MOJOKERTO,2021-07,2021,KEDELAI,0.0,HA
721,2163,35,JAWA TIMUR,3576,KOTA MOJOKERTO,2021-07,2021,PADI,0.0,HA
717,2149,35,JAWA TIMUR,3577,KOTA MADIUN,2021-07,2021,JAGUNG,0.0,HA
717,2150,35,JAWA TIMUR,3577,KOTA MADIUN,2021-07,2021,KEDELAI,0.0,HA
717,2151,35,JAWA TIMUR,3577,KOTA MADIUN,2021-07,2021,PADI,0.0,HA
722,2164,35,JAWA TIMUR,3578,KOTA SURABAYA,2021-07,2021,JAGUNG,0.0,HA
722,2165,35,JAWA TIMUR,3578,KOTA SURABAYA,2021-07,2021,KEDELAI,0.0,HA
722,2166,35,JAWA TIMUR,3578,KOTA SURABAYA,2021-07,2021,PADI,0.0,HA
718,2152,35,JAWA TIMUR,3579,KOTA BATU,2021-07,2021,JAGUNG,0.0,HA
718,2153,35,JAWA TIMUR,3579,KOTA BATU,2021-07,2021,KEDELAI,0.0,HA
718,2154,35,JAWA TIMUR,3579,KOTA BATU,2021-07,2021,PADI,0.0,HA
723,2167,35,JAWA TIMUR,3501,KABUPATEN PACITAN,2021-08,2021,JAGUNG,70.0,HA
723,2168,35,JAWA TIMUR,3501,KABUPATEN PACITAN,2021-08,2021,KEDELAI,0.0,HA
723,2169,35,JAWA TIMUR,3501,KABUPATEN PACITAN,2021-08,2021,PADI,0.0,HA
724,2170,35,JAWA TIMUR,3502,KABUPATEN PONOROGO,2021-08,2021,JAGUNG,0.0,HA
724,2171,35,JAWA TIMUR,3502,KABUPATEN PONOROGO,2021-08,2021,KEDELAI,0.0,HA
724,2172,35,JAWA TIMUR,3502,KABUPATEN PONOROGO,2021-08,2021,PADI,0.0,HA
725,2173,35,JAWA TIMUR,3503,KABUPATEN TRENGGALEK,2021-08,2021,JAGUNG,0.0,HA
725,2174,35,JAWA TIMUR,3503,KABUPATEN TRENGGALEK,2021-08,2021,KEDELAI,0.0,HA
725,2175,35,JAWA TIMUR,3503,KABUPATEN TRENGGALEK,2021-08,2021,PADI,24.0,HA
726,2176,35,JAWA TIMUR,3504,KABUPATEN TULUNGAGUNG,2021-08,2021,JAGUNG,0.0,HA
726,2177,35,JAWA TIMUR,3504,KABUPATEN TULUNGAGUNG,2021-08,2021,KEDELAI,0.0,HA
726,2178,35,JAWA TIMUR,3504,KABUPATEN TULUNGAGUNG,2021-08,2021,PADI,0.0,HA
727,2179,35,JAWA TIMUR,3505,KABUPATEN BLITAR,2021-08,2021,JAGUNG,0.0,HA
727,2180,35,JAWA TIMUR,3505,KABUPATEN BLITAR,2021-08,2021,KEDELAI,0.0,HA
727,2181,35,JAWA TIMUR,3505,KABUPATEN BLITAR,2021-08,2021,PADI,0.0,HA
728,2182,35,JAWA TIMUR,3506,KABUPATEN KEDIRI,2021-08,2021,JAGUNG,0.0,HA
728,2183,35,JAWA TIMUR,3506,KABUPATEN KEDIRI,2021-08,2021,KEDELAI,0.0,HA
728,2184,35,JAWA TIMUR,3506,KABUPATEN KEDIRI,2021-08,2021,PADI,0.0,HA
729,2185,35,JAWA TIMUR,3507,KABUPATEN MALANG,2021-08,2021,JAGUNG,0.0,HA
729,2186,35,JAWA TIMUR,3507,KABUPATEN MALANG,2021-08,2021,KEDELAI,0.0,HA
729,2187,35,JAWA TIMUR,3507,KABUPATEN MALANG,2021-08,2021,PADI,0.0,HA
730,2188,35,JAWA TIMUR,3508,KABUPATEN LUMAJANG,2021-08,2021,JAGUNG,0.0,HA
730,2189,35,JAWA TIMUR,3508,KABUPATEN LUMAJANG,2021-08,2021,KEDELAI,0.0,HA
730,2190,35,JAWA TIMUR,3508,KABUPATEN LUMAJANG,2021-08,2021,PADI,0.0,HA
731,2191,35,JAWA TIMUR,3509,KABUPATEN JEMBER,2021-08,2021,JAGUNG,0.0,HA
731,2192,35,JAWA TIMUR,3509,KABUPATEN JEMBER,2021-08,2021,KEDELAI,0.0,HA
731,2193,35,JAWA TIMUR,3509,KABUPATEN JEMBER,2021-08,2021,PADI,0.0,HA
732,2194,35,JAWA TIMUR,3510,KABUPATEN BANYUWANGI,2021-08,2021,JAGUNG,0.0,HA
732,2195,35,JAWA TIMUR,3510,KABUPATEN BANYUWANGI,2021-08,2021,KEDELAI,0.0,HA
732,2196,35,JAWA TIMUR,3510,KABUPATEN BANYUWANGI,2021-08,2021,PADI,0.0,HA
733,2197,35,JAWA TIMUR,3511,KABUPATEN BONDOWOSO,2021-08,2021,JAGUNG,0.0,HA
733,2198,35,JAWA TIMUR,3511,KABUPATEN BONDOWOSO,2021-08,2021,KEDELAI,0.0,HA
733,2199,35,JAWA TIMUR,3511,KABUPATEN BONDOWOSO,2021-08,2021,PADI,0.0,HA
734,2200,35,JAWA TIMUR,3512,KABUPATEN SITUBONDO,2021-08,2021,JAGUNG,0.0,HA
734,2201,35,JAWA TIMUR,3512,KABUPATEN SITUBONDO,2021-08,2021,KEDELAI,0.0,HA
734,2202,35,JAWA TIMUR,3512,KABUPATEN SITUBONDO,2021-08,2021,PADI,0.0,HA
735,2203,35,JAWA TIMUR,3513,KABUPATEN PROBOLINGGO,2021-08,2021,JAGUNG,0.0,HA
735,2204,35,JAWA TIMUR,3513,KABUPATEN PROBOLINGGO,2021-08,2021,KEDELAI,0.0,HA
735,2205,35,JAWA TIMUR,3513,KABUPATEN PROBOLINGGO,2021-08,2021,PADI,0.0,HA
736,2206,35,JAWA TIMUR,3514,KABUPATEN PASURUAN,2021-08,2021,JAGUNG,0.0,HA
736,2207,35,JAWA TIMUR,3514,KABUPATEN PASURUAN,2021-08,2021,KEDELAI,0.0,HA
736,2208,35,JAWA TIMUR,3514,KABUPATEN PASURUAN,2021-08,2021,PADI,0.0,HA
737,2209,35,JAWA TIMUR,3515,KABUPATEN SIDOARJO,2021-08,2021,JAGUNG,0.0,HA
737,2210,35,JAWA TIMUR,3515,KABUPATEN SIDOARJO,2021-08,2021,KEDELAI,0.0,HA
737,2211,35,JAWA TIMUR,3515,KABUPATEN SIDOARJO,2021-08,2021,PADI,0.0,HA
738,2212,35,JAWA TIMUR,3516,KABUPATEN MOJOKERTO,2021-08,2021,JAGUNG,0.0,HA
738,2213,35,JAWA TIMUR,3516,KABUPATEN MOJOKERTO,2021-08,2021,KEDELAI,0.0,HA
738,2214,35,JAWA TIMUR,3516,KABUPATEN MOJOKERTO,2021-08,2021,PADI,0.0,HA
739,2215,35,JAWA TIMUR,3517,KABUPATEN JOMBANG,2021-08,2021,JAGUNG,0.0,HA
739,2216,35,JAWA TIMUR,3517,KABUPATEN JOMBANG,2021-08,2021,KEDELAI,0.0,HA
739,2217,35,JAWA TIMUR,3517,KABUPATEN JOMBANG,2021-08,2021,PADI,0.0,HA
740,2218,35,JAWA TIMUR,3518,KABUPATEN NGANJUK,2021-08,2021,JAGUNG,0.0,HA
740,2219,35,JAWA TIMUR,3518,KABUPATEN NGANJUK,2021-08,2021,KEDELAI,0.0,HA
740,2220,35,JAWA TIMUR,3518,KABUPATEN NGANJUK,2021-08,2021,PADI,0.0,HA
741,2221,35,JAWA TIMUR,3519,KABUPATEN MADIUN,2021-08,2021,JAGUNG,0.0,HA
741,2222,35,JAWA TIMUR,3519,KABUPATEN MADIUN,2021-08,2021,KEDELAI,0.0,HA
741,2223,35,JAWA TIMUR,3519,KABUPATEN MADIUN,2021-08,2021,PADI,0.0,HA
742,2224,35,JAWA TIMUR,3520,KABUPATEN MAGETAN,2021-08,2021,JAGUNG,0.0,HA
742,2225,35,JAWA TIMUR,3520,KABUPATEN MAGETAN,2021-08,2021,KEDELAI,0.0,HA
742,2226,35,JAWA TIMUR,3520,KABUPATEN MAGETAN,2021-08,2021,PADI,0.0,HA
743,2227,35,JAWA TIMUR,3521,KABUPATEN NGAWI,2021-08,2021,JAGUNG,0.0,HA
743,2228,35,JAWA TIMUR,3521,KABUPATEN NGAWI,2021-08,2021,KEDELAI,0.0,HA
743,2229,35,JAWA TIMUR,3521,KABUPATEN NGAWI,2021-08,2021,PADI,0.0,HA
744,2230,35,JAWA TIMUR,3522,KABUPATEN BOJONEGORO,2021-08,2021,JAGUNG,0.0,HA
744,2231,35,JAWA TIMUR,3522,KABUPATEN BOJONEGORO,2021-08,2021,KEDELAI,0.0,HA
744,2232,35,JAWA TIMUR,3522,KABUPATEN BOJONEGORO,2021-08,2021,PADI,0.0,HA
745,2233,35,JAWA TIMUR,3523,KABUPATEN TUBAN,2021-08,2021,JAGUNG,0.0,HA
745,2234,35,JAWA TIMUR,3523,KABUPATEN TUBAN,2021-08,2021,KEDELAI,0.0,HA
745,2235,35,JAWA TIMUR,3523,KABUPATEN TUBAN,2021-08,2021,PADI,0.0,HA
746,2236,35,JAWA TIMUR,3524,KABUPATEN LAMONGAN,2021-08,2021,JAGUNG,0.0,HA
746,2237,35,JAWA TIMUR,3524,KABUPATEN LAMONGAN,2021-08,2021,KEDELAI,0.0,HA
746,2238,35,JAWA TIMUR,3524,KABUPATEN LAMONGAN,2021-08,2021,PADI,0.0,HA
747,2239,35,JAWA TIMUR,3525,KABUPATEN GRESIK,2021-08,2021,JAGUNG,0.0,HA
747,2240,35,JAWA TIMUR,3525,KABUPATEN GRESIK,2021-08,2021,KEDELAI,0.0,HA
747,2241,35,JAWA TIMUR,3525,KABUPATEN GRESIK,2021-08,2021,PADI,0.0,HA
748,2242,35,JAWA TIMUR,3526,KABUPATEN BANGKALAN,2021-08,2021,JAGUNG,0.0,HA
748,2243,35,JAWA TIMUR,3526,KABUPATEN BANGKALAN,2021-08,2021,KEDELAI,0.0,HA
748,2244,35,JAWA TIMUR,3526,KABUPATEN BANGKALAN,2021-08,2021,PADI,0.0,HA
749,2245,35,JAWA TIMUR,3527,KABUPATEN SAMPANG,2021-08,2021,JAGUNG,0.0,HA
749,2246,35,JAWA TIMUR,3527,KABUPATEN SAMPANG,2021-08,2021,KEDELAI,0.0,HA
749,2247,35,JAWA TIMUR,3527,KABUPATEN SAMPANG,2021-08,2021,PADI,0.0,HA
750,2248,35,JAWA TIMUR,3528,KABUPATEN PAMEKASAN,2021-08,2021,JAGUNG,0.0,HA
750,2249,35,JAWA TIMUR,3528,KABUPATEN PAMEKASAN,2021-08,2021,KEDELAI,0.0,HA
750,2250,35,JAWA TIMUR,3528,KABUPATEN PAMEKASAN,2021-08,2021,PADI,0.0,HA
751,2251,35,JAWA TIMUR,3529,KABUPATEN SUMENEP,2021-08,2021,JAGUNG,0.0,HA
751,2252,35,JAWA TIMUR,3529,KABUPATEN SUMENEP,2021-08,2021,KEDELAI,0.0,HA
751,2253,35,JAWA TIMUR,3529,KABUPATEN SUMENEP,2021-08,2021,PADI,0.0,HA
752,2254,35,JAWA TIMUR,3571,KOTA KEDIRI,2021-08,2021,JAGUNG,0.0,HA
752,2255,35,JAWA TIMUR,3571,KOTA KEDIRI,2021-08,2021,KEDELAI,0.0,HA
752,2256,35,JAWA TIMUR,3571,KOTA KEDIRI,2021-08,2021,PADI,0.0,HA
757,2269,35,JAWA TIMUR,3572,KOTA BLITAR,2021-08,2021,JAGUNG,0.0,HA
757,2270,35,JAWA TIMUR,3572,KOTA BLITAR,2021-08,2021,KEDELAI,0.0,HA
757,2271,35,JAWA TIMUR,3572,KOTA BLITAR,2021-08,2021,PADI,0.0,HA
758,2272,35,JAWA TIMUR,3573,KOTA MALANG,2021-08,2021,JAGUNG,0.0,HA
758,2273,35,JAWA TIMUR,3573,KOTA MALANG,2021-08,2021,KEDELAI,0.0,HA
758,2274,35,JAWA TIMUR,3573,KOTA MALANG,2021-08,2021,PADI,0.0,HA
753,2257,35,JAWA TIMUR,3574,KOTA PROBOLINGGO,2021-08,2021,JAGUNG,0.0,HA
753,2258,35,JAWA TIMUR,3574,KOTA PROBOLINGGO,2021-08,2021,KEDELAI,0.0,HA
753,2259,35,JAWA TIMUR,3574,KOTA PROBOLINGGO,2021-08,2021,PADI,0.0,HA
754,2260,35,JAWA TIMUR,3575,KOTA PASURUAN,2021-08,2021,JAGUNG,0.0,HA
754,2261,35,JAWA TIMUR,3575,KOTA PASURUAN,2021-08,2021,KEDELAI,0.0,HA
754,2262,35,JAWA TIMUR,3575,KOTA PASURUAN,2021-08,2021,PADI,0.0,HA
759,2275,35,JAWA TIMUR,3576,KOTA MOJOKERTO,2021-08,2021,JAGUNG,0.0,HA
759,2276,35,JAWA TIMUR,3576,KOTA MOJOKERTO,2021-08,2021,KEDELAI,0.0,HA
759,2277,35,JAWA TIMUR,3576,KOTA MOJOKERTO,2021-08,2021,PADI,0.0,HA
755,2263,35,JAWA TIMUR,3577,KOTA MADIUN,2021-08,2021,JAGUNG,0.0,HA
755,2264,35,JAWA TIMUR,3577,KOTA MADIUN,2021-08,2021,KEDELAI,0.0,HA
755,2265,35,JAWA TIMUR,3577,KOTA MADIUN,2021-08,2021,PADI,0.0,HA
760,2278,35,JAWA TIMUR,3578,KOTA SURABAYA,2021-08,2021,JAGUNG,0.0,HA
760,2279,35,JAWA TIMUR,3578,KOTA SURABAYA,2021-08,2021,KEDELAI,0.0,HA
760,2280,35,JAWA TIMUR,3578,KOTA SURABAYA,2021-08,2021,PADI,0.0,HA
756,2266,35,JAWA TIMUR,3579,KOTA BATU,2021-08,2021,JAGUNG,0.0,HA
756,2267,35,JAWA TIMUR,3579,KOTA BATU,2021-08,2021,KEDELAI,0.0,HA
756,2268,35,JAWA TIMUR,3579,KOTA BATU,2021-08,2021,PADI,0.0,HA
761,2281,35,JAWA TIMUR,3501,KABUPATEN PACITAN,2021-09,2021,JAGUNG,0.0,HA
761,2282,35,JAWA TIMUR,3501,KABUPATEN PACITAN,2021-09,2021,KEDELAI,0.0,HA
761,2283,35,JAWA TIMUR,3501,KABUPATEN PACITAN,2021-09,2021,PADI,0.0,HA
762,2284,35,JAWA TIMUR,3502,KABUPATEN PONOROGO,2021-09,2021,JAGUNG,0.0,HA
762,2285,35,JAWA TIMUR,3502,KABUPATEN PONOROGO,2021-09,2021,KEDELAI,0.0,HA
762,2286,35,JAWA TIMUR,3502,KABUPATEN PONOROGO,2021-09,2021,PADI,0.0,HA
763,2287,35,JAWA TIMUR,3503,KABUPATEN TRENGGALEK,2021-09,2021,JAGUNG,0.0,HA
763,2288,35,JAWA TIMUR,3503,KABUPATEN TRENGGALEK,2021-09,2021,KEDELAI,0.0,HA
763,2289,35,JAWA TIMUR,3503,KABUPATEN TRENGGALEK,2021-09,2021,PADI,0.0,HA
764,2290,35,JAWA TIMUR,3504,KABUPATEN TULUNGAGUNG,2021-09,2021,JAGUNG,0.0,HA
764,2291,35,JAWA TIMUR,3504,KABUPATEN TULUNGAGUNG,2021-09,2021,KEDELAI,0.0,HA
764,2292,35,JAWA TIMUR,3504,KABUPATEN TULUNGAGUNG,2021-09,2021,PADI,0.0,HA
765,2293,35,JAWA TIMUR,3505,KABUPATEN BLITAR,2021-09,2021,JAGUNG,0.0,HA
765,2294,35,JAWA TIMUR,3505,KABUPATEN BLITAR,2021-09,2021,KEDELAI,0.0,HA
765,2295,35,JAWA TIMUR,3505,KABUPATEN BLITAR,2021-09,2021,PADI,0.0,HA
766,2296,35,JAWA TIMUR,3506,KABUPATEN KEDIRI,2021-09,2021,JAGUNG,0.0,HA
766,2297,35,JAWA TIMUR,3506,KABUPATEN KEDIRI,2021-09,2021,KEDELAI,0.0,HA
766,2298,35,JAWA TIMUR,3506,KABUPATEN KEDIRI,2021-09,2021,PADI,0.0,HA
767,2299,35,JAWA TIMUR,3507,KABUPATEN MALANG,2021-09,2021,JAGUNG,0.0,HA
767,2300,35,JAWA TIMUR,3507,KABUPATEN MALANG,2021-09,2021,KEDELAI,0.0,HA
767,2301,35,JAWA TIMUR,3507,KABUPATEN MALANG,2021-09,2021,PADI,0.0,HA
768,2302,35,JAWA TIMUR,3508,KABUPATEN LUMAJANG,2021-09,2021,JAGUNG,0.0,HA
768,2303,35,JAWA TIMUR,3508,KABUPATEN LUMAJANG,2021-09,2021,KEDELAI,0.0,HA
768,2304,35,JAWA TIMUR,3508,KABUPATEN LUMAJANG,2021-09,2021,PADI,0.0,HA
769,2305,35,JAWA TIMUR,3509,KABUPATEN JEMBER,2021-09,2021,JAGUNG,0.0,HA
769,2306,35,JAWA TIMUR,3509,KABUPATEN JEMBER,2021-09,2021,KEDELAI,0.0,HA
769,2307,35,JAWA TIMUR,3509,KABUPATEN JEMBER,2021-09,2021,PADI,0.0,HA
770,2308,35,JAWA TIMUR,3510,KABUPATEN BANYUWANGI,2021-09,2021,JAGUNG,0.0,HA
770,2309,35,JAWA TIMUR,3510,KABUPATEN BANYUWANGI,2021-09,2021,KEDELAI,0.0,HA
770,2310,35,JAWA TIMUR,3510,KABUPATEN BANYUWANGI,2021-09,2021,PADI,0.0,HA
771,2311,35,JAWA TIMUR,3511,KABUPATEN BONDOWOSO,2021-09,2021,JAGUNG,0.0,HA
771,2312,35,JAWA TIMUR,3511,KABUPATEN BONDOWOSO,2021-09,2021,KEDELAI,0.0,HA
771,2313,35,JAWA TIMUR,3511,KABUPATEN BONDOWOSO,2021-09,2021,PADI,0.0,HA
772,2314,35,JAWA TIMUR,3512,KABUPATEN SITUBONDO,2021-09,2021,JAGUNG,0.0,HA
772,2315,35,JAWA TIMUR,3512,KABUPATEN SITUBONDO,2021-09,2021,KEDELAI,0.0,HA
772,2316,35,JAWA TIMUR,3512,KABUPATEN SITUBONDO,2021-09,2021,PADI,0.0,HA
773,2317,35,JAWA TIMUR,3513,KABUPATEN PROBOLINGGO,2021-09,2021,JAGUNG,0.0,HA
773,2318,35,JAWA TIMUR,3513,KABUPATEN PROBOLINGGO,2021-09,2021,KEDELAI,0.0,HA
773,2319,35,JAWA TIMUR,3513,KABUPATEN PROBOLINGGO,2021-09,2021,PADI,0.0,HA
774,2320,35,JAWA TIMUR,3514,KABUPATEN PASURUAN,2021-09,2021,JAGUNG,0.0,HA
774,2321,35,JAWA TIMUR,3514,KABUPATEN PASURUAN,2021-09,2021,KEDELAI,0.0,HA
774,2322,35,JAWA TIMUR,3514,KABUPATEN PASURUAN,2021-09,2021,PADI,0.0,HA
775,2323,35,JAWA TIMUR,3515,KABUPATEN SIDOARJO,2021-09,2021,JAGUNG,0.0,HA
775,2324,35,JAWA TIMUR,3515,KABUPATEN SIDOARJO,2021-09,2021,KEDELAI,0.0,HA
775,2325,35,JAWA TIMUR,3515,KABUPATEN SIDOARJO,2021-09,2021,PADI,0.0,HA
776,2326,35,JAWA TIMUR,3516,KABUPATEN MOJOKERTO,2021-09,2021,JAGUNG,0.0,HA
776,2327,35,JAWA TIMUR,3516,KABUPATEN MOJOKERTO,2021-09,2021,KEDELAI,0.0,HA
776,2328,35,JAWA TIMUR,3516,KABUPATEN MOJOKERTO,2021-09,2021,PADI,0.0,HA
777,2329,35,JAWA TIMUR,3517,KABUPATEN JOMBANG,2021-09,2021,JAGUNG,0.0,HA
777,2330,35,JAWA TIMUR,3517,KABUPATEN JOMBANG,2021-09,2021,KEDELAI,0.0,HA
777,2331,35,JAWA TIMUR,3517,KABUPATEN JOMBANG,2021-09,2021,PADI,0.0,HA
778,2332,35,JAWA TIMUR,3518,KABUPATEN NGANJUK,2021-09,2021,JAGUNG,0.0,HA
778,2333,35,JAWA TIMUR,3518,KABUPATEN NGANJUK,2021-09,2021,KEDELAI,0.0,HA
778,2334,35,JAWA TIMUR,3518,KABUPATEN NGANJUK,2021-09,2021,PADI,0.0,HA
779,2335,35,JAWA TIMUR,3519,KABUPATEN MADIUN,2021-09,2021,JAGUNG,0.0,HA
779,2336,35,JAWA TIMUR,3519,KABUPATEN MADIUN,2021-09,2021,KEDELAI,0.0,HA
779,2337,35,JAWA TIMUR,3519,KABUPATEN MADIUN,2021-09,2021,PADI,0.14,HA
780,2338,35,JAWA TIMUR,3520,KABUPATEN MAGETAN,2021-09,2021,JAGUNG,0.0,HA
780,2339,35,JAWA TIMUR,3520,KABUPATEN MAGETAN,2021-09,2021,KEDELAI,0.0,HA
780,2340,35,JAWA TIMUR,3520,KABUPATEN MAGETAN,2021-09,2021,PADI,0.0,HA
781,2341,35,JAWA TIMUR,3521,KABUPATEN NGAWI,2021-09,2021,JAGUNG,0.0,HA
781,2342,35,JAWA TIMUR,3521,KABUPATEN NGAWI,2021-09,2021,KEDELAI,0.0,HA
781,2343,35,JAWA TIMUR,3521,KABUPATEN NGAWI,2021-09,2021,PADI,0.0,HA
782,2344,35,JAWA TIMUR,3522,KABUPATEN BOJONEGORO,2021-09,2021,JAGUNG,0.0,HA
782,2345,35,JAWA TIMUR,3522,KABUPATEN BOJONEGORO,2021-09,2021,KEDELAI,0.0,HA
782,2346,35,JAWA TIMUR,3522,KABUPATEN BOJONEGORO,2021-09,2021,PADI,0.0,HA
783,2347,35,JAWA TIMUR,3523,KABUPATEN TUBAN,2021-09,2021,JAGUNG,0.0,HA
783,2348,35,JAWA TIMUR,3523,KABUPATEN TUBAN,2021-09,2021,KEDELAI,0.0,HA
783,2349,35,JAWA TIMUR,3523,KABUPATEN TUBAN,2021-09,2021,PADI,0.0,HA
784,2350,35,JAWA TIMUR,3524,KABUPATEN LAMONGAN,2021-09,2021,JAGUNG,0.0,HA
784,2351,35,JAWA TIMUR,3524,KABUPATEN LAMONGAN,2021-09,2021,KEDELAI,0.0,HA
784,2352,35,JAWA TIMUR,3524,KABUPATEN LAMONGAN,2021-09,2021,PADI,5.0,HA
785,2353,35,JAWA TIMUR,3525,KABUPATEN GRESIK,2021-09,2021,JAGUNG,0.0,HA
785,2354,35,JAWA TIMUR,3525,KABUPATEN GRESIK,2021-09,2021,KEDELAI,0.0,HA
785,2355,35,JAWA TIMUR,3525,KABUPATEN GRESIK,2021-09,2021,PADI,0.2,HA
786,2356,35,JAWA TIMUR,3526,KABUPATEN BANGKALAN,2021-09,2021,JAGUNG,0.0,HA
786,2357,35,JAWA TIMUR,3526,KABUPATEN BANGKALAN,2021-09,2021,KEDELAI,0.0,HA
786,2358,35,JAWA TIMUR,3526,KABUPATEN BANGKALAN,2021-09,2021,PADI,0.0,HA
787,2359,35,JAWA TIMUR,3527,KABUPATEN SAMPANG,2021-09,2021,JAGUNG,0.0,HA
787,2360,35,JAWA TIMUR,3527,KABUPATEN SAMPANG,2021-09,2021,KEDELAI,0.0,HA
787,2361,35,JAWA TIMUR,3527,KABUPATEN SAMPANG,2021-09,2021,PADI,0.0,HA
788,2362,35,JAWA TIMUR,3528,KABUPATEN PAMEKASAN,2021-09,2021,JAGUNG,0.0,HA
788,2363,35,JAWA TIMUR,3528,KABUPATEN PAMEKASAN,2021-09,2021,KEDELAI,0.0,HA
788,2364,35,JAWA TIMUR,3528,KABUPATEN PAMEKASAN,2021-09,2021,PADI,0.0,HA
789,2365,35,JAWA TIMUR,3529,KABUPATEN SUMENEP,2021-09,2021,JAGUNG,0.0,HA
789,2366,35,JAWA TIMUR,3529,KABUPATEN SUMENEP,2021-09,2021,KEDELAI,0.0,HA
789,2367,35,JAWA TIMUR,3529,KABUPATEN SUMENEP,2021-09,2021,PADI,0.0,HA
790,2368,35,JAWA TIMUR,3571,KOTA KEDIRI,2021-09,2021,JAGUNG,0.0,HA
790,2369,35,JAWA TIMUR,3571,KOTA KEDIRI,2021-09,2021,KEDELAI,0.0,HA
790,2370,35,JAWA TIMUR,3571,KOTA KEDIRI,2021-09,2021,PADI,0.0,HA
795,2383,35,JAWA TIMUR,3572,KOTA BLITAR,2021-09,2021,JAGUNG,0.0,HA
795,2384,35,JAWA TIMUR,3572,KOTA BLITAR,2021-09,2021,KEDELAI,0.0,HA
795,2385,35,JAWA TIMUR,3572,KOTA BLITAR,2021-09,2021,PADI,0.0,HA
796,2386,35,JAWA TIMUR,3573,KOTA MALANG,2021-09,2021,JAGUNG,0.0,HA
796,2387,35,JAWA TIMUR,3573,KOTA MALANG,2021-09,2021,KEDELAI,0.0,HA
796,2388,35,JAWA TIMUR,3573,KOTA MALANG,2021-09,2021,PADI,0.0,HA
791,2371,35,JAWA TIMUR,3574,KOTA PROBOLINGGO,2021-09,2021,JAGUNG,0.0,HA
791,2372,35,JAWA TIMUR,3574,KOTA PROBOLINGGO,2021-09,2021,KEDELAI,0.0,HA
791,2373,35,JAWA TIMUR,3574,KOTA PROBOLINGGO,2021-09,2021,PADI,0.0,HA
792,2374,35,JAWA TIMUR,3575,KOTA PASURUAN,2021-09,2021,JAGUNG,0.0,HA
792,2375,35,JAWA TIMUR,3575,KOTA PASURUAN,2021-09,2021,KEDELAI,0.0,HA
792,2376,35,JAWA TIMUR,3575,KOTA PASURUAN,2021-09,2021,PADI,0.0,HA
797,2389,35,JAWA TIMUR,3576,KOTA MOJOKERTO,2021-09,2021,JAGUNG,0.0,HA
797,2390,35,JAWA TIMUR,3576,KOTA MOJOKERTO,2021-09,2021,KEDELAI,0.0,HA
797,2391,35,JAWA TIMUR,3576,KOTA MOJOKERTO,2021-09,2021,PADI,0.0,HA
793,2377,35,JAWA TIMUR,3577,KOTA MADIUN,2021-09,2021,JAGUNG,0.0,HA
793,2378,35,JAWA TIMUR,3577,KOTA MADIUN,2021-09,2021,KEDELAI,0.0,HA
793,2379,35,JAWA TIMUR,3577,KOTA MADIUN,2021-09,2021,PADI,0.0,HA
798,2392,35,JAWA TIMUR,3578,KOTA SURABAYA,2021-09,2021,JAGUNG,0.0,HA
798,2393,35,JAWA TIMUR,3578,KOTA SURABAYA,2021-09,2021,KEDELAI,0.0,HA
798,2394,35,JAWA TIMUR,3578,KOTA SURABAYA,2021-09,2021,PADI,0.0,HA
794,2380,35,JAWA TIMUR,3579,KOTA BATU,2021-09,2021,JAGUNG,0.0,HA
794,2381,35,JAWA TIMUR,3579,KOTA BATU,2021-09,2021,KEDELAI,0.0,HA
794,2382,35,JAWA TIMUR,3579,KOTA BATU,2021-09,2021,PADI,0.0,HA
800,2398,35,JAWA TIMUR,3501,KABUPATEN PACITAN,2021-10,2021,JAGUNG,0.0,HA
800,2399,35,JAWA TIMUR,3501,KABUPATEN PACITAN,2021-10,2021,KEDELAI,0.0,HA
800,2400,35,JAWA TIMUR,3501,KABUPATEN PACITAN,2021-10,2021,PADI,0.0,HA
801,2401,35,JAWA TIMUR,3502,KABUPATEN PONOROGO,2021-10,2021,JAGUNG,0.0,HA
801,2402,35,JAWA TIMUR,3502,KABUPATEN PONOROGO,2021-10,2021,KEDELAI,0.0,HA
801,2403,35,JAWA TIMUR,3502,KABUPATEN PONOROGO,2021-10,2021,PADI,0.0,HA
802,2404,35,JAWA TIMUR,3503,KABUPATEN TRENGGALEK,2021-10,2021,JAGUNG,0.0,HA
802,2405,35,JAWA TIMUR,3503,KABUPATEN TRENGGALEK,2021-10,2021,KEDELAI,0.0,HA
802,2406,35,JAWA TIMUR,3503,KABUPATEN TRENGGALEK,2021-10,2021,PADI,0.0,HA
803,2407,35,JAWA TIMUR,3504,KABUPATEN TULUNGAGUNG,2021-10,2021,JAGUNG,0.0,HA
803,2408,35,JAWA TIMUR,3504,KABUPATEN TULUNGAGUNG,2021-10,2021,KEDELAI,0.0,HA
803,2409,35,JAWA TIMUR,3504,KABUPATEN TULUNGAGUNG,2021-10,2021,PADI,0.0,HA
804,2410,35,JAWA TIMUR,3505,KABUPATEN BLITAR,2021-10,2021,JAGUNG,0.0,HA
804,2411,35,JAWA TIMUR,3505,KABUPATEN BLITAR,2021-10,2021,KEDELAI,0.0,HA
804,2412,35,JAWA TIMUR,3505,KABUPATEN BLITAR,2021-10,2021,PADI,0.0,HA
805,2413,35,JAWA TIMUR,3506,KABUPATEN KEDIRI,2021-10,2021,JAGUNG,0.0,HA
805,2414,35,JAWA TIMUR,3506,KABUPATEN KEDIRI,2021-10,2021,KEDELAI,0.0,HA
805,2415,35,JAWA TIMUR,3506,KABUPATEN KEDIRI,2021-10,2021,PADI,0.0,HA
806,2416,35,JAWA TIMUR,3507,KABUPATEN MALANG,2021-10,2021,JAGUNG,0.0,HA
806,2417,35,JAWA TIMUR,3507,KABUPATEN MALANG,2021-10,2021,KEDELAI,0.0,HA
806,2418,35,JAWA TIMUR,3507,KABUPATEN MALANG,2021-10,2021,PADI,0.0,HA
807,2419,35,JAWA TIMUR,3508,KABUPATEN LUMAJANG,2021-10,2021,JAGUNG,0.0,HA
807,2420,35,JAWA TIMUR,3508,KABUPATEN LUMAJANG,2021-10,2021,KEDELAI,0.0,HA
807,2421,35,JAWA TIMUR,3508,KABUPATEN LUMAJANG,2021-10,2021,PADI,0.0,HA
808,2422,35,JAWA TIMUR,3509,KABUPATEN JEMBER,2021-10,2021,JAGUNG,0.0,HA
808,2423,35,JAWA TIMUR,3509,KABUPATEN JEMBER,2021-10,2021,KEDELAI,0.0,HA
808,2424,35,JAWA TIMUR,3509,KABUPATEN JEMBER,2021-10,2021,PADI,0.0,HA
809,2425,35,JAWA TIMUR,3510,KABUPATEN BANYUWANGI,2021-10,2021,JAGUNG,0.0,HA
809,2426,35,JAWA TIMUR,3510,KABUPATEN BANYUWANGI,2021-10,2021,KEDELAI,0.0,HA
809,2427,35,JAWA TIMUR,3510,KABUPATEN BANYUWANGI,2021-10,2021,PADI,0.0,HA
810,2428,35,JAWA TIMUR,3511,KABUPATEN BONDOWOSO,2021-10,2021,JAGUNG,0.0,HA
810,2429,35,JAWA TIMUR,3511,KABUPATEN BONDOWOSO,2021-10,2021,KEDELAI,0.0,HA
810,2430,35,JAWA TIMUR,3511,KABUPATEN BONDOWOSO,2021-10,2021,PADI,0.0,HA
811,2431,35,JAWA TIMUR,3512,KABUPATEN SITUBONDO,2021-10,2021,JAGUNG,0.0,HA
811,2432,35,JAWA TIMUR,3512,KABUPATEN SITUBONDO,2021-10,2021,KEDELAI,0.0,HA
811,2433,35,JAWA TIMUR,3512,KABUPATEN SITUBONDO,2021-10,2021,PADI,0.0,HA
812,2434,35,JAWA TIMUR,3513,KABUPATEN PROBOLINGGO,2021-10,2021,JAGUNG,0.0,HA
812,2435,35,JAWA TIMUR,3513,KABUPATEN PROBOLINGGO,2021-10,2021,KEDELAI,0.0,HA
812,2436,35,JAWA TIMUR,3513,KABUPATEN PROBOLINGGO,2021-10,2021,PADI,0.0,HA
813,2437,35,JAWA TIMUR,3514,KABUPATEN PASURUAN,2021-10,2021,JAGUNG,0.0,HA
813,2438,35,JAWA TIMUR,3514,KABUPATEN PASURUAN,2021-10,2021,KEDELAI,0.0,HA
813,2439,35,JAWA TIMUR,3514,KABUPATEN PASURUAN,2021-10,2021,PADI,0.0,HA
814,2440,35,JAWA TIMUR,3515,KABUPATEN SIDOARJO,2021-10,2021,JAGUNG,0.0,HA
814,2441,35,JAWA TIMUR,3515,KABUPATEN SIDOARJO,2021-10,2021,KEDELAI,0.0,HA
814,2442,35,JAWA TIMUR,3515,KABUPATEN SIDOARJO,2021-10,2021,PADI,0.0,HA
815,2443,35,JAWA TIMUR,3516,KABUPATEN MOJOKERTO,2021-10,2021,JAGUNG,0.0,HA
815,2444,35,JAWA TIMUR,3516,KABUPATEN MOJOKERTO,2021-10,2021,KEDELAI,0.0,HA
815,2445,35,JAWA TIMUR,3516,KABUPATEN MOJOKERTO,2021-10,2021,PADI,0.0,HA
816,2446,35,JAWA TIMUR,3517,KABUPATEN JOMBANG,2021-10,2021,JAGUNG,0.0,HA
816,2447,35,JAWA TIMUR,3517,KABUPATEN JOMBANG,2021-10,2021,KEDELAI,0.0,HA
816,2448,35,JAWA TIMUR,3517,KABUPATEN JOMBANG,2021-10,2021,PADI,0.0,HA
817,2449,35,JAWA TIMUR,3518,KABUPATEN NGANJUK,2021-10,2021,JAGUNG,0.0,HA
817,2450,35,JAWA TIMUR,3518,KABUPATEN NGANJUK,2021-10,2021,KEDELAI,0.0,HA
817,2451,35,JAWA TIMUR,3518,KABUPATEN NGANJUK,2021-10,2021,PADI,0.0,HA
818,2452,35,JAWA TIMUR,3519,KABUPATEN MADIUN,2021-10,2021,JAGUNG,0.0,HA
818,2453,35,JAWA TIMUR,3519,KABUPATEN MADIUN,2021-10,2021,KEDELAI,0.0,HA
818,2454,35,JAWA TIMUR,3519,KABUPATEN MADIUN,2021-10,2021,PADI,0.0,HA
819,2455,35,JAWA TIMUR,3520,KABUPATEN MAGETAN,2021-10,2021,JAGUNG,0.0,HA
819,2456,35,JAWA TIMUR,3520,KABUPATEN MAGETAN,2021-10,2021,KEDELAI,0.0,HA
819,2457,35,JAWA TIMUR,3520,KABUPATEN MAGETAN,2021-10,2021,PADI,0.0,HA
820,2458,35,JAWA TIMUR,3521,KABUPATEN NGAWI,2021-10,2021,JAGUNG,0.0,HA
820,2459,35,JAWA TIMUR,3521,KABUPATEN NGAWI,2021-10,2021,KEDELAI,0.0,HA
820,2460,35,JAWA TIMUR,3521,KABUPATEN NGAWI,2021-10,2021,PADI,0.0,HA
821,2461,35,JAWA TIMUR,3522,KABUPATEN BOJONEGORO,2021-10,2021,JAGUNG,0.0,HA
821,2462,35,JAWA TIMUR,3522,KABUPATEN BOJONEGORO,2021-10,2021,KEDELAI,0.0,HA
821,2463,35,JAWA TIMUR,3522,KABUPATEN BOJONEGORO,2021-10,2021,PADI,0.0,HA
822,2464,35,JAWA TIMUR,3523,KABUPATEN TUBAN,2021-10,2021,JAGUNG,0.0,HA
822,2465,35,JAWA TIMUR,3523,KABUPATEN TUBAN,2021-10,2021,KEDELAI,0.0,HA
822,2466,35,JAWA TIMUR,3523,KABUPATEN TUBAN,2021-10,2021,PADI,0.0,HA
823,2467,35,JAWA TIMUR,3524,KABUPATEN LAMONGAN,2021-10,2021,JAGUNG,0.0,HA
823,2468,35,JAWA TIMUR,3524,KABUPATEN LAMONGAN,2021-10,2021,KEDELAI,0.0,HA
823,2469,35,JAWA TIMUR,3524,KABUPATEN LAMONGAN,2021-10,2021,PADI,0.0,HA
824,2470,35,JAWA TIMUR,3525,KABUPATEN GRESIK,2021-10,2021,JAGUNG,0.0,HA
824,2471,35,JAWA TIMUR,3525,KABUPATEN GRESIK,2021-10,2021,KEDELAI,0.0,HA
824,2472,35,JAWA TIMUR,3525,KABUPATEN GRESIK,2021-10,2021,PADI,0.0,HA
825,2473,35,JAWA TIMUR,3526,KABUPATEN BANGKALAN,2021-10,2021,JAGUNG,0.0,HA
825,2474,35,JAWA TIMUR,3526,KABUPATEN BANGKALAN,2021-10,2021,KEDELAI,0.0,HA
825,2475,35,JAWA TIMUR,3526,KABUPATEN BANGKALAN,2021-10,2021,PADI,0.0,HA
826,2476,35,JAWA TIMUR,3527,KABUPATEN SAMPANG,2021-10,2021,JAGUNG,0.0,HA
826,2477,35,JAWA TIMUR,3527,KABUPATEN SAMPANG,2021-10,2021,KEDELAI,0.0,HA
826,2478,35,JAWA TIMUR,3527,KABUPATEN SAMPANG,2021-10,2021,PADI,0.0,HA
827,2479,35,JAWA TIMUR,3528,KABUPATEN PAMEKASAN,2021-10,2021,JAGUNG,0.0,HA
827,2480,35,JAWA TIMUR,3528,KABUPATEN PAMEKASAN,2021-10,2021,KEDELAI,0.0,HA
827,2481,35,JAWA TIMUR,3528,KABUPATEN PAMEKASAN,2021-10,2021,PADI,0.0,HA
828,2482,35,JAWA TIMUR,3529,KABUPATEN SUMENEP,2021-10,2021,JAGUNG,0.0,HA
828,2483,35,JAWA TIMUR,3529,KABUPATEN SUMENEP,2021-10,2021,KEDELAI,0.0,HA
828,2484,35,JAWA TIMUR,3529,KABUPATEN SUMENEP,2021-10,2021,PADI,0.0,HA
829,2485,35,JAWA TIMUR,3571,KOTA KEDIRI,2021-10,2021,JAGUNG,0.0,HA
829,2486,35,JAWA TIMUR,3571,KOTA KEDIRI,2021-10,2021,KEDELAI,0.0,HA
829,2487,35,JAWA TIMUR,3571,KOTA KEDIRI,2021-10,2021,PADI,0.0,HA
834,2500,35,JAWA TIMUR,3572,KOTA BLITAR,2021-10,2021,JAGUNG,0.0,HA
834,2501,35,JAWA TIMUR,3572,KOTA BLITAR,2021-10,2021,KEDELAI,0.0,HA
834,2502,35,JAWA TIMUR,3572,KOTA BLITAR,2021-10,2021,PADI,0.0,HA
835,2503,35,JAWA TIMUR,3573,KOTA MALANG,2021-10,2021,JAGUNG,0.0,HA
835,2504,35,JAWA TIMUR,3573,KOTA MALANG,2021-10,2021,KEDELAI,0.0,HA
835,2505,35,JAWA TIMUR,3573,KOTA MALANG,2021-10,2021,PADI,0.0,HA
830,2488,35,JAWA TIMUR,3574,KOTA PROBOLINGGO,2021-10,2021,JAGUNG,0.0,HA
830,2489,35,JAWA TIMUR,3574,KOTA PROBOLINGGO,2021-10,2021,KEDELAI,0.0,HA
830,2490,35,JAWA TIMUR,3574,KOTA PROBOLINGGO,2021-10,2021,PADI,0.0,HA
831,2491,35,JAWA TIMUR,3575,KOTA PASURUAN,2021-10,2021,JAGUNG,0.0,HA
831,2492,35,JAWA TIMUR,3575,KOTA PASURUAN,2021-10,2021,KEDELAI,0.0,HA
831,2493,35,JAWA TIMUR,3575,KOTA PASURUAN,2021-10,2021,PADI,0.0,HA
836,2506,35,JAWA TIMUR,3576,KOTA MOJOKERTO,2021-10,2021,JAGUNG,0.0,HA
836,2507,35,JAWA TIMUR,3576,KOTA MOJOKERTO,2021-10,2021,KEDELAI,0.0,HA
836,2508,35,JAWA TIMUR,3576,KOTA MOJOKERTO,2021-10,2021,PADI,0.0,HA
832,2494,35,JAWA TIMUR,3577,KOTA MADIUN,2021-10,2021,JAGUNG,0.0,HA
832,2495,35,JAWA TIMUR,3577,KOTA MADIUN,2021-10,2021,KEDELAI,0.0,HA
832,2496,35,JAWA TIMUR,3577,KOTA MADIUN,2021-10,2021,PADI,0.0,HA
837,2509,35,JAWA TIMUR,3578,KOTA SURABAYA,2021-10,2021,JAGUNG,0.0,HA
837,2510,35,JAWA TIMUR,3578,KOTA SURABAYA,2021-10,2021,KEDELAI,0.0,HA
837,2511,35,JAWA TIMUR,3578,KOTA SURABAYA,2021-10,2021,PADI,0.0,HA
833,2497,35,JAWA TIMUR,3579,KOTA BATU,2021-10,2021,JAGUNG,0.0,HA
833,2498,35,JAWA TIMUR,3579,KOTA BATU,2021-10,2021,KEDELAI,0.0,HA
833,2499,35,JAWA TIMUR,3579,KOTA BATU,2021-10,2021,PADI,0.0,HA
839,2515,35,JAWA TIMUR,3501,KABUPATEN PACITAN,2021-11,2021,JAGUNG,0.0,HA
839,2516,35,JAWA TIMUR,3501,KABUPATEN PACITAN,2021-11,2021,KEDELAI,0.0,HA
839,2517,35,JAWA TIMUR,3501,KABUPATEN PACITAN,2021-11,2021,PADI,0.0,HA
840,2518,35,JAWA TIMUR,3502,KABUPATEN PONOROGO,2021-11,2021,JAGUNG,0.0,HA
840,2519,35,JAWA TIMUR,3502,KABUPATEN PONOROGO,2021-11,2021,KEDELAI,0.0,HA
840,2520,35,JAWA TIMUR,3502,KABUPATEN PONOROGO,2021-11,2021,PADI,0.0,HA
841,2521,35,JAWA TIMUR,3503,KABUPATEN TRENGGALEK,2021-11,2021,JAGUNG,0.0,HA
841,2522,35,JAWA TIMUR,3503,KABUPATEN TRENGGALEK,2021-11,2021,KEDELAI,0.0,HA
841,2523,35,JAWA TIMUR,3503,KABUPATEN TRENGGALEK,2021-11,2021,PADI,0.0,HA
842,2524,35,JAWA TIMUR,3504,KABUPATEN TULUNGAGUNG,2021-11,2021,JAGUNG,0.0,HA
842,2525,35,JAWA TIMUR,3504,KABUPATEN TULUNGAGUNG,2021-11,2021,KEDELAI,0.0,HA
842,2526,35,JAWA TIMUR,3504,KABUPATEN TULUNGAGUNG,2021-11,2021,PADI,0.0,HA
843,2527,35,JAWA TIMUR,3505,KABUPATEN BLITAR,2021-11,2021,JAGUNG,0.0,HA
843,2528,35,JAWA TIMUR,3505,KABUPATEN BLITAR,2021-11,2021,KEDELAI,0.0,HA
843,2529,35,JAWA TIMUR,3505,KABUPATEN BLITAR,2021-11,2021,PADI,0.0,HA
844,2530,35,JAWA TIMUR,3506,KABUPATEN KEDIRI,2021-11,2021,JAGUNG,0.0,HA
844,2531,35,JAWA TIMUR,3506,KABUPATEN KEDIRI,2021-11,2021,KEDELAI,0.0,HA
844,2532,35,JAWA TIMUR,3506,KABUPATEN KEDIRI,2021-11,2021,PADI,0.0,HA
845,2533,35,JAWA TIMUR,3507,KABUPATEN MALANG,2021-11,2021,JAGUNG,0.0,HA
845,2534,35,JAWA TIMUR,3507,KABUPATEN MALANG,2021-11,2021,KEDELAI,0.0,HA
845,2535,35,JAWA TIMUR,3507,KABUPATEN MALANG,2021-11,2021,PADI,0.0,HA
846,2536,35,JAWA TIMUR,3508,KABUPATEN LUMAJANG,2021-11,2021,JAGUNG,0.0,HA
846,2537,35,JAWA TIMUR,3508,KABUPATEN LUMAJANG,2021-11,2021,KEDELAI,0.0,HA
846,2538,35,JAWA TIMUR,3508,KABUPATEN LUMAJANG,2021-11,2021,PADI,0.0,HA
847,2539,35,JAWA TIMUR,3509,KABUPATEN JEMBER,2021-11,2021,JAGUNG,0.0,HA
847,2540,35,JAWA TIMUR,3509,KABUPATEN JEMBER,2021-11,2021,KEDELAI,0.0,HA
847,2541,35,JAWA TIMUR,3509,KABUPATEN JEMBER,2021-11,2021,PADI,0.0,HA
848,2542,35,JAWA TIMUR,3510,KABUPATEN BANYUWANGI,2021-11,2021,JAGUNG,0.0,HA
848,2543,35,JAWA TIMUR,3510,KABUPATEN BANYUWANGI,2021-11,2021,KEDELAI,0.0,HA
848,2544,35,JAWA TIMUR,3510,KABUPATEN BANYUWANGI,2021-11,2021,PADI,0.0,HA
849,2545,35,JAWA TIMUR,3511,KABUPATEN BONDOWOSO,2021-11,2021,JAGUNG,0.0,HA
849,2546,35,JAWA TIMUR,3511,KABUPATEN BONDOWOSO,2021-11,2021,KEDELAI,0.0,HA
849,2547,35,JAWA TIMUR,3511,KABUPATEN BONDOWOSO,2021-11,2021,PADI,0.0,HA
850,2548,35,JAWA TIMUR,3512,KABUPATEN SITUBONDO,2021-11,2021,JAGUNG,0.0,HA
850,2549,35,JAWA TIMUR,3512,KABUPATEN SITUBONDO,2021-11,2021,KEDELAI,0.0,HA
850,2550,35,JAWA TIMUR,3512,KABUPATEN SITUBONDO,2021-11,2021,PADI,0.0,HA
851,2551,35,JAWA TIMUR,3513,KABUPATEN PROBOLINGGO,2021-11,2021,JAGUNG,0.0,HA
851,2552,35,JAWA TIMUR,3513,KABUPATEN PROBOLINGGO,2021-11,2021,KEDELAI,0.0,HA
851,2553,35,JAWA TIMUR,3513,KABUPATEN PROBOLINGGO,2021-11,2021,PADI,0.0,HA
852,2554,35,JAWA TIMUR,3514,KABUPATEN PASURUAN,2021-11,2021,JAGUNG,0.0,HA
852,2555,35,JAWA TIMUR,3514,KABUPATEN PASURUAN,2021-11,2021,KEDELAI,0.0,HA
852,2556,35,JAWA TIMUR,3514,KABUPATEN PASURUAN,2021-11,2021,PADI,0.0,HA
853,2557,35,JAWA TIMUR,3515,KABUPATEN SIDOARJO,2021-11,2021,JAGUNG,0.0,HA
853,2558,35,JAWA TIMUR,3515,KABUPATEN SIDOARJO,2021-11,2021,KEDELAI,0.0,HA
853,2559,35,JAWA TIMUR,3515,KABUPATEN SIDOARJO,2021-11,2021,PADI,0.0,HA
854,2560,35,JAWA TIMUR,3516,KABUPATEN MOJOKERTO,2021-11,2021,JAGUNG,0.0,HA
854,2561,35,JAWA TIMUR,3516,KABUPATEN MOJOKERTO,2021-11,2021,KEDELAI,0.0,HA
854,2562,35,JAWA TIMUR,3516,KABUPATEN MOJOKERTO,2021-11,2021,PADI,0.0,HA
855,2563,35,JAWA TIMUR,3517,KABUPATEN JOMBANG,2021-11,2021,JAGUNG,0.0,HA
855,2564,35,JAWA TIMUR,3517,KABUPATEN JOMBANG,2021-11,2021,KEDELAI,0.0,HA
855,2565,35,JAWA TIMUR,3517,KABUPATEN JOMBANG,2021-11,2021,PADI,0.0,HA
856,2566,35,JAWA TIMUR,3518,KABUPATEN NGANJUK,2021-11,2021,JAGUNG,0.0,HA
856,2567,35,JAWA TIMUR,3518,KABUPATEN NGANJUK,2021-11,2021,KEDELAI,0.0,HA
856,2568,35,JAWA TIMUR,3518,KABUPATEN NGANJUK,2021-11,2021,PADI,0.0,HA
857,2569,35,JAWA TIMUR,3519,KABUPATEN MADIUN,2021-11,2021,JAGUNG,0.0,HA
857,2570,35,JAWA TIMUR,3519,KABUPATEN MADIUN,2021-11,2021,KEDELAI,0.0,HA
857,2571,35,JAWA TIMUR,3519,KABUPATEN MADIUN,2021-11,2021,PADI,0.0,HA
858,2572,35,JAWA TIMUR,3520,KABUPATEN MAGETAN,2021-11,2021,JAGUNG,0.0,HA
858,2573,35,JAWA TIMUR,3520,KABUPATEN MAGETAN,2021-11,2021,KEDELAI,0.0,HA
858,2574,35,JAWA TIMUR,3520,KABUPATEN MAGETAN,2021-11,2021,PADI,0.0,HA
859,2575,35,JAWA TIMUR,3521,KABUPATEN NGAWI,2021-11,2021,JAGUNG,0.0,HA
859,2576,35,JAWA TIMUR,3521,KABUPATEN NGAWI,2021-11,2021,KEDELAI,0.0,HA
859,2577,35,JAWA TIMUR,3521,KABUPATEN NGAWI,2021-11,2021,PADI,0.0,HA
860,2578,35,JAWA TIMUR,3522,KABUPATEN BOJONEGORO,2021-11,2021,JAGUNG,0.0,HA
860,2579,35,JAWA TIMUR,3522,KABUPATEN BOJONEGORO,2021-11,2021,KEDELAI,0.0,HA
860,2580,35,JAWA TIMUR,3522,KABUPATEN BOJONEGORO,2021-11,2021,PADI,0.0,HA
861,2581,35,JAWA TIMUR,3523,KABUPATEN TUBAN,2021-11,2021,JAGUNG,0.0,HA
861,2582,35,JAWA TIMUR,3523,KABUPATEN TUBAN,2021-11,2021,KEDELAI,0.0,HA
861,2583,35,JAWA TIMUR,3523,KABUPATEN TUBAN,2021-11,2021,PADI,0.0,HA
862,2584,35,JAWA TIMUR,3524,KABUPATEN LAMONGAN,2021-11,2021,JAGUNG,0.0,HA
862,2585,35,JAWA TIMUR,3524,KABUPATEN LAMONGAN,2021-11,2021,KEDELAI,0.0,HA
862,2586,35,JAWA TIMUR,3524,KABUPATEN LAMONGAN,2021-11,2021,PADI,0.0,HA
863,2587,35,JAWA TIMUR,3525,KABUPATEN GRESIK,2021-11,2021,JAGUNG,0.0,HA
863,2588,35,JAWA TIMUR,3525,KABUPATEN GRESIK,2021-11,2021,KEDELAI,0.0,HA
863,2589,35,JAWA TIMUR,3525,KABUPATEN GRESIK,2021-11,2021,PADI,0.0,HA
864,2590,35,JAWA TIMUR,3526,KABUPATEN BANGKALAN,2021-11,2021,JAGUNG,0.0,HA
864,2591,35,JAWA TIMUR,3526,KABUPATEN BANGKALAN,2021-11,2021,KEDELAI,0.0,HA
864,2592,35,JAWA TIMUR,3526,KABUPATEN BANGKALAN,2021-11,2021,PADI,0.0,HA
865,2593,35,JAWA TIMUR,3527,KABUPATEN SAMPANG,2021-11,2021,JAGUNG,0.0,HA
865,2594,35,JAWA TIMUR,3527,KABUPATEN SAMPANG,2021-11,2021,KEDELAI,0.0,HA
865,2595,35,JAWA TIMUR,3527,KABUPATEN SAMPANG,2021-11,2021,PADI,0.0,HA
866,2596,35,JAWA TIMUR,3528,KABUPATEN PAMEKASAN,2021-11,2021,JAGUNG,0.0,HA
866,2597,35,JAWA TIMUR,3528,KABUPATEN PAMEKASAN,2021-11,2021,KEDELAI,0.0,HA
866,2598,35,JAWA TIMUR,3528,KABUPATEN PAMEKASAN,2021-11,2021,PADI,0.0,HA
867,2599,35,JAWA TIMUR,3529,KABUPATEN SUMENEP,2021-11,2021,JAGUNG,0.0,HA
867,2600,35,JAWA TIMUR,3529,KABUPATEN SUMENEP,2021-11,2021,KEDELAI,0.0,HA
867,2601,35,JAWA TIMUR,3529,KABUPATEN SUMENEP,2021-11,2021,PADI,0.0,HA
868,2602,35,JAWA TIMUR,3571,KOTA KEDIRI,2021-11,2021,JAGUNG,0.0,HA
868,2603,35,JAWA TIMUR,3571,KOTA KEDIRI,2021-11,2021,KEDELAI,0.0,HA
868,2604,35,JAWA TIMUR,3571,KOTA KEDIRI,2021-11,2021,PADI,0.0,HA
873,2617,35,JAWA TIMUR,3572,KOTA BLITAR,2021-11,2021,JAGUNG,0.0,HA
873,2618,35,JAWA TIMUR,3572,KOTA BLITAR,2021-11,2021,KEDELAI,0.0,HA
873,2619,35,JAWA TIMUR,3572,KOTA BLITAR,2021-11,2021,PADI,0.0,HA
874,2620,35,JAWA TIMUR,3573,KOTA MALANG,2021-11,2021,JAGUNG,0.0,HA
874,2621,35,JAWA TIMUR,3573,KOTA MALANG,2021-11,2021,KEDELAI,0.0,HA
874,2622,35,JAWA TIMUR,3573,KOTA MALANG,2021-11,2021,PADI,0.0,HA
869,2605,35,JAWA TIMUR,3574,KOTA PROBOLINGGO,2021-11,2021,JAGUNG,0.0,HA
869,2606,35,JAWA TIMUR,3574,KOTA PROBOLINGGO,2021-11,2021,KEDELAI,0.0,HA
869,2607,35,JAWA TIMUR,3574,KOTA PROBOLINGGO,2021-11,2021,PADI,0.0,HA
870,2608,35,JAWA TIMUR,3575,KOTA PASURUAN,2021-11,2021,JAGUNG,0.0,HA
870,2609,35,JAWA TIMUR,3575,KOTA PASURUAN,2021-11,2021,KEDELAI,0.0,HA
870,2610,35,JAWA TIMUR,3575,KOTA PASURUAN,2021-11,2021,PADI,0.0,HA
875,2623,35,JAWA TIMUR,3576,KOTA MOJOKERTO,2021-11,2021,JAGUNG,0.0,HA
875,2624,35,JAWA TIMUR,3576,KOTA MOJOKERTO,2021-11,2021,KEDELAI,0.0,HA
875,2625,35,JAWA TIMUR,3576,KOTA MOJOKERTO,2021-11,2021,PADI,0.0,HA
871,2611,35,JAWA TIMUR,3577,KOTA MADIUN,2021-11,2021,JAGUNG,0.0,HA
871,2612,35,JAWA TIMUR,3577,KOTA MADIUN,2021-11,2021,KEDELAI,0.0,HA
871,2613,35,JAWA TIMUR,3577,KOTA MADIUN,2021-11,2021,PADI,0.0,HA
876,2626,35,JAWA TIMUR,3578,KOTA SURABAYA,2021-11,2021,JAGUNG,0.0,HA
876,2627,35,JAWA TIMUR,3578,KOTA SURABAYA,2021-11,2021,KEDELAI,0.0,HA
876,2628,35,JAWA TIMUR,3578,KOTA SURABAYA,2021-11,2021,PADI,0.0,HA
872,2614,35,JAWA TIMUR,3579,KOTA BATU,2021-11,2021,JAGUNG,0.0,HA
872,2615,35,JAWA TIMUR,3579,KOTA BATU,2021-11,2021,KEDELAI,0.0,HA
872,2616,35,JAWA TIMUR,3579,KOTA BATU,2021-11,2021,PADI,0.0,HA
878,2632,35,JAWA TIMUR,3501,KABUPATEN PACITAN,2021-12,2021,JAGUNG,0.0,HA
878,2633,35,JAWA TIMUR,3501,KABUPATEN PACITAN,2021-12,2021,KEDELAI,0.0,HA
878,2634,35,JAWA TIMUR,3501,KABUPATEN PACITAN,2021-12,2021,PADI,0.0,HA
879,2635,35,JAWA TIMUR,3502,KABUPATEN PONOROGO,2021-12,2021,JAGUNG,0.0,HA
879,2636,35,JAWA TIMUR,3502,KABUPATEN PONOROGO,2021-12,2021,KEDELAI,0.0,HA
879,2637,35,JAWA TIMUR,3502,KABUPATEN PONOROGO,2021-12,2021,PADI,0.0,HA
880,2638,35,JAWA TIMUR,3503,KABUPATEN TRENGGALEK,2021-12,2021,JAGUNG,0.0,HA
880,2639,35,JAWA TIMUR,3503,KABUPATEN TRENGGALEK,2021-12,2021,KEDELAI,0.0,HA
880,2640,35,JAWA TIMUR,3503,KABUPATEN TRENGGALEK,2021-12,2021,PADI,0.0,HA
881,2641,35,JAWA TIMUR,3504,KABUPATEN TULUNGAGUNG,2021-12,2021,JAGUNG,0.0,HA
881,2642,35,JAWA TIMUR,3504,KABUPATEN TULUNGAGUNG,2021-12,2021,KEDELAI,0.0,HA
881,2643,35,JAWA TIMUR,3504,KABUPATEN TULUNGAGUNG,2021-12,2021,PADI,0.0,HA
882,2644,35,JAWA TIMUR,3505,KABUPATEN BLITAR,2021-12,2021,JAGUNG,0.0,HA
882,2645,35,JAWA TIMUR,3505,KABUPATEN BLITAR,2021-12,2021,KEDELAI,0.0,HA
882,2646,35,JAWA TIMUR,3505,KABUPATEN BLITAR,2021-12,2021,PADI,0.0,HA
883,2647,35,JAWA TIMUR,3506,KABUPATEN KEDIRI,2021-12,2021,JAGUNG,0.0,HA
883,2648,35,JAWA TIMUR,3506,KABUPATEN KEDIRI,2021-12,2021,KEDELAI,0.0,HA
883,2649,35,JAWA TIMUR,3506,KABUPATEN KEDIRI,2021-12,2021,PADI,0.0,HA
884,2650,35,JAWA TIMUR,3507,KABUPATEN MALANG,2021-12,2021,JAGUNG,0.0,HA
884,2651,35,JAWA TIMUR,3507,KABUPATEN MALANG,2021-12,2021,KEDELAI,0.0,HA
884,2652,35,JAWA TIMUR,3507,KABUPATEN MALANG,2021-12,2021,PADI,0.0,HA
885,2653,35,JAWA TIMUR,3508,KABUPATEN LUMAJANG,2021-12,2021,JAGUNG,0.0,HA
885,2654,35,JAWA TIMUR,3508,KABUPATEN LUMAJANG,2021-12,2021,KEDELAI,0.0,HA
885,2655,35,JAWA TIMUR,3508,KABUPATEN LUMAJANG,2021-12,2021,PADI,0.0,HA
886,2656,35,JAWA TIMUR,3509,KABUPATEN JEMBER,2021-12,2021,JAGUNG,0.0,HA
886,2657,35,JAWA TIMUR,3509,KABUPATEN JEMBER,2021-12,2021,KEDELAI,0.0,HA
886,2658,35,JAWA TIMUR,3509,KABUPATEN JEMBER,2021-12,2021,PADI,0.0,HA
887,2659,35,JAWA TIMUR,3510,KABUPATEN BANYUWANGI,2021-12,2021,JAGUNG,0.0,HA
887,2660,35,JAWA TIMUR,3510,KABUPATEN BANYUWANGI,2021-12,2021,KEDELAI,0.0,HA
887,2661,35,JAWA TIMUR,3510,KABUPATEN BANYUWANGI,2021-12,2021,PADI,0.0,HA
888,2662,35,JAWA TIMUR,3511,KABUPATEN BONDOWOSO,2021-12,2021,JAGUNG,0.0,HA
888,2663,35,JAWA TIMUR,3511,KABUPATEN BONDOWOSO,2021-12,2021,KEDELAI,0.0,HA
888,2664,35,JAWA TIMUR,3511,KABUPATEN BONDOWOSO,2021-12,2021,PADI,0.0,HA
889,2665,35,JAWA TIMUR,3512,KABUPATEN SITUBONDO,2021-12,2021,JAGUNG,0.0,HA
889,2666,35,JAWA TIMUR,3512,KABUPATEN SITUBONDO,2021-12,2021,KEDELAI,0.0,HA
889,2667,35,JAWA TIMUR,3512,KABUPATEN SITUBONDO,2021-12,2021,PADI,0.0,HA
890,2668,35,JAWA TIMUR,3513,KABUPATEN PROBOLINGGO,2021-12,2021,JAGUNG,0.0,HA
890,2669,35,JAWA TIMUR,3513,KABUPATEN PROBOLINGGO,2021-12,2021,KEDELAI,0.0,HA
890,2670,35,JAWA TIMUR,3513,KABUPATEN PROBOLINGGO,2021-12,2021,PADI,0.0,HA
891,2671,35,JAWA TIMUR,3514,KABUPATEN PASURUAN,2021-12,2021,JAGUNG,0.0,HA
891,2672,35,JAWA TIMUR,3514,KABUPATEN PASURUAN,2021-12,2021,KEDELAI,0.0,HA
891,2673,35,JAWA TIMUR,3514,KABUPATEN PASURUAN,2021-12,2021,PADI,0.0,HA
892,2674,35,JAWA TIMUR,3515,KABUPATEN SIDOARJO,2021-12,2021,JAGUNG,0.0,HA
892,2675,35,JAWA TIMUR,3515,KABUPATEN SIDOARJO,2021-12,2021,KEDELAI,0.0,HA
892,2676,35,JAWA TIMUR,3515,KABUPATEN SIDOARJO,2021-12,2021,PADI,0.0,HA
893,2677,35,JAWA TIMUR,3516,KABUPATEN MOJOKERTO,2021-12,2021,JAGUNG,0.0,HA
893,2678,35,JAWA TIMUR,3516,KABUPATEN MOJOKERTO,2021-12,2021,KEDELAI,0.0,HA
893,2679,35,JAWA TIMUR,3516,KABUPATEN MOJOKERTO,2021-12,2021,PADI,0.0,HA
894,2680,35,JAWA TIMUR,3517,KABUPATEN JOMBANG,2021-12,2021,JAGUNG,0.0,HA
894,2681,35,JAWA TIMUR,3517,KABUPATEN JOMBANG,2021-12,2021,KEDELAI,0.0,HA
894,2682,35,JAWA TIMUR,3517,KABUPATEN JOMBANG,2021-12,2021,PADI,0.0,HA
895,2683,35,JAWA TIMUR,3518,KABUPATEN NGANJUK,2021-12,2021,JAGUNG,0.0,HA
895,2684,35,JAWA TIMUR,3518,KABUPATEN NGANJUK,2021-12,2021,KEDELAI,0.0,HA
895,2685,35,JAWA TIMUR,3518,KABUPATEN NGANJUK,2021-12,2021,PADI,0.0,HA
896,2686,35,JAWA TIMUR,3519,KABUPATEN MADIUN,2021-12,2021,JAGUNG,0.0,HA
896,2687,35,JAWA TIMUR,3519,KABUPATEN MADIUN,2021-12,2021,KEDELAI,0.0,HA
896,2688,35,JAWA TIMUR,3519,KABUPATEN MADIUN,2021-12,2021,PADI,0.0,HA
897,2689,35,JAWA TIMUR,3520,KABUPATEN MAGETAN,2021-12,2021,JAGUNG,0.0,HA
897,2690,35,JAWA TIMUR,3520,KABUPATEN MAGETAN,2021-12,2021,KEDELAI,0.0,HA
897,2691,35,JAWA TIMUR,3520,KABUPATEN MAGETAN,2021-12,2021,PADI,0.0,HA
898,2692,35,JAWA TIMUR,3521,KABUPATEN NGAWI,2021-12,2021,JAGUNG,0.0,HA
898,2693,35,JAWA TIMUR,3521,KABUPATEN NGAWI,2021-12,2021,KEDELAI,0.0,HA
898,2694,35,JAWA TIMUR,3521,KABUPATEN NGAWI,2021-12,2021,PADI,0.0,HA
899,2695,35,JAWA TIMUR,3522,KABUPATEN BOJONEGORO,2021-12,2021,JAGUNG,0.0,HA
899,2696,35,JAWA TIMUR,3522,KABUPATEN BOJONEGORO,2021-12,2021,KEDELAI,0.0,HA
899,2697,35,JAWA TIMUR,3522,KABUPATEN BOJONEGORO,2021-12,2021,PADI,0.0,HA
900,2698,35,JAWA TIMUR,3523,KABUPATEN TUBAN,2021-12,2021,JAGUNG,0.0,HA
900,2699,35,JAWA TIMUR,3523,KABUPATEN TUBAN,2021-12,2021,KEDELAI,0.0,HA
900,2700,35,JAWA TIMUR,3523,KABUPATEN TUBAN,2021-12,2021,PADI,0.0,HA
901,2701,35,JAWA TIMUR,3524,KABUPATEN LAMONGAN,2021-12,2021,JAGUNG,0.0,HA
901,2702,35,JAWA TIMUR,3524,KABUPATEN LAMONGAN,2021-12,2021,KEDELAI,0.0,HA
901,2703,35,JAWA TIMUR,3524,KABUPATEN LAMONGAN,2021-12,2021,PADI,0.0,HA
902,2704,35,JAWA TIMUR,3525,KABUPATEN GRESIK,2021-12,2021,JAGUNG,0.0,HA
902,2705,35,JAWA TIMUR,3525,KABUPATEN GRESIK,2021-12,2021,KEDELAI,0.0,HA
902,2706,35,JAWA TIMUR,3525,KABUPATEN GRESIK,2021-12,2021,PADI,0.0,HA
903,2707,35,JAWA TIMUR,3526,KABUPATEN BANGKALAN,2021-12,2021,JAGUNG,0.0,HA
903,2708,35,JAWA TIMUR,3526,KABUPATEN BANGKALAN,2021-12,2021,KEDELAI,0.0,HA
903,2709,35,JAWA TIMUR,3526,KABUPATEN BANGKALAN,2021-12,2021,PADI,0.0,HA
904,2710,35,JAWA TIMUR,3527,KABUPATEN SAMPANG,2021-12,2021,JAGUNG,0.0,HA
904,2711,35,JAWA TIMUR,3527,KABUPATEN SAMPANG,2021-12,2021,KEDELAI,0.0,HA
904,2712,35,JAWA TIMUR,3527,KABUPATEN SAMPANG,2021-12,2021,PADI,0.0,HA
905,2713,35,JAWA TIMUR,3528,KABUPATEN PAMEKASAN,2021-12,2021,JAGUNG,0.0,HA
905,2714,35,JAWA TIMUR,3528,KABUPATEN PAMEKASAN,2021-12,2021,KEDELAI,0.0,HA
905,2715,35,JAWA TIMUR,3528,KABUPATEN PAMEKASAN,2021-12,2021,PADI,0.0,HA
906,2716,35,JAWA TIMUR,3529,KABUPATEN SUMENEP,2021-12,2021,JAGUNG,0.0,HA
906,2717,35,JAWA TIMUR,3529,KABUPATEN SUMENEP,2021-12,2021,KEDELAI,0.0,HA
906,2718,35,JAWA TIMUR,3529,KABUPATEN SUMENEP,2021-12,2021,PADI,0.0,HA
907,2719,35,JAWA TIMUR,3571,KOTA KEDIRI,2021-12,2021,JAGUNG,0.0,HA
907,2720,35,JAWA TIMUR,3571,KOTA KEDIRI,2021-12,2021,KEDELAI,0.0,HA
907,2721,35,JAWA TIMUR,3571,KOTA KEDIRI,2021-12,2021,PADI,0.0,HA
912,2734,35,JAWA TIMUR,3572,KOTA BLITAR,2021-12,2021,JAGUNG,0.0,HA
912,2735,35,JAWA TIMUR,3572,KOTA BLITAR,2021-12,2021,KEDELAI,0.0,HA
912,2736,35,JAWA TIMUR,3572,KOTA BLITAR,2021-12,2021,PADI,0.0,HA
913,2737,35,JAWA TIMUR,3573,KOTA MALANG,2021-12,2021,JAGUNG,0.0,HA
913,2738,35,JAWA TIMUR,3573,KOTA MALANG,2021-12,2021,KEDELAI,0.0,HA
913,2739,35,JAWA TIMUR,3573,KOTA MALANG,2021-12,2021,PADI,0.0,HA
908,2722,35,JAWA TIMUR,3574,KOTA PROBOLINGGO,2021-12,2021,JAGUNG,0.0,HA
908,2723,35,JAWA TIMUR,3574,KOTA PROBOLINGGO,2021-12,2021,KEDELAI,0.0,HA
908,2724,35,JAWA TIMUR,3574,KOTA PROBOLINGGO,2021-12,2021,PADI,0.0,HA
909,2725,35,JAWA TIMUR,3575,KOTA PASURUAN,2021-12,2021,JAGUNG,0.0,HA
909,2726,35,JAWA TIMUR,3575,KOTA PASURUAN,2021-12,2021,KEDELAI,0.0,HA
909,2727,35,JAWA TIMUR,3575,KOTA PASURUAN,2021-12,2021,PADI,0.0,HA
914,2740,35,JAWA TIMUR,3576,KOTA MOJOKERTO,2021-12,2021,JAGUNG,0.0,HA
914,2741,35,JAWA TIMUR,3576,KOTA MOJOKERTO,2021-12,2021,KEDELAI,0.0,HA
914,2742,35,JAWA TIMUR,3576,KOTA MOJOKERTO,2021-12,2021,PADI,0.0,HA
910,2728,35,JAWA TIMUR,3577,KOTA MADIUN,2021-12,2021,JAGUNG,0.0,HA
910,2729,35,JAWA TIMUR,3577,KOTA MADIUN,2021-12,2021,KEDELAI,0.0,HA
910,2730,35,JAWA TIMUR,3577,KOTA MADIUN,2021-12,2021,PADI,0.0,HA
915,2743,35,JAWA TIMUR,3578,KOTA SURABAYA,2021-12,2021,JAGUNG,0.0,HA
915,2744,35,JAWA TIMUR,3578,KOTA SURABAYA,2021-12,2021,KEDELAI,0.0,HA
915,2745,35,JAWA TIMUR,3578,KOTA SURABAYA,2021-12,2021,PADI,0.0,HA
911,2731,35,JAWA TIMUR,3579,KOTA BATU,2021-12,2021,JAGUNG,0.0,HA
911,2732,35,JAWA TIMUR,3579,KOTA BATU,2021-12,2021,KEDELAI,0.0,HA
911,2733,35,JAWA TIMUR,3579,KOTA BATU,2021-12,2021,PADI,0.0,HA
917,2749,35,JAWA TIMUR,3501,KABUPATEN PACITAN,2022-01,2022,JAGUNG,0.0,HA
917,2750,35,JAWA TIMUR,3501,KABUPATEN PACITAN,2022-01,2022,KEDELAI,0.0,HA
917,2751,35,JAWA TIMUR,3501,KABUPATEN PACITAN,2022-01,2022,PADI,0.0,HA
918,2752,35,JAWA TIMUR,3502,KABUPATEN PONOROGO,2022-01,2022,JAGUNG,0.0,HA
918,2753,35,JAWA TIMUR,3502,KABUPATEN PONOROGO,2022-01,2022,KEDELAI,0.0,HA
918,2754,35,JAWA TIMUR,3502,KABUPATEN PONOROGO,2022-01,2022,PADI,0.0,HA
919,2755,35,JAWA TIMUR,3503,KABUPATEN TRENGGALEK,2022-01,2022,JAGUNG,0.0,HA
919,2756,35,JAWA TIMUR,3503,KABUPATEN TRENGGALEK,2022-01,2022,KEDELAI,0.0,HA
919,2757,35,JAWA TIMUR,3503,KABUPATEN TRENGGALEK,2022-01,2022,PADI,0.0,HA
920,2758,35,JAWA TIMUR,3504,KABUPATEN TULUNGAGUNG,2022-01,2022,JAGUNG,0.0,HA
920,2759,35,JAWA TIMUR,3504,KABUPATEN TULUNGAGUNG,2022-01,2022,KEDELAI,0.0,HA
920,2760,35,JAWA TIMUR,3504,KABUPATEN TULUNGAGUNG,2022-01,2022,PADI,0.0,HA
921,2761,35,JAWA TIMUR,3505,KABUPATEN BLITAR,2022-01,2022,JAGUNG,0.0,HA
921,2762,35,JAWA TIMUR,3505,KABUPATEN BLITAR,2022-01,2022,KEDELAI,0.0,HA
921,2763,35,JAWA TIMUR,3505,KABUPATEN BLITAR,2022-01,2022,PADI,0.0,HA
922,2764,35,JAWA TIMUR,3506,KABUPATEN KEDIRI,2022-01,2022,JAGUNG,0.0,HA
922,2765,35,JAWA TIMUR,3506,KABUPATEN KEDIRI,2022-01,2022,KEDELAI,0.0,HA
922,2766,35,JAWA TIMUR,3506,KABUPATEN KEDIRI,2022-01,2022,PADI,0.0,HA
923,2767,35,JAWA TIMUR,3507,KABUPATEN MALANG,2022-01,2022,JAGUNG,0.0,HA
923,2768,35,JAWA TIMUR,3507,KABUPATEN MALANG,2022-01,2022,KEDELAI,0.0,HA
923,2769,35,JAWA TIMUR,3507,KABUPATEN MALANG,2022-01,2022,PADI,0.0,HA
924,2770,35,JAWA TIMUR,3508,KABUPATEN LUMAJANG,2022-01,2022,JAGUNG,0.0,HA
924,2771,35,JAWA TIMUR,3508,KABUPATEN LUMAJANG,2022-01,2022,KEDELAI,0.0,HA
924,2772,35,JAWA TIMUR,3508,KABUPATEN LUMAJANG,2022-01,2022,PADI,0.0,HA
925,2773,35,JAWA TIMUR,3509,KABUPATEN JEMBER,2022-01,2022,JAGUNG,0.0,HA
925,2774,35,JAWA TIMUR,3509,KABUPATEN JEMBER,2022-01,2022,KEDELAI,0.0,HA
925,2775,35,JAWA TIMUR,3509,KABUPATEN JEMBER,2022-01,2022,PADI,0.0,HA
926,2776,35,JAWA TIMUR,3510,KABUPATEN BANYUWANGI,2022-01,2022,JAGUNG,0.0,HA
926,2777,35,JAWA TIMUR,3510,KABUPATEN BANYUWANGI,2022-01,2022,KEDELAI,0.0,HA
926,2778,35,JAWA TIMUR,3510,KABUPATEN BANYUWANGI,2022-01,2022,PADI,0.0,HA
927,2779,35,JAWA TIMUR,3511,KABUPATEN BONDOWOSO,2022-01,2022,JAGUNG,0.0,HA
927,2780,35,JAWA TIMUR,3511,KABUPATEN BONDOWOSO,2022-01,2022,KEDELAI,0.0,HA
927,2781,35,JAWA TIMUR,3511,KABUPATEN BONDOWOSO,2022-01,2022,PADI,0.0,HA
928,2782,35,JAWA TIMUR,3512,KABUPATEN SITUBONDO,2022-01,2022,JAGUNG,0.0,HA
928,2783,35,JAWA TIMUR,3512,KABUPATEN SITUBONDO,2022-01,2022,KEDELAI,0.0,HA
928,2784,35,JAWA TIMUR,3512,KABUPATEN SITUBONDO,2022-01,2022,PADI,0.0,HA
929,2785,35,JAWA TIMUR,3513,KABUPATEN PROBOLINGGO,2022-01,2022,JAGUNG,0.0,HA
929,2786,35,JAWA TIMUR,3513,KABUPATEN PROBOLINGGO,2022-01,2022,KEDELAI,0.0,HA
929,2787,35,JAWA TIMUR,3513,KABUPATEN PROBOLINGGO,2022-01,2022,PADI,0.0,HA
930,2788,35,JAWA TIMUR,3514,KABUPATEN PASURUAN,2022-01,2022,JAGUNG,0.0,HA
930,2789,35,JAWA TIMUR,3514,KABUPATEN PASURUAN,2022-01,2022,KEDELAI,0.0,HA
930,2790,35,JAWA TIMUR,3514,KABUPATEN PASURUAN,2022-01,2022,PADI,0.0,HA
931,2791,35,JAWA TIMUR,3515,KABUPATEN SIDOARJO,2022-01,2022,JAGUNG,0.0,HA
931,2792,35,JAWA TIMUR,3515,KABUPATEN SIDOARJO,2022-01,2022,KEDELAI,0.0,HA
931,2793,35,JAWA TIMUR,3515,KABUPATEN SIDOARJO,2022-01,2022,PADI,0.0,HA
932,2794,35,JAWA TIMUR,3516,KABUPATEN MOJOKERTO,2022-01,2022,JAGUNG,0.0,HA
932,2795,35,JAWA TIMUR,3516,KABUPATEN MOJOKERTO,2022-01,2022,KEDELAI,0.0,HA
932,2796,35,JAWA TIMUR,3516,KABUPATEN MOJOKERTO,2022-01,2022,PADI,0.0,HA
933,2797,35,JAWA TIMUR,3517,KABUPATEN JOMBANG,2022-01,2022,JAGUNG,0.0,HA
933,2798,35,JAWA TIMUR,3517,KABUPATEN JOMBANG,2022-01,2022,KEDELAI,0.0,HA
933,2799,35,JAWA TIMUR,3517,KABUPATEN JOMBANG,2022-01,2022,PADI,0.0,HA
934,2800,35,JAWA TIMUR,3518,KABUPATEN NGANJUK,2022-01,2022,JAGUNG,0.0,HA
934,2801,35,JAWA TIMUR,3518,KABUPATEN NGANJUK,2022-01,2022,KEDELAI,0.0,HA
934,2802,35,JAWA TIMUR,3518,KABUPATEN NGANJUK,2022-01,2022,PADI,0.0,HA
935,2803,35,JAWA TIMUR,3519,KABUPATEN MADIUN,2022-01,2022,JAGUNG,0.0,HA
935,2804,35,JAWA TIMUR,3519,KABUPATEN MADIUN,2022-01,2022,KEDELAI,0.0,HA
935,2805,35,JAWA TIMUR,3519,KABUPATEN MADIUN,2022-01,2022,PADI,0.0,HA
936,2806,35,JAWA TIMUR,3520,KABUPATEN MAGETAN,2022-01,2022,JAGUNG,0.0,HA
936,2807,35,JAWA TIMUR,3520,KABUPATEN MAGETAN,2022-01,2022,KEDELAI,0.0,HA
936,2808,35,JAWA TIMUR,3520,KABUPATEN MAGETAN,2022-01,2022,PADI,0.0,HA
937,2809,35,JAWA TIMUR,3521,KABUPATEN NGAWI,2022-01,2022,JAGUNG,0.0,HA
937,2810,35,JAWA TIMUR,3521,KABUPATEN NGAWI,2022-01,2022,KEDELAI,0.0,HA
937,2811,35,JAWA TIMUR,3521,KABUPATEN NGAWI,2022-01,2022,PADI,0.0,HA
938,2812,35,JAWA TIMUR,3522,KABUPATEN BOJONEGORO,2022-01,2022,JAGUNG,0.0,HA
938,2813,35,JAWA TIMUR,3522,KABUPATEN BOJONEGORO,2022-01,2022,KEDELAI,0.0,HA
938,2814,35,JAWA TIMUR,3522,KABUPATEN BOJONEGORO,2022-01,2022,PADI,0.0,HA
939,2815,35,JAWA TIMUR,3523,KABUPATEN TUBAN,2022-01,2022,JAGUNG,0.0,HA
939,2816,35,JAWA TIMUR,3523,KABUPATEN TUBAN,2022-01,2022,KEDELAI,0.0,HA
939,2817,35,JAWA TIMUR,3523,KABUPATEN TUBAN,2022-01,2022,PADI,0.0,HA
940,2818,35,JAWA TIMUR,3524,KABUPATEN LAMONGAN,2022-01,2022,JAGUNG,0.0,HA
940,2819,35,JAWA TIMUR,3524,KABUPATEN LAMONGAN,2022-01,2022,KEDELAI,0.0,HA
940,2820,35,JAWA TIMUR,3524,KABUPATEN LAMONGAN,2022-01,2022,PADI,0.0,HA
941,2821,35,JAWA TIMUR,3525,KABUPATEN GRESIK,2022-01,2022,JAGUNG,0.0,HA
941,2822,35,JAWA TIMUR,3525,KABUPATEN GRESIK,2022-01,2022,KEDELAI,0.0,HA
941,2823,35,JAWA TIMUR,3525,KABUPATEN GRESIK,2022-01,2022,PADI,0.0,HA
942,2824,35,JAWA TIMUR,3526,KABUPATEN BANGKALAN,2022-01,2022,JAGUNG,0.0,HA
942,2825,35,JAWA TIMUR,3526,KABUPATEN BANGKALAN,2022-01,2022,KEDELAI,0.0,HA
942,2826,35,JAWA TIMUR,3526,KABUPATEN BANGKALAN,2022-01,2022,PADI,0.0,HA
943,2827,35,JAWA TIMUR,3527,KABUPATEN SAMPANG,2022-01,2022,JAGUNG,0.0,HA
943,2828,35,JAWA TIMUR,3527,KABUPATEN SAMPANG,2022-01,2022,KEDELAI,0.0,HA
943,2829,35,JAWA TIMUR,3527,KABUPATEN SAMPANG,2022-01,2022,PADI,0.0,HA
944,2830,35,JAWA TIMUR,3528,KABUPATEN PAMEKASAN,2022-01,2022,JAGUNG,0.0,HA
944,2831,35,JAWA TIMUR,3528,KABUPATEN PAMEKASAN,2022-01,2022,KEDELAI,0.0,HA
944,2832,35,JAWA TIMUR,3528,KABUPATEN PAMEKASAN,2022-01,2022,PADI,0.0,HA
945,2833,35,JAWA TIMUR,3529,KABUPATEN SUMENEP,2022-01,2022,JAGUNG,0.0,HA
945,2834,35,JAWA TIMUR,3529,KABUPATEN SUMENEP,2022-01,2022,KEDELAI,0.0,HA
945,2835,35,JAWA TIMUR,3529,KABUPATEN SUMENEP,2022-01,2022,PADI,0.0,HA
946,2836,35,JAWA TIMUR,3571,KOTA KEDIRI,2022-01,2022,JAGUNG,0.0,HA
946,2837,35,JAWA TIMUR,3571,KOTA KEDIRI,2022-01,2022,KEDELAI,0.0,HA
946,2838,35,JAWA TIMUR,3571,KOTA KEDIRI,2022-01,2022,PADI,0.0,HA
951,2851,35,JAWA TIMUR,3572,KOTA BLITAR,2022-01,2022,JAGUNG,0.0,HA
951,2852,35,JAWA TIMUR,3572,KOTA BLITAR,2022-01,2022,KEDELAI,0.0,HA
951,2853,35,JAWA TIMUR,3572,KOTA BLITAR,2022-01,2022,PADI,0.0,HA
952,2854,35,JAWA TIMUR,3573,KOTA MALANG,2022-01,2022,JAGUNG,0.0,HA
952,2855,35,JAWA TIMUR,3573,KOTA MALANG,2022-01,2022,KEDELAI,0.0,HA
952,2856,35,JAWA TIMUR,3573,KOTA MALANG,2022-01,2022,PADI,0.0,HA
947,2839,35,JAWA TIMUR,3574,KOTA PROBOLINGGO,2022-01,2022,JAGUNG,0.0,HA
947,2840,35,JAWA TIMUR,3574,KOTA PROBOLINGGO,2022-01,2022,KEDELAI,0.0,HA
947,2841,35,JAWA TIMUR,3574,KOTA PROBOLINGGO,2022-01,2022,PADI,0.0,HA
948,2842,35,JAWA TIMUR,3575,KOTA PASURUAN,2022-01,2022,JAGUNG,0.0,HA
948,2843,35,JAWA TIMUR,3575,KOTA PASURUAN,2022-01,2022,KEDELAI,0.0,HA
948,2844,35,JAWA TIMUR,3575,KOTA PASURUAN,2022-01,2022,PADI,0.0,HA
953,2857,35,JAWA TIMUR,3576,KOTA MOJOKERTO,2022-01,2022,JAGUNG,0.0,HA
953,2858,35,JAWA TIMUR,3576,KOTA MOJOKERTO,2022-01,2022,KEDELAI,0.0,HA
953,2859,35,JAWA TIMUR,3576,KOTA MOJOKERTO,2022-01,2022,PADI,0.0,HA
949,2845,35,JAWA TIMUR,3577,KOTA MADIUN,2022-01,2022,JAGUNG,0.0,HA
949,2846,35,JAWA TIMUR,3577,KOTA MADIUN,2022-01,2022,KEDELAI,0.0,HA
949,2847,35,JAWA TIMUR,3577,KOTA MADIUN,2022-01,2022,PADI,0.0,HA
954,2860,35,JAWA TIMUR,3578,KOTA SURABAYA,2022-01,2022,JAGUNG,0.0,HA
954,2861,35,JAWA TIMUR,3578,KOTA SURABAYA,2022-01,2022,KEDELAI,0.0,HA
954,2862,35,JAWA TIMUR,3578,KOTA SURABAYA,2022-01,2022,PADI,0.0,HA
950,2848,35,JAWA TIMUR,3579,KOTA BATU,2022-01,2022,JAGUNG,0.0,HA
950,2849,35,JAWA TIMUR,3579,KOTA BATU,2022-01,2022,KEDELAI,0.0,HA
950,2850,35,JAWA TIMUR,3579,KOTA BATU,2022-01,2022,PADI,0.0,HA
956,2866,35,JAWA TIMUR,3501,KABUPATEN PACITAN,2022-02,2022,JAGUNG,0.0,HA
956,2867,35,JAWA TIMUR,3501,KABUPATEN PACITAN,2022-02,2022,KEDELAI,0.0,HA
956,2868,35,JAWA TIMUR,3501,KABUPATEN PACITAN,2022-02,2022,PADI,0.0,HA
957,2869,35,JAWA TIMUR,3502,KABUPATEN PONOROGO,2022-02,2022,JAGUNG,0.0,HA
957,2870,35,JAWA TIMUR,3502,KABUPATEN PONOROGO,2022-02,2022,KEDELAI,0.0,HA
957,2871,35,JAWA TIMUR,3502,KABUPATEN PONOROGO,2022-02,2022,PADI,0.0,HA
958,2872,35,JAWA TIMUR,3503,KABUPATEN TRENGGALEK,2022-02,2022,JAGUNG,0.0,HA
958,2873,35,JAWA TIMUR,3503,KABUPATEN TRENGGALEK,2022-02,2022,KEDELAI,0.0,HA
958,2874,35,JAWA TIMUR,3503,KABUPATEN TRENGGALEK,2022-02,2022,PADI,0.0,HA
959,2875,35,JAWA TIMUR,3504,KABUPATEN TULUNGAGUNG,2022-02,2022,JAGUNG,0.0,HA
959,2876,35,JAWA TIMUR,3504,KABUPATEN TULUNGAGUNG,2022-02,2022,KEDELAI,0.0,HA
959,2877,35,JAWA TIMUR,3504,KABUPATEN TULUNGAGUNG,2022-02,2022,PADI,0.0,HA
960,2878,35,JAWA TIMUR,3505,KABUPATEN BLITAR,2022-02,2022,JAGUNG,0.0,HA
960,2879,35,JAWA TIMUR,3505,KABUPATEN BLITAR,2022-02,2022,KEDELAI,0.0,HA
960,2880,35,JAWA TIMUR,3505,KABUPATEN BLITAR,2022-02,2022,PADI,0.0,HA
961,2881,35,JAWA TIMUR,3506,KABUPATEN KEDIRI,2022-02,2022,JAGUNG,0.0,HA
961,2882,35,JAWA TIMUR,3506,KABUPATEN KEDIRI,2022-02,2022,KEDELAI,0.0,HA
961,2883,35,JAWA TIMUR,3506,KABUPATEN KEDIRI,2022-02,2022,PADI,0.0,HA
962,2884,35,JAWA TIMUR,3507,KABUPATEN MALANG,2022-02,2022,JAGUNG,0.0,HA
962,2885,35,JAWA TIMUR,3507,KABUPATEN MALANG,2022-02,2022,KEDELAI,0.0,HA
962,2886,35,JAWA TIMUR,3507,KABUPATEN MALANG,2022-02,2022,PADI,0.0,HA
963,2887,35,JAWA TIMUR,3508,KABUPATEN LUMAJANG,2022-02,2022,JAGUNG,0.0,HA
963,2888,35,JAWA TIMUR,3508,KABUPATEN LUMAJANG,2022-02,2022,KEDELAI,0.0,HA
963,2889,35,JAWA TIMUR,3508,KABUPATEN LUMAJANG,2022-02,2022,PADI,0.0,HA
964,2890,35,JAWA TIMUR,3509,KABUPATEN JEMBER,2022-02,2022,JAGUNG,0.0,HA
964,2891,35,JAWA TIMUR,3509,KABUPATEN JEMBER,2022-02,2022,KEDELAI,0.0,HA
964,2892,35,JAWA TIMUR,3509,KABUPATEN JEMBER,2022-02,2022,PADI,0.0,HA
965,2893,35,JAWA TIMUR,3510,KABUPATEN BANYUWANGI,2022-02,2022,JAGUNG,0.0,HA
965,2894,35,JAWA TIMUR,3510,KABUPATEN BANYUWANGI,2022-02,2022,KEDELAI,0.0,HA
965,2895,35,JAWA TIMUR,3510,KABUPATEN BANYUWANGI,2022-02,2022,PADI,0.0,HA
966,2896,35,JAWA TIMUR,3511,KABUPATEN BONDOWOSO,2022-02,2022,JAGUNG,0.0,HA
966,2897,35,JAWA TIMUR,3511,KABUPATEN BONDOWOSO,2022-02,2022,KEDELAI,0.0,HA
966,2898,35,JAWA TIMUR,3511,KABUPATEN BONDOWOSO,2022-02,2022,PADI,0.0,HA
967,2899,35,JAWA TIMUR,3512,KABUPATEN SITUBONDO,2022-02,2022,JAGUNG,0.0,HA
967,2900,35,JAWA TIMUR,3512,KABUPATEN SITUBONDO,2022-02,2022,KEDELAI,0.0,HA
967,2901,35,JAWA TIMUR,3512,KABUPATEN SITUBONDO,2022-02,2022,PADI,0.0,HA
968,2902,35,JAWA TIMUR,3513,KABUPATEN PROBOLINGGO,2022-02,2022,JAGUNG,0.0,HA
968,2903,35,JAWA TIMUR,3513,KABUPATEN PROBOLINGGO,2022-02,2022,KEDELAI,0.0,HA
968,2904,35,JAWA TIMUR,3513,KABUPATEN PROBOLINGGO,2022-02,2022,PADI,0.0,HA
969,2905,35,JAWA TIMUR,3514,KABUPATEN PASURUAN,2022-02,2022,JAGUNG,0.0,HA
969,2906,35,JAWA TIMUR,3514,KABUPATEN PASURUAN,2022-02,2022,KEDELAI,0.0,HA
969,2907,35,JAWA TIMUR,3514,KABUPATEN PASURUAN,2022-02,2022,PADI,0.0,HA
970,2908,35,JAWA TIMUR,3515,KABUPATEN SIDOARJO,2022-02,2022,JAGUNG,0.0,HA
970,2909,35,JAWA TIMUR,3515,KABUPATEN SIDOARJO,2022-02,2022,KEDELAI,0.0,HA
970,2910,35,JAWA TIMUR,3515,KABUPATEN SIDOARJO,2022-02,2022,PADI,0.0,HA
971,2911,35,JAWA TIMUR,3516,KABUPATEN MOJOKERTO,2022-02,2022,JAGUNG,0.0,HA
971,2912,35,JAWA TIMUR,3516,KABUPATEN MOJOKERTO,2022-02,2022,KEDELAI,0.0,HA
971,2913,35,JAWA TIMUR,3516,KABUPATEN MOJOKERTO,2022-02,2022,PADI,0.0,HA
972,2914,35,JAWA TIMUR,3517,KABUPATEN JOMBANG,2022-02,2022,JAGUNG,0.0,HA
972,2915,35,JAWA TIMUR,3517,KABUPATEN JOMBANG,2022-02,2022,KEDELAI,0.0,HA
972,2916,35,JAWA TIMUR,3517,KABUPATEN JOMBANG,2022-02,2022,PADI,0.0,HA
973,2917,35,JAWA TIMUR,3518,KABUPATEN NGANJUK,2022-02,2022,JAGUNG,0.0,HA
973,2918,35,JAWA TIMUR,3518,KABUPATEN NGANJUK,2022-02,2022,KEDELAI,0.0,HA
973,2919,35,JAWA TIMUR,3518,KABUPATEN NGANJUK,2022-02,2022,PADI,0.0,HA
974,2920,35,JAWA TIMUR,3519,KABUPATEN MADIUN,2022-02,2022,JAGUNG,0.0,HA
974,2921,35,JAWA TIMUR,3519,KABUPATEN MADIUN,2022-02,2022,KEDELAI,0.0,HA
974,2922,35,JAWA TIMUR,3519,KABUPATEN MADIUN,2022-02,2022,PADI,0.0,HA
975,2923,35,JAWA TIMUR,3520,KABUPATEN MAGETAN,2022-02,2022,JAGUNG,0.0,HA
975,2924,35,JAWA TIMUR,3520,KABUPATEN MAGETAN,2022-02,2022,KEDELAI,0.0,HA
975,2925,35,JAWA TIMUR,3520,KABUPATEN MAGETAN,2022-02,2022,PADI,0.0,HA
976,2926,35,JAWA TIMUR,3521,KABUPATEN NGAWI,2022-02,2022,JAGUNG,0.0,HA
976,2927,35,JAWA TIMUR,3521,KABUPATEN NGAWI,2022-02,2022,KEDELAI,0.0,HA
976,2928,35,JAWA TIMUR,3521,KABUPATEN NGAWI,2022-02,2022,PADI,0.0,HA
977,2929,35,JAWA TIMUR,3522,KABUPATEN BOJONEGORO,2022-02,2022,JAGUNG,0.0,HA
977,2930,35,JAWA TIMUR,3522,KABUPATEN BOJONEGORO,2022-02,2022,KEDELAI,0.0,HA
977,2931,35,JAWA TIMUR,3522,KABUPATEN BOJONEGORO,2022-02,2022,PADI,0.0,HA
978,2932,35,JAWA TIMUR,3523,KABUPATEN TUBAN,2022-02,2022,JAGUNG,0.0,HA
978,2933,35,JAWA TIMUR,3523,KABUPATEN TUBAN,2022-02,2022,KEDELAI,0.0,HA
978,2934,35,JAWA TIMUR,3523,KABUPATEN TUBAN,2022-02,2022,PADI,0.0,HA
979,2935,35,JAWA TIMUR,3524,KABUPATEN LAMONGAN,2022-02,2022,JAGUNG,0.0,HA
979,2936,35,JAWA TIMUR,3524,KABUPATEN LAMONGAN,2022-02,2022,KEDELAI,0.0,HA
979,2937,35,JAWA TIMUR,3524,KABUPATEN LAMONGAN,2022-02,2022,PADI,0.0,HA
980,2938,35,JAWA TIMUR,3525,KABUPATEN GRESIK,2022-02,2022,JAGUNG,0.0,HA
980,2939,35,JAWA TIMUR,3525,KABUPATEN GRESIK,2022-02,2022,KEDELAI,0.0,HA
980,2940,35,JAWA TIMUR,3525,KABUPATEN GRESIK,2022-02,2022,PADI,0.0,HA
981,2941,35,JAWA TIMUR,3526,KABUPATEN BANGKALAN,2022-02,2022,JAGUNG,0.0,HA
981,2942,35,JAWA TIMUR,3526,KABUPATEN BANGKALAN,2022-02,2022,KEDELAI,0.0,HA
981,2943,35,JAWA TIMUR,3526,KABUPATEN BANGKALAN,2022-02,2022,PADI,0.0,HA
982,2944,35,JAWA TIMUR,3527,KABUPATEN SAMPANG,2022-02,2022,JAGUNG,0.0,HA
982,2945,35,JAWA TIMUR,3527,KABUPATEN SAMPANG,2022-02,2022,KEDELAI,0.0,HA
982,2946,35,JAWA TIMUR,3527,KABUPATEN SAMPANG,2022-02,2022,PADI,0.0,HA
983,2947,35,JAWA TIMUR,3528,KABUPATEN PAMEKASAN,2022-02,2022,JAGUNG,0.0,HA
983,2948,35,JAWA TIMUR,3528,KABUPATEN PAMEKASAN,2022-02,2022,KEDELAI,0.0,HA
983,2949,35,JAWA TIMUR,3528,KABUPATEN PAMEKASAN,2022-02,2022,PADI,0.0,HA
984,2950,35,JAWA TIMUR,3529,KABUPATEN SUMENEP,2022-02,2022,JAGUNG,0.0,HA
984,2951,35,JAWA TIMUR,3529,KABUPATEN SUMENEP,2022-02,2022,KEDELAI,0.0,HA
984,2952,35,JAWA TIMUR,3529,KABUPATEN SUMENEP,2022-02,2022,PADI,0.0,HA
985,2953,35,JAWA TIMUR,3571,KOTA KEDIRI,2022-02,2022,JAGUNG,0.0,HA
985,2954,35,JAWA TIMUR,3571,KOTA KEDIRI,2022-02,2022,KEDELAI,0.0,HA
985,2955,35,JAWA TIMUR,3571,KOTA KEDIRI,2022-02,2022,PADI,0.0,HA
990,2968,35,JAWA TIMUR,3572,KOTA BLITAR,2022-02,2022,JAGUNG,0.0,HA
990,2969,35,JAWA TIMUR,3572,KOTA BLITAR,2022-02,2022,KEDELAI,0.0,HA
990,2970,35,JAWA TIMUR,3572,KOTA BLITAR,2022-02,2022,PADI,0.0,HA
991,2971,35,JAWA TIMUR,3573,KOTA MALANG,2022-02,2022,JAGUNG,0.0,HA
991,2972,35,JAWA TIMUR,3573,KOTA MALANG,2022-02,2022,KEDELAI,0.0,HA
991,2973,35,JAWA TIMUR,3573,KOTA MALANG,2022-02,2022,PADI,0.0,HA
986,2956,35,JAWA TIMUR,3574,KOTA PROBOLINGGO,2022-02,2022,JAGUNG,0.0,HA
986,2957,35,JAWA TIMUR,3574,KOTA PROBOLINGGO,2022-02,2022,KEDELAI,0.0,HA
986,2958,35,JAWA TIMUR,3574,KOTA PROBOLINGGO,2022-02,2022,PADI,0.0,HA
987,2959,35,JAWA TIMUR,3575,KOTA PASURUAN,2022-02,2022,JAGUNG,0.0,HA
987,2960,35,JAWA TIMUR,3575,KOTA PASURUAN,2022-02,2022,KEDELAI,0.0,HA
987,2961,35,JAWA TIMUR,3575,KOTA PASURUAN,2022-02,2022,PADI,0.0,HA
992,2974,35,JAWA TIMUR,3576,KOTA MOJOKERTO,2022-02,2022,JAGUNG,0.0,HA
992,2975,35,JAWA TIMUR,3576,KOTA MOJOKERTO,2022-02,2022,KEDELAI,0.0,HA
992,2976,35,JAWA TIMUR,3576,KOTA MOJOKERTO,2022-02,2022,PADI,0.0,HA
988,2962,35,JAWA TIMUR,3577,KOTA MADIUN,2022-02,2022,JAGUNG,0.0,HA
988,2963,35,JAWA TIMUR,3577,KOTA MADIUN,2022-02,2022,KEDELAI,0.0,HA
988,2964,35,JAWA TIMUR,3577,KOTA MADIUN,2022-02,2022,PADI,0.0,HA
993,2977,35,JAWA TIMUR,3578,KOTA SURABAYA,2022-02,2022,JAGUNG,0.0,HA
993,2978,35,JAWA TIMUR,3578,KOTA SURABAYA,2022-02,2022,KEDELAI,0.0,HA
993,2979,35,JAWA TIMUR,3578,KOTA SURABAYA,2022-02,2022,PADI,0.0,HA
989,2965,35,JAWA TIMUR,3579,KOTA BATU,2022-02,2022,JAGUNG,0.0,HA
989,2966,35,JAWA TIMUR,3579,KOTA BATU,2022-02,2022,KEDELAI,0.0,HA
989,2967,35,JAWA TIMUR,3579,KOTA BATU,2022-02,2022,PADI,0.0,HA
1034,3100,35,JAWA TIMUR,3501,KABUPATEN PACITAN,2022-03,2022,JAGUNG,0.0,HA
1034,3101,35,JAWA TIMUR,3501,KABUPATEN PACITAN,2022-03,2022,KEDELAI,0.0,HA
1034,3102,35,JAWA TIMUR,3501,KABUPATEN PACITAN,2022-03,2022,PADI,0.0,HA
1035,3103,35,JAWA TIMUR,3502,KABUPATEN PONOROGO,2022-03,2022,JAGUNG,0.0,HA
1035,3104,35,JAWA TIMUR,3502,KABUPATEN PONOROGO,2022-03,2022,KEDELAI,0.0,HA
1035,3105,35,JAWA TIMUR,3502,KABUPATEN PONOROGO,2022-03,2022,PADI,0.0,HA
1036,3106,35,JAWA TIMUR,3503,KABUPATEN TRENGGALEK,2022-03,2022,JAGUNG,0.0,HA
1036,3107,35,JAWA TIMUR,3503,KABUPATEN TRENGGALEK,2022-03,2022,KEDELAI,0.0,HA
1036,3108,35,JAWA TIMUR,3503,KABUPATEN TRENGGALEK,2022-03,2022,PADI,0.0,HA
1037,3109,35,JAWA TIMUR,3504,KABUPATEN TULUNGAGUNG,2022-03,2022,JAGUNG,0.0,HA
1037,3110,35,JAWA TIMUR,3504,KABUPATEN TULUNGAGUNG,2022-03,2022,KEDELAI,0.0,HA
1037,3111,35,JAWA TIMUR,3504,KABUPATEN TULUNGAGUNG,2022-03,2022,PADI,0.0,HA
1038,3112,35,JAWA TIMUR,3505,KABUPATEN BLITAR,2022-03,2022,JAGUNG,0.0,HA
1038,3113,35,JAWA TIMUR,3505,KABUPATEN BLITAR,2022-03,2022,KEDELAI,0.0,HA
1038,3114,35,JAWA TIMUR,3505,KABUPATEN BLITAR,2022-03,2022,PADI,0.0,HA
1039,3115,35,JAWA TIMUR,3506,KABUPATEN KEDIRI,2022-03,2022,JAGUNG,0.0,HA
1039,3116,35,JAWA TIMUR,3506,KABUPATEN KEDIRI,2022-03,2022,KEDELAI,0.0,HA
1039,3117,35,JAWA TIMUR,3506,KABUPATEN KEDIRI,2022-03,2022,PADI,0.0,HA
1040,3118,35,JAWA TIMUR,3507,KABUPATEN MALANG,2022-03,2022,JAGUNG,0.0,HA
1040,3119,35,JAWA TIMUR,3507,KABUPATEN MALANG,2022-03,2022,KEDELAI,0.0,HA
1040,3120,35,JAWA TIMUR,3507,KABUPATEN MALANG,2022-03,2022,PADI,0.0,HA
1041,3121,35,JAWA TIMUR,3508,KABUPATEN LUMAJANG,2022-03,2022,JAGUNG,0.0,HA
1041,3122,35,JAWA TIMUR,3508,KABUPATEN LUMAJANG,2022-03,2022,KEDELAI,0.0,HA
1041,3123,35,JAWA TIMUR,3508,KABUPATEN LUMAJANG,2022-03,2022,PADI,0.0,HA
1042,3124,35,JAWA TIMUR,3509,KABUPATEN JEMBER,2022-03,2022,JAGUNG,0.0,HA
1042,3125,35,JAWA TIMUR,3509,KABUPATEN JEMBER,2022-03,2022,KEDELAI,0.0,HA
1042,3126,35,JAWA TIMUR,3509,KABUPATEN JEMBER,2022-03,2022,PADI,0.0,HA
1043,3127,35,JAWA TIMUR,3510,KABUPATEN BANYUWANGI,2022-03,2022,JAGUNG,0.0,HA
1043,3128,35,JAWA TIMUR,3510,KABUPATEN BANYUWANGI,2022-03,2022,KEDELAI,0.0,HA
1043,3129,35,JAWA TIMUR,3510,KABUPATEN BANYUWANGI,2022-03,2022,PADI,0.0,HA
1044,3130,35,JAWA TIMUR,3511,KABUPATEN BONDOWOSO,2022-03,2022,JAGUNG,0.0,HA
1044,3131,35,JAWA TIMUR,3511,KABUPATEN BONDOWOSO,2022-03,2022,KEDELAI,0.0,HA
1044,3132,35,JAWA TIMUR,3511,KABUPATEN BONDOWOSO,2022-03,2022,PADI,0.0,HA
1045,3133,35,JAWA TIMUR,3512,KABUPATEN SITUBONDO,2022-03,2022,JAGUNG,0.0,HA
1045,3134,35,JAWA TIMUR,3512,KABUPATEN SITUBONDO,2022-03,2022,KEDELAI,0.0,HA
1045,3135,35,JAWA TIMUR,3512,KABUPATEN SITUBONDO,2022-03,2022,PADI,0.0,HA
1046,3136,35,JAWA TIMUR,3513,KABUPATEN PROBOLINGGO,2022-03,2022,JAGUNG,0.0,HA
1046,3137,35,JAWA TIMUR,3513,KABUPATEN PROBOLINGGO,2022-03,2022,KEDELAI,0.0,HA
1046,3138,35,JAWA TIMUR,3513,KABUPATEN PROBOLINGGO,2022-03,2022,PADI,0.0,HA
1047,3139,35,JAWA TIMUR,3514,KABUPATEN PASURUAN,2022-03,2022,JAGUNG,0.0,HA
1047,3140,35,JAWA TIMUR,3514,KABUPATEN PASURUAN,2022-03,2022,KEDELAI,0.0,HA
1047,3141,35,JAWA TIMUR,3514,KABUPATEN PASURUAN,2022-03,2022,PADI,0.0,HA
1048,3142,35,JAWA TIMUR,3515,KABUPATEN SIDOARJO,2022-03,2022,JAGUNG,0.0,HA
1048,3143,35,JAWA TIMUR,3515,KABUPATEN SIDOARJO,2022-03,2022,KEDELAI,0.0,HA
1048,3144,35,JAWA TIMUR,3515,KABUPATEN SIDOARJO,2022-03,2022,PADI,0.0,HA
1049,3145,35,JAWA TIMUR,3516,KABUPATEN MOJOKERTO,2022-03,2022,JAGUNG,0.0,HA
1049,3146,35,JAWA TIMUR,3516,KABUPATEN MOJOKERTO,2022-03,2022,KEDELAI,0.0,HA
1049,3147,35,JAWA TIMUR,3516,KABUPATEN MOJOKERTO,2022-03,2022,PADI,0.0,HA
1050,3148,35,JAWA TIMUR,3517,KABUPATEN JOMBANG,2022-03,2022,JAGUNG,0.0,HA
1050,3149,35,JAWA TIMUR,3517,KABUPATEN JOMBANG,2022-03,2022,KEDELAI,0.0,HA
1050,3150,35,JAWA TIMUR,3517,KABUPATEN JOMBANG,2022-03,2022,PADI,0.0,HA
1051,3151,35,JAWA TIMUR,3518,KABUPATEN NGANJUK,2022-03,2022,JAGUNG,0.0,HA
1051,3152,35,JAWA TIMUR,3518,KABUPATEN NGANJUK,2022-03,2022,KEDELAI,0.0,HA
1051,3153,35,JAWA TIMUR,3518,KABUPATEN NGANJUK,2022-03,2022,PADI,0.0,HA
1052,3154,35,JAWA TIMUR,3519,KABUPATEN MADIUN,2022-03,2022,JAGUNG,0.0,HA
1052,3155,35,JAWA TIMUR,3519,KABUPATEN MADIUN,2022-03,2022,KEDELAI,0.0,HA
1052,3156,35,JAWA TIMUR,3519,KABUPATEN MADIUN,2022-03,2022,PADI,0.0,HA
1053,3157,35,JAWA TIMUR,3520,KABUPATEN MAGETAN,2022-03,2022,JAGUNG,0.0,HA
1053,3158,35,JAWA TIMUR,3520,KABUPATEN MAGETAN,2022-03,2022,KEDELAI,0.0,HA
1053,3159,35,JAWA TIMUR,3520,KABUPATEN MAGETAN,2022-03,2022,PADI,0.0,HA
1054,3160,35,JAWA TIMUR,3521,KABUPATEN NGAWI,2022-03,2022,JAGUNG,0.0,HA
1054,3161,35,JAWA TIMUR,3521,KABUPATEN NGAWI,2022-03,2022,KEDELAI,0.0,HA
1054,3162,35,JAWA TIMUR,3521,KABUPATEN NGAWI,2022-03,2022,PADI,0.0,HA
1055,3163,35,JAWA TIMUR,3522,KABUPATEN BOJONEGORO,2022-03,2022,JAGUNG,0.0,HA
1055,3164,35,JAWA TIMUR,3522,KABUPATEN BOJONEGORO,2022-03,2022,KEDELAI,0.0,HA
1055,3165,35,JAWA TIMUR,3522,KABUPATEN BOJONEGORO,2022-03,2022,PADI,0.0,HA
1056,3166,35,JAWA TIMUR,3523,KABUPATEN TUBAN,2022-03,2022,JAGUNG,0.0,HA
1056,3167,35,JAWA TIMUR,3523,KABUPATEN TUBAN,2022-03,2022,KEDELAI,0.0,HA
1056,3168,35,JAWA TIMUR,3523,KABUPATEN TUBAN,2022-03,2022,PADI,0.0,HA
1057,3169,35,JAWA TIMUR,3524,KABUPATEN LAMONGAN,2022-03,2022,JAGUNG,0.0,HA
1057,3170,35,JAWA TIMUR,3524,KABUPATEN LAMONGAN,2022-03,2022,KEDELAI,0.0,HA
1057,3171,35,JAWA TIMUR,3524,KABUPATEN LAMONGAN,2022-03,2022,PADI,0.0,HA
1058,3172,35,JAWA TIMUR,3525,KABUPATEN GRESIK,2022-03,2022,JAGUNG,0.0,HA
1058,3173,35,JAWA TIMUR,3525,KABUPATEN GRESIK,2022-03,2022,KEDELAI,0.0,HA
1058,3174,35,JAWA TIMUR,3525,KABUPATEN GRESIK,2022-03,2022,PADI,0.0,HA
1059,3175,35,JAWA TIMUR,3526,KABUPATEN BANGKALAN,2022-03,2022,JAGUNG,0.0,HA
1059,3176,35,JAWA TIMUR,3526,KABUPATEN BANGKALAN,2022-03,2022,KEDELAI,0.0,HA
1059,3177,35,JAWA TIMUR,3526,KABUPATEN BANGKALAN,2022-03,2022,PADI,0.0,HA
1060,3178,35,JAWA TIMUR,3527,KABUPATEN SAMPANG,2022-03,2022,JAGUNG,0.0,HA
1060,3179,35,JAWA TIMUR,3527,KABUPATEN SAMPANG,2022-03,2022,KEDELAI,0.0,HA
1060,3180,35,JAWA TIMUR,3527,KABUPATEN SAMPANG,2022-03,2022,PADI,0.0,HA
1061,3181,35,JAWA TIMUR,3528,KABUPATEN PAMEKASAN,2022-03,2022,JAGUNG,0.0,HA
1061,3182,35,JAWA TIMUR,3528,KABUPATEN PAMEKASAN,2022-03,2022,KEDELAI,0.0,HA
1061,3183,35,JAWA TIMUR,3528,KABUPATEN PAMEKASAN,2022-03,2022,PADI,0.0,HA
1062,3184,35,JAWA TIMUR,3529,KABUPATEN SUMENEP,2022-03,2022,JAGUNG,0.0,HA
1062,3185,35,JAWA TIMUR,3529,KABUPATEN SUMENEP,2022-03,2022,KEDELAI,0.0,HA
1062,3186,35,JAWA TIMUR,3529,KABUPATEN SUMENEP,2022-03,2022,PADI,0.0,HA
1063,3187,35,JAWA TIMUR,3571,KOTA KEDIRI,2022-03,2022,JAGUNG,0.0,HA
1063,3188,35,JAWA TIMUR,3571,KOTA KEDIRI,2022-03,2022,KEDELAI,0.0,HA
1063,3189,35,JAWA TIMUR,3571,KOTA KEDIRI,2022-03,2022,PADI,0.0,HA
1068,3202,35,JAWA TIMUR,3572,KOTA BLITAR,2022-03,2022,JAGUNG,0.0,HA
1068,3203,35,JAWA TIMUR,3572,KOTA BLITAR,2022-03,2022,KEDELAI,0.0,HA
1068,3204,35,JAWA TIMUR,3572,KOTA BLITAR,2022-03,2022,PADI,0.0,HA
1069,3205,35,JAWA TIMUR,3573,KOTA MALANG,2022-03,2022,JAGUNG,0.0,HA
1069,3206,35,JAWA TIMUR,3573,KOTA MALANG,2022-03,2022,KEDELAI,0.0,HA
1069,3207,35,JAWA TIMUR,3573,KOTA MALANG,2022-03,2022,PADI,0.0,HA
1064,3190,35,JAWA TIMUR,3574,KOTA PROBOLINGGO,2022-03,2022,JAGUNG,0.0,HA
1064,3191,35,JAWA TIMUR,3574,KOTA PROBOLINGGO,2022-03,2022,KEDELAI,0.0,HA
1064,3192,35,JAWA TIMUR,3574,KOTA PROBOLINGGO,2022-03,2022,PADI,0.0,HA
1065,3193,35,JAWA TIMUR,3575,KOTA PASURUAN,2022-03,2022,JAGUNG,0.0,HA
1065,3194,35,JAWA TIMUR,3575,KOTA PASURUAN,2022-03,2022,KEDELAI,0.0,HA
1065,3195,35,JAWA TIMUR,3575,KOTA PASURUAN,2022-03,2022,PADI,0.0,HA
1070,3208,35,JAWA TIMUR,3576,KOTA MOJOKERTO,2022-03,2022,JAGUNG,0.0,HA
1070,3209,35,JAWA TIMUR,3576,KOTA MOJOKERTO,2022-03,2022,KEDELAI,0.0,HA
1070,3210,35,JAWA TIMUR,3576,KOTA MOJOKERTO,2022-03,2022,PADI,0.0,HA
1066,3196,35,JAWA TIMUR,3577,KOTA MADIUN,2022-03,2022,JAGUNG,0.0,HA
1066,3197,35,JAWA TIMUR,3577,KOTA MADIUN,2022-03,2022,KEDELAI,0.0,HA
1066,3198,35,JAWA TIMUR,3577,KOTA MADIUN,2022-03,2022,PADI,0.0,HA
1071,3211,35,JAWA TIMUR,3578,KOTA SURABAYA,2022-03,2022,JAGUNG,0.0,HA
1071,3212,35,JAWA TIMUR,3578,KOTA SURABAYA,2022-03,2022,KEDELAI,0.0,HA
1071,3213,35,JAWA TIMUR,3578,KOTA SURABAYA,2022-03,2022,PADI,0.0,HA
1067,3199,35,JAWA TIMUR,3579,KOTA BATU,2022-03,2022,JAGUNG,0.0,HA
1067,3200,35,JAWA TIMUR,3579,KOTA BATU,2022-03,2022,KEDELAI,0.0,HA
1067,3201,35,JAWA TIMUR,3579,KOTA BATU,2022-03,2022,PADI,0.0,HA
995,2983,35,JAWA TIMUR,3501,KABUPATEN PACITAN,2022-04,2022,JAGUNG,0.0,HA
995,2984,35,JAWA TIMUR,3501,KABUPATEN PACITAN,2022-04,2022,KEDELAI,0.0,HA
995,2985,35,JAWA TIMUR,3501,KABUPATEN PACITAN,2022-04,2022,PADI,0.0,HA
996,2986,35,JAWA TIMUR,3502,KABUPATEN PONOROGO,2022-04,2022,JAGUNG,0.0,HA
996,2987,35,JAWA TIMUR,3502,KABUPATEN PONOROGO,2022-04,2022,KEDELAI,0.0,HA
996,2988,35,JAWA TIMUR,3502,KABUPATEN PONOROGO,2022-04,2022,PADI,0.0,HA
997,2989,35,JAWA TIMUR,3503,KABUPATEN TRENGGALEK,2022-04,2022,JAGUNG,0.0,HA
997,2990,35,JAWA TIMUR,3503,KABUPATEN TRENGGALEK,2022-04,2022,KEDELAI,0.0,HA
997,2991,35,JAWA TIMUR,3503,KABUPATEN TRENGGALEK,2022-04,2022,PADI,17.0,HA
998,2992,35,JAWA TIMUR,3504,KABUPATEN TULUNGAGUNG,2022-04,2022,JAGUNG,0.0,HA
998,2993,35,JAWA TIMUR,3504,KABUPATEN TULUNGAGUNG,2022-04,2022,KEDELAI,0.0,HA
998,2994,35,JAWA TIMUR,3504,KABUPATEN TULUNGAGUNG,2022-04,2022,PADI,0.0,HA
999,2995,35,JAWA TIMUR,3505,KABUPATEN BLITAR,2022-04,2022,JAGUNG,0.0,HA
999,2996,35,JAWA TIMUR,3505,KABUPATEN BLITAR,2022-04,2022,KEDELAI,0.0,HA
999,2997,35,JAWA TIMUR,3505,KABUPATEN BLITAR,2022-04,2022,PADI,0.0,HA
1000,2998,35,JAWA TIMUR,3506,KABUPATEN KEDIRI,2022-04,2022,JAGUNG,0.0,HA
1000,2999,35,JAWA TIMUR,3506,KABUPATEN KEDIRI,2022-04,2022,KEDELAI,0.0,HA
1000,3000,35,JAWA TIMUR,3506,KABUPATEN KEDIRI,2022-04,2022,PADI,0.0,HA
1001,3001,35,JAWA TIMUR,3507,KABUPATEN MALANG,2022-04,2022,JAGUNG,0.0,HA
1001,3002,35,JAWA TIMUR,3507,KABUPATEN MALANG,2022-04,2022,KEDELAI,0.0,HA
1001,3003,35,JAWA TIMUR,3507,KABUPATEN MALANG,2022-04,2022,PADI,0.0,HA
1002,3004,35,JAWA TIMUR,3508,KABUPATEN LUMAJANG,2022-04,2022,JAGUNG,0.0,HA
1002,3005,35,JAWA TIMUR,3508,KABUPATEN LUMAJANG,2022-04,2022,KEDELAI,0.0,HA
1002,3006,35,JAWA TIMUR,3508,KABUPATEN LUMAJANG,2022-04,2022,PADI,0.0,HA
1003,3007,35,JAWA TIMUR,3509,KABUPATEN JEMBER,2022-04,2022,JAGUNG,0.0,HA
1003,3008,35,JAWA TIMUR,3509,KABUPATEN JEMBER,2022-04,2022,KEDELAI,0.0,HA
1003,3009,35,JAWA TIMUR,3509,KABUPATEN JEMBER,2022-04,2022,PADI,0.0,HA
1004,3010,35,JAWA TIMUR,3510,KABUPATEN BANYUWANGI,2022-04,2022,JAGUNG,0.0,HA
1004,3011,35,JAWA TIMUR,3510,KABUPATEN BANYUWANGI,2022-04,2022,KEDELAI,0.0,HA
1004,3012,35,JAWA TIMUR,3510,KABUPATEN BANYUWANGI,2022-04,2022,PADI,0.0,HA
1005,3013,35,JAWA TIMUR,3511,KABUPATEN BONDOWOSO,2022-04,2022,JAGUNG,0.0,HA
1005,3014,35,JAWA TIMUR,3511,KABUPATEN BONDOWOSO,2022-04,2022,KEDELAI,0.0,HA
1005,3015,35,JAWA TIMUR,3511,KABUPATEN BONDOWOSO,2022-04,2022,PADI,0.0,HA
1006,3016,35,JAWA TIMUR,3512,KABUPATEN SITUBONDO,2022-04,2022,JAGUNG,0.0,HA
1006,3017,35,JAWA TIMUR,3512,KABUPATEN SITUBONDO,2022-04,2022,KEDELAI,0.0,HA
1006,3018,35,JAWA TIMUR,3512,KABUPATEN SITUBONDO,2022-04,2022,PADI,0.0,HA
1007,3019,35,JAWA TIMUR,3513,KABUPATEN PROBOLINGGO,2022-04,2022,JAGUNG,0.0,HA
1007,3020,35,JAWA TIMUR,3513,KABUPATEN PROBOLINGGO,2022-04,2022,KEDELAI,0.0,HA
1007,3021,35,JAWA TIMUR,3513,KABUPATEN PROBOLINGGO,2022-04,2022,PADI,0.0,HA
1008,3022,35,JAWA TIMUR,3514,KABUPATEN PASURUAN,2022-04,2022,JAGUNG,0.0,HA
1008,3023,35,JAWA TIMUR,3514,KABUPATEN PASURUAN,2022-04,2022,KEDELAI,0.0,HA
1008,3024,35,JAWA TIMUR,3514,KABUPATEN PASURUAN,2022-04,2022,PADI,0.0,HA
1009,3025,35,JAWA TIMUR,3515,KABUPATEN SIDOARJO,2022-04,2022,JAGUNG,0.0,HA
1009,3026,35,JAWA TIMUR,3515,KABUPATEN SIDOARJO,2022-04,2022,KEDELAI,0.0,HA
1009,3027,35,JAWA TIMUR,3515,KABUPATEN SIDOARJO,2022-04,2022,PADI,0.0,HA
1010,3028,35,JAWA TIMUR,3516,KABUPATEN MOJOKERTO,2022-04,2022,JAGUNG,0.0,HA
1010,3029,35,JAWA TIMUR,3516,KABUPATEN MOJOKERTO,2022-04,2022,KEDELAI,0.0,HA
1010,3030,35,JAWA TIMUR,3516,KABUPATEN MOJOKERTO,2022-04,2022,PADI,0.0,HA
1011,3031,35,JAWA TIMUR,3517,KABUPATEN JOMBANG,2022-04,2022,JAGUNG,0.0,HA
1011,3032,35,JAWA TIMUR,3517,KABUPATEN JOMBANG,2022-04,2022,KEDELAI,0.0,HA
1011,3033,35,JAWA TIMUR,3517,KABUPATEN JOMBANG,2022-04,2022,PADI,0.0,HA
1012,3034,35,JAWA TIMUR,3518,KABUPATEN NGANJUK,2022-04,2022,JAGUNG,0.0,HA
1012,3035,35,JAWA TIMUR,3518,KABUPATEN NGANJUK,2022-04,2022,KEDELAI,0.0,HA
1012,3036,35,JAWA TIMUR,3518,KABUPATEN NGANJUK,2022-04,2022,PADI,0.0,HA
1013,3037,35,JAWA TIMUR,3519,KABUPATEN MADIUN,2022-04,2022,JAGUNG,0.0,HA
1013,3038,35,JAWA TIMUR,3519,KABUPATEN MADIUN,2022-04,2022,KEDELAI,0.0,HA
1013,3039,35,JAWA TIMUR,3519,KABUPATEN MADIUN,2022-04,2022,PADI,0.0,HA
1014,3040,35,JAWA TIMUR,3520,KABUPATEN MAGETAN,2022-04,2022,JAGUNG,0.0,HA
1014,3041,35,JAWA TIMUR,3520,KABUPATEN MAGETAN,2022-04,2022,KEDELAI,0.0,HA
1014,3042,35,JAWA TIMUR,3520,KABUPATEN MAGETAN,2022-04,2022,PADI,0.0,HA
1015,3043,35,JAWA TIMUR,3521,KABUPATEN NGAWI,2022-04,2022,JAGUNG,0.0,HA
1015,3044,35,JAWA TIMUR,3521,KABUPATEN NGAWI,2022-04,2022,KEDELAI,0.0,HA
1015,3045,35,JAWA TIMUR,3521,KABUPATEN NGAWI,2022-04,2022,PADI,0.0,HA
1016,3046,35,JAWA TIMUR,3522,KABUPATEN BOJONEGORO,2022-04,2022,JAGUNG,0.0,HA
1016,3047,35,JAWA TIMUR,3522,KABUPATEN BOJONEGORO,2022-04,2022,KEDELAI,0.0,HA
1016,3048,35,JAWA TIMUR,3522,KABUPATEN BOJONEGORO,2022-04,2022,PADI,0.0,HA
1017,3049,35,JAWA TIMUR,3523,KABUPATEN TUBAN,2022-04,2022,JAGUNG,0.0,HA
1017,3050,35,JAWA TIMUR,3523,KABUPATEN TUBAN,2022-04,2022,KEDELAI,0.0,HA
1017,3051,35,JAWA TIMUR,3523,KABUPATEN TUBAN,2022-04,2022,PADI,0.0,HA
1018,3052,35,JAWA TIMUR,3524,KABUPATEN LAMONGAN,2022-04,2022,JAGUNG,0.0,HA
1018,3053,35,JAWA TIMUR,3524,KABUPATEN LAMONGAN,2022-04,2022,KEDELAI,0.0,HA
1018,3054,35,JAWA TIMUR,3524,KABUPATEN LAMONGAN,2022-04,2022,PADI,0.0,HA
1019,3055,35,JAWA TIMUR,3525,KABUPATEN GRESIK,2022-04,2022,JAGUNG,0.0,HA
1019,3056,35,JAWA TIMUR,3525,KABUPATEN GRESIK,2022-04,2022,KEDELAI,0.0,HA
1019,3057,35,JAWA TIMUR,3525,KABUPATEN GRESIK,2022-04,2022,PADI,0.0,HA
1020,3058,35,JAWA TIMUR,3526,KABUPATEN BANGKALAN,2022-04,2022,JAGUNG,0.0,HA
1020,3059,35,JAWA TIMUR,3526,KABUPATEN BANGKALAN,2022-04,2022,KEDELAI,0.0,HA
1020,3060,35,JAWA TIMUR,3526,KABUPATEN BANGKALAN,2022-04,2022,PADI,0.0,HA
1021,3061,35,JAWA TIMUR,3527,KABUPATEN SAMPANG,2022-04,2022,JAGUNG,0.0,HA
1021,3062,35,JAWA TIMUR,3527,KABUPATEN SAMPANG,2022-04,2022,KEDELAI,0.0,HA
1021,3063,35,JAWA TIMUR,3527,KABUPATEN SAMPANG,2022-04,2022,PADI,0.0,HA
1022,3064,35,JAWA TIMUR,3528,KABUPATEN PAMEKASAN,2022-04,2022,JAGUNG,0.0,HA
1022,3065,35,JAWA TIMUR,3528,KABUPATEN PAMEKASAN,2022-04,2022,KEDELAI,0.0,HA
1022,3066,35,JAWA TIMUR,3528,KABUPATEN PAMEKASAN,2022-04,2022,PADI,0.0,HA
1023,3067,35,JAWA TIMUR,3529,KABUPATEN SUMENEP,2022-04,2022,JAGUNG,0.0,HA
1023,3068,35,JAWA TIMUR,3529,KABUPATEN SUMENEP,2022-04,2022,KEDELAI,0.0,HA
1023,3069,35,JAWA TIMUR,3529,KABUPATEN SUMENEP,2022-04,2022,PADI,0.0,HA
1024,3070,35,JAWA TIMUR,3571,KOTA KEDIRI,2022-04,2022,JAGUNG,0.0,HA
1024,3071,35,JAWA TIMUR,3571,KOTA KEDIRI,2022-04,2022,KEDELAI,0.0,HA
1024,3072,35,JAWA TIMUR,3571,KOTA KEDIRI,2022-04,2022,PADI,0.0,HA
1029,3085,35,JAWA TIMUR,3572,KOTA BLITAR,2022-04,2022,JAGUNG,0.0,HA
1029,3086,35,JAWA TIMUR,3572,KOTA BLITAR,2022-04,2022,KEDELAI,0.0,HA
1029,3087,35,JAWA TIMUR,3572,KOTA BLITAR,2022-04,2022,PADI,0.0,HA
1030,3088,35,JAWA TIMUR,3573,KOTA MALANG,2022-04,2022,JAGUNG,0.0,HA
1030,3089,35,JAWA TIMUR,3573,KOTA MALANG,2022-04,2022,KEDELAI,0.0,HA
1030,3090,35,JAWA TIMUR,3573,KOTA MALANG,2022-04,2022,PADI,0.0,HA
1025,3073,35,JAWA TIMUR,3574,KOTA PROBOLINGGO,2022-04,2022,JAGUNG,0.0,HA
1025,3074,35,JAWA TIMUR,3574,KOTA PROBOLINGGO,2022-04,2022,KEDELAI,0.0,HA
1025,3075,35,JAWA TIMUR,3574,KOTA PROBOLINGGO,2022-04,2022,PADI,0.0,HA
1026,3076,35,JAWA TIMUR,3575,KOTA PASURUAN,2022-04,2022,JAGUNG,0.0,HA
1026,3077,35,JAWA TIMUR,3575,KOTA PASURUAN,2022-04,2022,KEDELAI,0.0,HA
1026,3078,35,JAWA TIMUR,3575,KOTA PASURUAN,2022-04,2022,PADI,0.0,HA
1031,3091,35,JAWA TIMUR,3576,KOTA MOJOKERTO,2022-04,2022,JAGUNG,0.0,HA
1031,3092,35,JAWA TIMUR,3576,KOTA MOJOKERTO,2022-04,2022,KEDELAI,0.0,HA
1031,3093,35,JAWA TIMUR,3576,KOTA MOJOKERTO,2022-04,2022,PADI,0.0,HA
1027,3079,35,JAWA TIMUR,3577,KOTA MADIUN,2022-04,2022,JAGUNG,0.0,HA
1027,3080,35,JAWA TIMUR,3577,KOTA MADIUN,2022-04,2022,KEDELAI,0.0,HA
1027,3081,35,JAWA TIMUR,3577,KOTA MADIUN,2022-04,2022,PADI,0.0,HA
1032,3094,35,JAWA TIMUR,3578,KOTA SURABAYA,2022-04,2022,JAGUNG,0.0,HA
1032,3095,35,JAWA TIMUR,3578,KOTA SURABAYA,2022-04,2022,KEDELAI,0.0,HA
1032,3096,35,JAWA TIMUR,3578,KOTA SURABAYA,2022-04,2022,PADI,0.0,HA
1028,3082,35,JAWA TIMUR,3579,KOTA BATU,2022-04,2022,JAGUNG,0.0,HA
1028,3083,35,JAWA TIMUR,3579,KOTA BATU,2022-04,2022,KEDELAI,0.0,HA
1028,3084,35,JAWA TIMUR,3579,KOTA BATU,2022-04,2022,PADI,0.0,HA
1073,3217,35,JAWA TIMUR,3501,KABUPATEN PACITAN,2022-05,2022,JAGUNG,0.0,HA
1073,3218,35,JAWA TIMUR,3501,KABUPATEN PACITAN,2022-05,2022,KEDELAI,0.0,HA
1073,3219,35,JAWA TIMUR,3501,KABUPATEN PACITAN,2022-05,2022,PADI,0.0,HA
1074,3220,35,JAWA TIMUR,3502,KABUPATEN PONOROGO,2022-05,2022,JAGUNG,0.0,HA
1074,3221,35,JAWA TIMUR,3502,KABUPATEN PONOROGO,2022-05,2022,KEDELAI,0.0,HA
1074,3222,35,JAWA TIMUR,3502,KABUPATEN PONOROGO,2022-05,2022,PADI,0.0,HA
1075,3223,35,JAWA TIMUR,3503,KABUPATEN TRENGGALEK,2022-05,2022,JAGUNG,0.0,HA
1075,3224,35,JAWA TIMUR,3503,KABUPATEN TRENGGALEK,2022-05,2022,KEDELAI,0.0,HA
1075,3225,35,JAWA TIMUR,3503,KABUPATEN TRENGGALEK,2022-05,2022,PADI,0.0,HA
1076,3226,35,JAWA TIMUR,3504,KABUPATEN TULUNGAGUNG,2022-05,2022,JAGUNG,0.0,HA
1076,3227,35,JAWA TIMUR,3504,KABUPATEN TULUNGAGUNG,2022-05,2022,KEDELAI,0.0,HA
1076,3228,35,JAWA TIMUR,3504,KABUPATEN TULUNGAGUNG,2022-05,2022,PADI,0.0,HA
1077,3229,35,JAWA TIMUR,3505,KABUPATEN BLITAR,2022-05,2022,JAGUNG,0.0,HA
1077,3230,35,JAWA TIMUR,3505,KABUPATEN BLITAR,2022-05,2022,KEDELAI,0.0,HA
1077,3231,35,JAWA TIMUR,3505,KABUPATEN BLITAR,2022-05,2022,PADI,0.0,HA
1078,3232,35,JAWA TIMUR,3506,KABUPATEN KEDIRI,2022-05,2022,JAGUNG,0.0,HA
1078,3233,35,JAWA TIMUR,3506,KABUPATEN KEDIRI,2022-05,2022,KEDELAI,0.0,HA
1078,3234,35,JAWA TIMUR,3506,KABUPATEN KEDIRI,2022-05,2022,PADI,0.0,HA
1079,3235,35,JAWA TIMUR,3507,KABUPATEN MALANG,2022-05,2022,JAGUNG,0.0,HA
1079,3236,35,JAWA TIMUR,3507,KABUPATEN MALANG,2022-05,2022,KEDELAI,0.0,HA
1079,3237,35,JAWA TIMUR,3507,KABUPATEN MALANG,2022-05,2022,PADI,0.0,HA
1080,3238,35,JAWA TIMUR,3508,KABUPATEN LUMAJANG,2022-05,2022,JAGUNG,0.0,HA
1080,3239,35,JAWA TIMUR,3508,KABUPATEN LUMAJANG,2022-05,2022,KEDELAI,0.0,HA
1080,3240,35,JAWA TIMUR,3508,KABUPATEN LUMAJANG,2022-05,2022,PADI,0.0,HA
1081,3241,35,JAWA TIMUR,3509,KABUPATEN JEMBER,2022-05,2022,JAGUNG,0.0,HA
1081,3242,35,JAWA TIMUR,3509,KABUPATEN JEMBER,2022-05,2022,KEDELAI,0.0,HA
1081,3243,35,JAWA TIMUR,3509,KABUPATEN JEMBER,2022-05,2022,PADI,0.0,HA
1082,3244,35,JAWA TIMUR,3510,KABUPATEN BANYUWANGI,2022-05,2022,JAGUNG,0.0,HA
1082,3245,35,JAWA TIMUR,3510,KABUPATEN BANYUWANGI,2022-05,2022,KEDELAI,0.0,HA
1082,3246,35,JAWA TIMUR,3510,KABUPATEN BANYUWANGI,2022-05,2022,PADI,0.0,HA
1083,3247,35,JAWA TIMUR,3511,KABUPATEN BONDOWOSO,2022-05,2022,JAGUNG,0.0,HA
1083,3248,35,JAWA TIMUR,3511,KABUPATEN BONDOWOSO,2022-05,2022,KEDELAI,0.0,HA
1083,3249,35,JAWA TIMUR,3511,KABUPATEN BONDOWOSO,2022-05,2022,PADI,0.0,HA
1084,3250,35,JAWA TIMUR,3512,KABUPATEN SITUBONDO,2022-05,2022,JAGUNG,0.0,HA
1084,3251,35,JAWA TIMUR,3512,KABUPATEN SITUBONDO,2022-05,2022,KEDELAI,0.0,HA
1084,3252,35,JAWA TIMUR,3512,KABUPATEN SITUBONDO,2022-05,2022,PADI,0.0,HA
1085,3253,35,JAWA TIMUR,3513,KABUPATEN PROBOLINGGO,2022-05,2022,JAGUNG,0.0,HA
1085,3254,35,JAWA TIMUR,3513,KABUPATEN PROBOLINGGO,2022-05,2022,KEDELAI,0.0,HA
1085,3255,35,JAWA TIMUR,3513,KABUPATEN PROBOLINGGO,2022-05,2022,PADI,0.0,HA
1086,3256,35,JAWA TIMUR,3514,KABUPATEN PASURUAN,2022-05,2022,JAGUNG,0.0,HA
1086,3257,35,JAWA TIMUR,3514,KABUPATEN PASURUAN,2022-05,2022,KEDELAI,0.0,HA
1086,3258,35,JAWA TIMUR,3514,KABUPATEN PASURUAN,2022-05,2022,PADI,0.0,HA
1087,3259,35,JAWA TIMUR,3515,KABUPATEN SIDOARJO,2022-05,2022,JAGUNG,0.0,HA
1087,3260,35,JAWA TIMUR,3515,KABUPATEN SIDOARJO,2022-05,2022,KEDELAI,0.0,HA
1087,3261,35,JAWA TIMUR,3515,KABUPATEN SIDOARJO,2022-05,2022,PADI,0.0,HA
1088,3262,35,JAWA TIMUR,3516,KABUPATEN MOJOKERTO,2022-05,2022,JAGUNG,0.0,HA
1088,3263,35,JAWA TIMUR,3516,KABUPATEN MOJOKERTO,2022-05,2022,KEDELAI,0.0,HA
1088,3264,35,JAWA TIMUR,3516,KABUPATEN MOJOKERTO,2022-05,2022,PADI,0.0,HA
1089,3265,35,JAWA TIMUR,3517,KABUPATEN JOMBANG,2022-05,2022,JAGUNG,0.0,HA
1089,3266,35,JAWA TIMUR,3517,KABUPATEN JOMBANG,2022-05,2022,KEDELAI,0.0,HA
1089,3267,35,JAWA TIMUR,3517,KABUPATEN JOMBANG,2022-05,2022,PADI,0.0,HA
1090,3268,35,JAWA TIMUR,3518,KABUPATEN NGANJUK,2022-05,2022,JAGUNG,0.0,HA
1090,3269,35,JAWA TIMUR,3518,KABUPATEN NGANJUK,2022-05,2022,KEDELAI,0.0,HA
1090,3270,35,JAWA TIMUR,3518,KABUPATEN NGANJUK,2022-05,2022,PADI,0.0,HA
1091,3271,35,JAWA TIMUR,3519,KABUPATEN MADIUN,2022-05,2022,JAGUNG,0.0,HA
1091,3272,35,JAWA TIMUR,3519,KABUPATEN MADIUN,2022-05,2022,KEDELAI,0.0,HA
1091,3273,35,JAWA TIMUR,3519,KABUPATEN MADIUN,2022-05,2022,PADI,0.0,HA
1092,3274,35,JAWA TIMUR,3520,KABUPATEN MAGETAN,2022-05,2022,JAGUNG,0.0,HA
1092,3275,35,JAWA TIMUR,3520,KABUPATEN MAGETAN,2022-05,2022,KEDELAI,0.0,HA
1092,3276,35,JAWA TIMUR,3520,KABUPATEN MAGETAN,2022-05,2022,PADI,0.0,HA
1093,3277,35,JAWA TIMUR,3521,KABUPATEN NGAWI,2022-05,2022,JAGUNG,0.0,HA
1093,3278,35,JAWA TIMUR,3521,KABUPATEN NGAWI,2022-05,2022,KEDELAI,0.0,HA
1093,3279,35,JAWA TIMUR,3521,KABUPATEN NGAWI,2022-05,2022,PADI,0.0,HA
1094,3280,35,JAWA TIMUR,3522,KABUPATEN BOJONEGORO,2022-05,2022,JAGUNG,0.0,HA
1094,3281,35,JAWA TIMUR,3522,KABUPATEN BOJONEGORO,2022-05,2022,KEDELAI,0.0,HA
1094,3282,35,JAWA TIMUR,3522,KABUPATEN BOJONEGORO,2022-05,2022,PADI,0.0,HA
1095,3283,35,JAWA TIMUR,3523,KABUPATEN TUBAN,2022-05,2022,JAGUNG,0.0,HA
1095,3284,35,JAWA TIMUR,3523,KABUPATEN TUBAN,2022-05,2022,KEDELAI,0.0,HA
1095,3285,35,JAWA TIMUR,3523,KABUPATEN TUBAN,2022-05,2022,PADI,0.0,HA
1096,3286,35,JAWA TIMUR,3524,KABUPATEN LAMONGAN,2022-05,2022,JAGUNG,0.0,HA
1096,3287,35,JAWA TIMUR,3524,KABUPATEN LAMONGAN,2022-05,2022,KEDELAI,0.0,HA
1096,3288,35,JAWA TIMUR,3524,KABUPATEN LAMONGAN,2022-05,2022,PADI,0.0,HA
1097,3289,35,JAWA TIMUR,3525,KABUPATEN GRESIK,2022-05,2022,JAGUNG,0.0,HA
1097,3290,35,JAWA TIMUR,3525,KABUPATEN GRESIK,2022-05,2022,KEDELAI,0.0,HA
1097,3291,35,JAWA TIMUR,3525,KABUPATEN GRESIK,2022-05,2022,PADI,0.0,HA
1098,3292,35,JAWA TIMUR,3526,KABUPATEN BANGKALAN,2022-05,2022,JAGUNG,0.0,HA
1098,3293,35,JAWA TIMUR,3526,KABUPATEN BANGKALAN,2022-05,2022,KEDELAI,0.0,HA
1098,3294,35,JAWA TIMUR,3526,KABUPATEN BANGKALAN,2022-05,2022,PADI,0.0,HA
1099,3295,35,JAWA TIMUR,3527,KABUPATEN SAMPANG,2022-05,2022,JAGUNG,0.0,HA
1099,3296,35,JAWA TIMUR,3527,KABUPATEN SAMPANG,2022-05,2022,KEDELAI,0.0,HA
1099,3297,35,JAWA TIMUR,3527,KABUPATEN SAMPANG,2022-05,2022,PADI,0.0,HA
1100,3298,35,JAWA TIMUR,3528,KABUPATEN PAMEKASAN,2022-05,2022,JAGUNG,0.0,HA
1100,3299,35,JAWA TIMUR,3528,KABUPATEN PAMEKASAN,2022-05,2022,KEDELAI,0.0,HA
1100,3300,35,JAWA TIMUR,3528,KABUPATEN PAMEKASAN,2022-05,2022,PADI,0.0,HA
1101,3301,35,JAWA TIMUR,3529,KABUPATEN SUMENEP,2022-05,2022,JAGUNG,0.0,HA
1101,3302,35,JAWA TIMUR,3529,KABUPATEN SUMENEP,2022-05,2022,KEDELAI,0.0,HA
1101,3303,35,JAWA TIMUR,3529,KABUPATEN SUMENEP,2022-05,2022,PADI,0.0,HA
1102,3304,35,JAWA TIMUR,3571,KOTA KEDIRI,2022-05,2022,JAGUNG,0.0,HA
1102,3305,35,JAWA TIMUR,3571,KOTA KEDIRI,2022-05,2022,KEDELAI,0.0,HA
1102,3306,35,JAWA TIMUR,3571,KOTA KEDIRI,2022-05,2022,PADI,0.0,HA
1107,3319,35,JAWA TIMUR,3572,KOTA BLITAR,2022-05,2022,JAGUNG,0.0,HA
1107,3320,35,JAWA TIMUR,3572,KOTA BLITAR,2022-05,2022,KEDELAI,0.0,HA
1107,3321,35,JAWA TIMUR,3572,KOTA BLITAR,2022-05,2022,PADI,0.0,HA
1108,3322,35,JAWA TIMUR,3573,KOTA MALANG,2022-05,2022,JAGUNG,0.0,HA
1108,3323,35,JAWA TIMUR,3573,KOTA MALANG,2022-05,2022,KEDELAI,0.0,HA
1108,3324,35,JAWA TIMUR,3573,KOTA MALANG,2022-05,2022,PADI,0.0,HA
1103,3307,35,JAWA TIMUR,3574,KOTA PROBOLINGGO,2022-05,2022,JAGUNG,0.0,HA
1103,3308,35,JAWA TIMUR,3574,KOTA PROBOLINGGO,2022-05,2022,KEDELAI,0.0,HA
1103,3309,35,JAWA TIMUR,3574,KOTA PROBOLINGGO,2022-05,2022,PADI,0.0,HA
1104,3310,35,JAWA TIMUR,3575,KOTA PASURUAN,2022-05,2022,JAGUNG,0.0,HA
1104,3311,35,JAWA TIMUR,3575,KOTA PASURUAN,2022-05,2022,KEDELAI,0.0,HA
1104,3312,35,JAWA TIMUR,3575,KOTA PASURUAN,2022-05,2022,PADI,0.0,HA
1109,3325,35,JAWA TIMUR,3576,KOTA MOJOKERTO,2022-05,2022,JAGUNG,0.0,HA
1109,3326,35,JAWA TIMUR,3576,KOTA MOJOKERTO,2022-05,2022,KEDELAI,0.0,HA
1109,3327,35,JAWA TIMUR,3576,KOTA MOJOKERTO,2022-05,2022,PADI,0.0,HA
1105,3313,35,JAWA TIMUR,3577,KOTA MADIUN,2022-05,2022,JAGUNG,0.0,HA
1105,3314,35,JAWA TIMUR,3577,KOTA MADIUN,2022-05,2022,KEDELAI,0.0,HA
1105,3315,35,JAWA TIMUR,3577,KOTA MADIUN,2022-05,2022,PADI,0.0,HA
1110,3328,35,JAWA TIMUR,3578,KOTA SURABAYA,2022-05,2022,JAGUNG,0.0,HA
1110,3329,35,JAWA TIMUR,3578,KOTA SURABAYA,2022-05,2022,KEDELAI,0.0,HA
1110,3330,35,JAWA TIMUR,3578,KOTA SURABAYA,2022-05,2022,PADI,0.0,HA
1106,3316,35,JAWA TIMUR,3579,KOTA BATU,2022-05,2022,JAGUNG,0.0,HA
1106,3317,35,JAWA TIMUR,3579,KOTA BATU,2022-05,2022,KEDELAI,0.0,HA
1106,3318,35,JAWA TIMUR,3579,KOTA BATU,2022-05,2022,PADI,0.0,HA
1112,3334,35,JAWA TIMUR,3501,KABUPATEN PACITAN,2022-06,2022,JAGUNG,0.0,HA
1112,3335,35,JAWA TIMUR,3501,KABUPATEN PACITAN,2022-06,2022,KEDELAI,0.0,HA
1112,3336,35,JAWA TIMUR,3501,KABUPATEN PACITAN,2022-06,2022,PADI,0.0,HA
1113,3337,35,JAWA TIMUR,3502,KABUPATEN PONOROGO,2022-06,2022,JAGUNG,0.0,HA
1113,3338,35,JAWA TIMUR,3502,KABUPATEN PONOROGO,2022-06,2022,KEDELAI,0.0,HA
1113,3339,35,JAWA TIMUR,3502,KABUPATEN PONOROGO,2022-06,2022,PADI,0.0,HA
1114,3340,35,JAWA TIMUR,3503,KABUPATEN TRENGGALEK,2022-06,2022,JAGUNG,0.0,HA
1114,3341,35,JAWA TIMUR,3503,KABUPATEN TRENGGALEK,2022-06,2022,KEDELAI,0.0,HA
1114,3342,35,JAWA TIMUR,3503,KABUPATEN TRENGGALEK,2022-06,2022,PADI,0.0,HA
1115,3343,35,JAWA TIMUR,3504,KABUPATEN TULUNGAGUNG,2022-06,2022,JAGUNG,0.0,HA
1115,3344,35,JAWA TIMUR,3504,KABUPATEN TULUNGAGUNG,2022-06,2022,KEDELAI,0.0,HA
1115,3345,35,JAWA TIMUR,3504,KABUPATEN TULUNGAGUNG,2022-06,2022,PADI,0.0,HA
1116,3346,35,JAWA TIMUR,3505,KABUPATEN BLITAR,2022-06,2022,JAGUNG,0.0,HA
1116,3347,35,JAWA TIMUR,3505,KABUPATEN BLITAR,2022-06,2022,KEDELAI,0.0,HA
1116,3348,35,JAWA TIMUR,3505,KABUPATEN BLITAR,2022-06,2022,PADI,0.0,HA
1117,3349,35,JAWA TIMUR,3506,KABUPATEN KEDIRI,2022-06,2022,JAGUNG,0.0,HA
1117,3350,35,JAWA TIMUR,3506,KABUPATEN KEDIRI,2022-06,2022,KEDELAI,0.0,HA
1117,3351,35,JAWA TIMUR,3506,KABUPATEN KEDIRI,2022-06,2022,PADI,0.0,HA
1118,3352,35,JAWA TIMUR,3507,KABUPATEN MALANG,2022-06,2022,JAGUNG,0.0,HA
1118,3353,35,JAWA TIMUR,3507,KABUPATEN MALANG,2022-06,2022,KEDELAI,0.0,HA
1118,3354,35,JAWA TIMUR,3507,KABUPATEN MALANG,2022-06,2022,PADI,0.0,HA
1119,3355,35,JAWA TIMUR,3508,KABUPATEN LUMAJANG,2022-06,2022,JAGUNG,0.0,HA
1119,3356,35,JAWA TIMUR,3508,KABUPATEN LUMAJANG,2022-06,2022,KEDELAI,0.0,HA
1119,3357,35,JAWA TIMUR,3508,KABUPATEN LUMAJANG,2022-06,2022,PADI,0.0,HA
1120,3358,35,JAWA TIMUR,3509,KABUPATEN JEMBER,2022-06,2022,JAGUNG,0.0,HA
1120,3359,35,JAWA TIMUR,3509,KABUPATEN JEMBER,2022-06,2022,KEDELAI,0.0,HA
1120,3360,35,JAWA TIMUR,3509,KABUPATEN JEMBER,2022-06,2022,PADI,0.0,HA
1121,3361,35,JAWA TIMUR,3510,KABUPATEN BANYUWANGI,2022-06,2022,JAGUNG,0.0,HA
1121,3362,35,JAWA TIMUR,3510,KABUPATEN BANYUWANGI,2022-06,2022,KEDELAI,0.0,HA
1121,3363,35,JAWA TIMUR,3510,KABUPATEN BANYUWANGI,2022-06,2022,PADI,0.0,HA
1122,3364,35,JAWA TIMUR,3511,KABUPATEN BONDOWOSO,2022-06,2022,JAGUNG,0.0,HA
1122,3365,35,JAWA TIMUR,3511,KABUPATEN BONDOWOSO,2022-06,2022,KEDELAI,0.0,HA
1122,3366,35,JAWA TIMUR,3511,KABUPATEN BONDOWOSO,2022-06,2022,PADI,0.0,HA
1123,3367,35,JAWA TIMUR,3512,KABUPATEN SITUBONDO,2022-06,2022,JAGUNG,0.0,HA
1123,3368,35,JAWA TIMUR,3512,KABUPATEN SITUBONDO,2022-06,2022,KEDELAI,0.0,HA
1123,3369,35,JAWA TIMUR,3512,KABUPATEN SITUBONDO,2022-06,2022,PADI,0.0,HA
1124,3370,35,JAWA TIMUR,3513,KABUPATEN PROBOLINGGO,2022-06,2022,JAGUNG,0.0,HA
1124,3371,35,JAWA TIMUR,3513,KABUPATEN PROBOLINGGO,2022-06,2022,KEDELAI,0.0,HA
1124,3372,35,JAWA TIMUR,3513,KABUPATEN PROBOLINGGO,2022-06,2022,PADI,0.0,HA
1125,3373,35,JAWA TIMUR,3514,KABUPATEN PASURUAN,2022-06,2022,JAGUNG,0.0,HA
1125,3374,35,JAWA TIMUR,3514,KABUPATEN PASURUAN,2022-06,2022,KEDELAI,0.0,HA
1125,3375,35,JAWA TIMUR,3514,KABUPATEN PASURUAN,2022-06,2022,PADI,0.0,HA
1126,3376,35,JAWA TIMUR,3515,KABUPATEN SIDOARJO,2022-06,2022,JAGUNG,0.0,HA
1126,3377,35,JAWA TIMUR,3515,KABUPATEN SIDOARJO,2022-06,2022,KEDELAI,0.0,HA
1126,3378,35,JAWA TIMUR,3515,KABUPATEN SIDOARJO,2022-06,2022,PADI,0.0,HA
1127,3379,35,JAWA TIMUR,3516,KABUPATEN MOJOKERTO,2022-06,2022,JAGUNG,0.0,HA
1127,3380,35,JAWA TIMUR,3516,KABUPATEN MOJOKERTO,2022-06,2022,KEDELAI,0.0,HA
1127,3381,35,JAWA TIMUR,3516,KABUPATEN MOJOKERTO,2022-06,2022,PADI,0.0,HA
1128,3382,35,JAWA TIMUR,3517,KABUPATEN JOMBANG,2022-06,2022,JAGUNG,0.0,HA
1128,3383,35,JAWA TIMUR,3517,KABUPATEN JOMBANG,2022-06,2022,KEDELAI,0.0,HA
1128,3384,35,JAWA TIMUR,3517,KABUPATEN JOMBANG,2022-06,2022,PADI,0.0,HA
1129,3385,35,JAWA TIMUR,3518,KABUPATEN NGANJUK,2022-06,2022,JAGUNG,0.0,HA
1129,3386,35,JAWA TIMUR,3518,KABUPATEN NGANJUK,2022-06,2022,KEDELAI,0.0,HA
1129,3387,35,JAWA TIMUR,3518,KABUPATEN NGANJUK,2022-06,2022,PADI,0.0,HA
1130,3388,35,JAWA TIMUR,3519,KABUPATEN MADIUN,2022-06,2022,JAGUNG,0.0,HA
1130,3389,35,JAWA TIMUR,3519,KABUPATEN MADIUN,2022-06,2022,KEDELAI,0.0,HA
1130,3390,35,JAWA TIMUR,3519,KABUPATEN MADIUN,2022-06,2022,PADI,0.0,HA
1131,3391,35,JAWA TIMUR,3520,KABUPATEN MAGETAN,2022-06,2022,JAGUNG,0.0,HA
1131,3392,35,JAWA TIMUR,3520,KABUPATEN MAGETAN,2022-06,2022,KEDELAI,0.0,HA
1131,3393,35,JAWA TIMUR,3520,KABUPATEN MAGETAN,2022-06,2022,PADI,0.0,HA
1132,3394,35,JAWA TIMUR,3521,KABUPATEN NGAWI,2022-06,2022,JAGUNG,0.0,HA
1132,3395,35,JAWA TIMUR,3521,KABUPATEN NGAWI,2022-06,2022,KEDELAI,0.0,HA
1132,3396,35,JAWA TIMUR,3521,KABUPATEN NGAWI,2022-06,2022,PADI,0.0,HA
1133,3397,35,JAWA TIMUR,3522,KABUPATEN BOJONEGORO,2022-06,2022,JAGUNG,0.0,HA
1133,3398,35,JAWA TIMUR,3522,KABUPATEN BOJONEGORO,2022-06,2022,KEDELAI,0.0,HA
1133,3399,35,JAWA TIMUR,3522,KABUPATEN BOJONEGORO,2022-06,2022,PADI,0.0,HA
1134,3400,35,JAWA TIMUR,3523,KABUPATEN TUBAN,2022-06,2022,JAGUNG,0.0,HA
1134,3401,35,JAWA TIMUR,3523,KABUPATEN TUBAN,2022-06,2022,KEDELAI,0.0,HA
1134,3402,35,JAWA TIMUR,3523,KABUPATEN TUBAN,2022-06,2022,PADI,0.0,HA
1135,3403,35,JAWA TIMUR,3524,KABUPATEN LAMONGAN,2022-06,2022,JAGUNG,0.0,HA
1135,3404,35,JAWA TIMUR,3524,KABUPATEN LAMONGAN,2022-06,2022,KEDELAI,0.0,HA
1135,3405,35,JAWA TIMUR,3524,KABUPATEN LAMONGAN,2022-06,2022,PADI,0.0,HA
1136,3406,35,JAWA TIMUR,3525,KABUPATEN GRESIK,2022-06,2022,JAGUNG,0.0,HA
1136,3407,35,JAWA TIMUR,3525,KABUPATEN GRESIK,2022-06,2022,KEDELAI,0.0,HA
1136,3408,35,JAWA TIMUR,3525,KABUPATEN GRESIK,2022-06,2022,PADI,0.0,HA
1137,3409,35,JAWA TIMUR,3526,KABUPATEN BANGKALAN,2022-06,2022,JAGUNG,0.0,HA
1137,3410,35,JAWA TIMUR,3526,KABUPATEN BANGKALAN,2022-06,2022,KEDELAI,0.0,HA
1137,3411,35,JAWA TIMUR,3526,KABUPATEN BANGKALAN,2022-06,2022,PADI,0.0,HA
1138,3412,35,JAWA TIMUR,3527,KABUPATEN SAMPANG,2022-06,2022,JAGUNG,0.0,HA
1138,3413,35,JAWA TIMUR,3527,KABUPATEN SAMPANG,2022-06,2022,KEDELAI,0.0,HA
1138,3414,35,JAWA TIMUR,3527,KABUPATEN SAMPANG,2022-06,2022,PADI,0.0,HA
1139,3415,35,JAWA TIMUR,3528,KABUPATEN PAMEKASAN,2022-06,2022,JAGUNG,0.0,HA
1139,3416,35,JAWA TIMUR,3528,KABUPATEN PAMEKASAN,2022-06,2022,KEDELAI,0.0,HA
1139,3417,35,JAWA TIMUR,3528,KABUPATEN PAMEKASAN,2022-06,2022,PADI,0.0,HA
1140,3418,35,JAWA TIMUR,3529,KABUPATEN SUMENEP,2022-06,2022,JAGUNG,0.0,HA
1140,3419,35,JAWA TIMUR,3529,KABUPATEN SUMENEP,2022-06,2022,KEDELAI,0.0,HA
1140,3420,35,JAWA TIMUR,3529,KABUPATEN SUMENEP,2022-06,2022,PADI,0.0,HA
1141,3421,35,JAWA TIMUR,3571,KOTA KEDIRI,2022-06,2022,JAGUNG,0.0,HA
1141,3422,35,JAWA TIMUR,3571,KOTA KEDIRI,2022-06,2022,KEDELAI,0.0,HA
1141,3423,35,JAWA TIMUR,3571,KOTA KEDIRI,2022-06,2022,PADI,0.0,HA
1146,3436,35,JAWA TIMUR,3572,KOTA BLITAR,2022-06,2022,JAGUNG,0.0,HA
1146,3437,35,JAWA TIMUR,3572,KOTA BLITAR,2022-06,2022,KEDELAI,0.0,HA
1146,3438,35,JAWA TIMUR,3572,KOTA BLITAR,2022-06,2022,PADI,0.0,HA
1147,3439,35,JAWA TIMUR,3573,KOTA MALANG,2022-06,2022,JAGUNG,0.0,HA
1147,3440,35,JAWA TIMUR,3573,KOTA MALANG,2022-06,2022,KEDELAI,0.0,HA
1147,3441,35,JAWA TIMUR,3573,KOTA MALANG,2022-06,2022,PADI,0.0,HA
1142,3424,35,JAWA TIMUR,3574,KOTA PROBOLINGGO,2022-06,2022,JAGUNG,0.0,HA
1142,3425,35,JAWA TIMUR,3574,KOTA PROBOLINGGO,2022-06,2022,KEDELAI,0.0,HA
1142,3426,35,JAWA TIMUR,3574,KOTA PROBOLINGGO,2022-06,2022,PADI,0.0,HA
1143,3427,35,JAWA TIMUR,3575,KOTA PASURUAN,2022-06,2022,JAGUNG,0.0,HA
1143,3428,35,JAWA TIMUR,3575,KOTA PASURUAN,2022-06,2022,KEDELAI,0.0,HA
1143,3429,35,JAWA TIMUR,3575,KOTA PASURUAN,2022-06,2022,PADI,0.0,HA
1148,3442,35,JAWA TIMUR,3576,KOTA MOJOKERTO,2022-06,2022,JAGUNG,0.0,HA
1148,3443,35,JAWA TIMUR,3576,KOTA MOJOKERTO,2022-06,2022,KEDELAI,0.0,HA
1148,3444,35,JAWA TIMUR,3576,KOTA MOJOKERTO,2022-06,2022,PADI,0.0,HA
1144,3430,35,JAWA TIMUR,3577,KOTA MADIUN,2022-06,2022,JAGUNG,0.0,HA
1144,3431,35,JAWA TIMUR,3577,KOTA MADIUN,2022-06,2022,KEDELAI,0.0,HA
1144,3432,35,JAWA TIMUR,3577,KOTA MADIUN,2022-06,2022,PADI,0.0,HA
1149,3445,35,JAWA TIMUR,3578,KOTA SURABAYA,2022-06,2022,JAGUNG,0.0,HA
1149,3446,35,JAWA TIMUR,3578,KOTA SURABAYA,2022-06,2022,KEDELAI,0.0,HA
1149,3447,35,JAWA TIMUR,3578,KOTA SURABAYA,2022-06,2022,PADI,0.0,HA
1145,3433,35,JAWA TIMUR,3579,KOTA BATU,2022-06,2022,JAGUNG,0.0,HA
1145,3434,35,JAWA TIMUR,3579,KOTA BATU,2022-06,2022,KEDELAI,0.0,HA
1145,3435,35,JAWA TIMUR,3579,KOTA BATU,2022-06,2022,PADI,0.0,HA
1151,3451,35,JAWA TIMUR,3501,KABUPATEN PACITAN,2022-07,2022,JAGUNG,0.0,HA
1151,3452,35,JAWA TIMUR,3501,KABUPATEN PACITAN,2022-07,2022,KEDELAI,0.0,HA
1151,3453,35,JAWA TIMUR,3501,KABUPATEN PACITAN,2022-07,2022,PADI,0.0,HA
1152,3454,35,JAWA TIMUR,3502,KABUPATEN PONOROGO,2022-07,2022,JAGUNG,0.0,HA
1152,3455,35,JAWA TIMUR,3502,KABUPATEN PONOROGO,2022-07,2022,KEDELAI,0.0,HA
1152,3456,35,JAWA TIMUR,3502,KABUPATEN PONOROGO,2022-07,2022,PADI,0.0,HA
1153,3457,35,JAWA TIMUR,3503,KABUPATEN TRENGGALEK,2022-07,2022,JAGUNG,0.0,HA
1153,3458,35,JAWA TIMUR,3503,KABUPATEN TRENGGALEK,2022-07,2022,KEDELAI,0.0,HA
1153,3459,35,JAWA TIMUR,3503,KABUPATEN TRENGGALEK,2022-07,2022,PADI,0.0,HA
1154,3460,35,JAWA TIMUR,3504,KABUPATEN TULUNGAGUNG,2022-07,2022,JAGUNG,0.0,HA
1154,3461,35,JAWA TIMUR,3504,KABUPATEN TULUNGAGUNG,2022-07,2022,KEDELAI,0.0,HA
1154,3462,35,JAWA TIMUR,3504,KABUPATEN TULUNGAGUNG,2022-07,2022,PADI,0.0,HA
1155,3463,35,JAWA TIMUR,3505,KABUPATEN BLITAR,2022-07,2022,JAGUNG,0.0,HA
1155,3464,35,JAWA TIMUR,3505,KABUPATEN BLITAR,2022-07,2022,KEDELAI,0.0,HA
1155,3465,35,JAWA TIMUR,3505,KABUPATEN BLITAR,2022-07,2022,PADI,0.0,HA
1156,3466,35,JAWA TIMUR,3506,KABUPATEN KEDIRI,2022-07,2022,JAGUNG,0.0,HA
1156,3467,35,JAWA TIMUR,3506,KABUPATEN KEDIRI,2022-07,2022,KEDELAI,0.0,HA
1156,3468,35,JAWA TIMUR,3506,KABUPATEN KEDIRI,2022-07,2022,PADI,0.0,HA
1157,3469,35,JAWA TIMUR,3507,KABUPATEN MALANG,2022-07,2022,JAGUNG,0.0,HA
1157,3470,35,JAWA TIMUR,3507,KABUPATEN MALANG,2022-07,2022,KEDELAI,0.0,HA
1157,3471,35,JAWA TIMUR,3507,KABUPATEN MALANG,2022-07,2022,PADI,0.0,HA
1158,3472,35,JAWA TIMUR,3508,KABUPATEN LUMAJANG,2022-07,2022,JAGUNG,0.0,HA
1158,3473,35,JAWA TIMUR,3508,KABUPATEN LUMAJANG,2022-07,2022,KEDELAI,0.0,HA
1158,3474,35,JAWA TIMUR,3508,KABUPATEN LUMAJANG,2022-07,2022,PADI,0.0,HA
1159,3475,35,JAWA TIMUR,3509,KABUPATEN JEMBER,2022-07,2022,JAGUNG,0.0,HA
1159,3476,35,JAWA TIMUR,3509,KABUPATEN JEMBER,2022-07,2022,KEDELAI,0.0,HA
1159,3477,35,JAWA TIMUR,3509,KABUPATEN JEMBER,2022-07,2022,PADI,0.0,HA
1160,3478,35,JAWA TIMUR,3510,KABUPATEN BANYUWANGI,2022-07,2022,JAGUNG,0.0,HA
1160,3479,35,JAWA TIMUR,3510,KABUPATEN BANYUWANGI,2022-07,2022,KEDELAI,0.0,HA
1160,3480,35,JAWA TIMUR,3510,KABUPATEN BANYUWANGI,2022-07,2022,PADI,0.0,HA
1161,3481,35,JAWA TIMUR,3511,KABUPATEN BONDOWOSO,2022-07,2022,JAGUNG,0.0,HA
1161,3482,35,JAWA TIMUR,3511,KABUPATEN BONDOWOSO,2022-07,2022,KEDELAI,0.0,HA
1161,3483,35,JAWA TIMUR,3511,KABUPATEN BONDOWOSO,2022-07,2022,PADI,0.0,HA
1162,3484,35,JAWA TIMUR,3512,KABUPATEN SITUBONDO,2022-07,2022,JAGUNG,0.0,HA
1162,3485,35,JAWA TIMUR,3512,KABUPATEN SITUBONDO,2022-07,2022,KEDELAI,0.0,HA
1162,3486,35,JAWA TIMUR,3512,KABUPATEN SITUBONDO,2022-07,2022,PADI,0.0,HA
1163,3487,35,JAWA TIMUR,3513,KABUPATEN PROBOLINGGO,2022-07,2022,JAGUNG,0.0,HA
1163,3488,35,JAWA TIMUR,3513,KABUPATEN PROBOLINGGO,2022-07,2022,KEDELAI,0.0,HA
1163,3489,35,JAWA TIMUR,3513,KABUPATEN PROBOLINGGO,2022-07,2022,PADI,0.0,HA
1164,3490,35,JAWA TIMUR,3514,KABUPATEN PASURUAN,2022-07,2022,JAGUNG,0.0,HA
1164,3491,35,JAWA TIMUR,3514,KABUPATEN PASURUAN,2022-07,2022,KEDELAI,0.0,HA
1164,3492,35,JAWA TIMUR,3514,KABUPATEN PASURUAN,2022-07,2022,PADI,0.0,HA
1165,3493,35,JAWA TIMUR,3515,KABUPATEN SIDOARJO,2022-07,2022,JAGUNG,0.0,HA
1165,3494,35,JAWA TIMUR,3515,KABUPATEN SIDOARJO,2022-07,2022,KEDELAI,0.0,HA
1165,3495,35,JAWA TIMUR,3515,KABUPATEN SIDOARJO,2022-07,2022,PADI,0.0,HA
1166,3496,35,JAWA TIMUR,3516,KABUPATEN MOJOKERTO,2022-07,2022,JAGUNG,0.0,HA
1166,3497,35,JAWA TIMUR,3516,KABUPATEN MOJOKERTO,2022-07,2022,KEDELAI,0.0,HA
1166,3498,35,JAWA TIMUR,3516,KABUPATEN MOJOKERTO,2022-07,2022,PADI,0.0,HA
1167,3499,35,JAWA TIMUR,3517,KABUPATEN JOMBANG,2022-07,2022,JAGUNG,0.0,HA
1167,3500,35,JAWA TIMUR,3517,KABUPATEN JOMBANG,2022-07,2022,KEDELAI,0.0,HA
1167,3501,35,JAWA TIMUR,3517,KABUPATEN JOMBANG,2022-07,2022,PADI,0.0,HA
1168,3502,35,JAWA TIMUR,3518,KABUPATEN NGANJUK,2022-07,2022,JAGUNG,0.0,HA
1168,3503,35,JAWA TIMUR,3518,KABUPATEN NGANJUK,2022-07,2022,KEDELAI,0.0,HA
1168,3504,35,JAWA TIMUR,3518,KABUPATEN NGANJUK,2022-07,2022,PADI,0.0,HA
1169,3505,35,JAWA TIMUR,3519,KABUPATEN MADIUN,2022-07,2022,JAGUNG,0.0,HA
1169,3506,35,JAWA TIMUR,3519,KABUPATEN MADIUN,2022-07,2022,KEDELAI,0.0,HA
1169,3507,35,JAWA TIMUR,3519,KABUPATEN MADIUN,2022-07,2022,PADI,0.0,HA
1170,3508,35,JAWA TIMUR,3520,KABUPATEN MAGETAN,2022-07,2022,JAGUNG,0.0,HA
1170,3509,35,JAWA TIMUR,3520,KABUPATEN MAGETAN,2022-07,2022,KEDELAI,0.0,HA
1170,3510,35,JAWA TIMUR,3520,KABUPATEN MAGETAN,2022-07,2022,PADI,0.0,HA
1171,3511,35,JAWA TIMUR,3521,KABUPATEN NGAWI,2022-07,2022,JAGUNG,0.0,HA
1171,3512,35,JAWA TIMUR,3521,KABUPATEN NGAWI,2022-07,2022,KEDELAI,0.0,HA
1171,3513,35,JAWA TIMUR,3521,KABUPATEN NGAWI,2022-07,2022,PADI,0.0,HA
1172,3514,35,JAWA TIMUR,3522,KABUPATEN BOJONEGORO,2022-07,2022,JAGUNG,0.0,HA
1172,3515,35,JAWA TIMUR,3522,KABUPATEN BOJONEGORO,2022-07,2022,KEDELAI,0.0,HA
1172,3516,35,JAWA TIMUR,3522,KABUPATEN BOJONEGORO,2022-07,2022,PADI,0.0,HA
1173,3517,35,JAWA TIMUR,3523,KABUPATEN TUBAN,2022-07,2022,JAGUNG,0.0,HA
1173,3518,35,JAWA TIMUR,3523,KABUPATEN TUBAN,2022-07,2022,KEDELAI,0.0,HA
1173,3519,35,JAWA TIMUR,3523,KABUPATEN TUBAN,2022-07,2022,PADI,0.0,HA
1174,3520,35,JAWA TIMUR,3524,KABUPATEN LAMONGAN,2022-07,2022,JAGUNG,0.0,HA
1174,3521,35,JAWA TIMUR,3524,KABUPATEN LAMONGAN,2022-07,2022,KEDELAI,0.0,HA
1174,3522,35,JAWA TIMUR,3524,KABUPATEN LAMONGAN,2022-07,2022,PADI,0.0,HA
1175,3523,35,JAWA TIMUR,3525,KABUPATEN GRESIK,2022-07,2022,JAGUNG,0.0,HA
1175,3524,35,JAWA TIMUR,3525,KABUPATEN GRESIK,2022-07,2022,KEDELAI,0.0,HA
1175,3525,35,JAWA TIMUR,3525,KABUPATEN GRESIK,2022-07,2022,PADI,0.0,HA
1176,3526,35,JAWA TIMUR,3526,KABUPATEN BANGKALAN,2022-07,2022,JAGUNG,0.0,HA
1176,3527,35,JAWA TIMUR,3526,KABUPATEN BANGKALAN,2022-07,2022,KEDELAI,0.0,HA
1176,3528,35,JAWA TIMUR,3526,KABUPATEN BANGKALAN,2022-07,2022,PADI,0.0,HA
1177,3529,35,JAWA TIMUR,3527,KABUPATEN SAMPANG,2022-07,2022,JAGUNG,0.0,HA
1177,3530,35,JAWA TIMUR,3527,KABUPATEN SAMPANG,2022-07,2022,KEDELAI,0.0,HA
1177,3531,35,JAWA TIMUR,3527,KABUPATEN SAMPANG,2022-07,2022,PADI,0.0,HA
1178,3532,35,JAWA TIMUR,3528,KABUPATEN PAMEKASAN,2022-07,2022,JAGUNG,0.0,HA
1178,3533,35,JAWA TIMUR,3528,KABUPATEN PAMEKASAN,2022-07,2022,KEDELAI,0.0,HA
1178,3534,35,JAWA TIMUR,3528,KABUPATEN PAMEKASAN,2022-07,2022,PADI,0.0,HA
1179,3535,35,JAWA TIMUR,3529,KABUPATEN SUMENEP,2022-07,2022,JAGUNG,0.0,HA
1179,3536,35,JAWA TIMUR,3529,KABUPATEN SUMENEP,2022-07,2022,KEDELAI,0.0,HA
1179,3537,35,JAWA TIMUR,3529,KABUPATEN SUMENEP,2022-07,2022,PADI,0.0,HA
1180,3538,35,JAWA TIMUR,3571,KOTA KEDIRI,2022-07,2022,JAGUNG,0.0,HA
1180,3539,35,JAWA TIMUR,3571,KOTA KEDIRI,2022-07,2022,KEDELAI,0.0,HA
1180,3540,35,JAWA TIMUR,3571,KOTA KEDIRI,2022-07,2022,PADI,0.0,HA
1185,3553,35,JAWA TIMUR,3572,KOTA BLITAR,2022-07,2022,JAGUNG,0.0,HA
1185,3554,35,JAWA TIMUR,3572,KOTA BLITAR,2022-07,2022,KEDELAI,0.0,HA
1185,3555,35,JAWA TIMUR,3572,KOTA BLITAR,2022-07,2022,PADI,0.0,HA
1186,3556,35,JAWA TIMUR,3573,KOTA MALANG,2022-07,2022,JAGUNG,0.0,HA
1186,3557,35,JAWA TIMUR,3573,KOTA MALANG,2022-07,2022,KEDELAI,0.0,HA
1186,3558,35,JAWA TIMUR,3573,KOTA MALANG,2022-07,2022,PADI,0.0,HA
1181,3541,35,JAWA TIMUR,3574,KOTA PROBOLINGGO,2022-07,2022,JAGUNG,0.0,HA
1181,3542,35,JAWA TIMUR,3574,KOTA PROBOLINGGO,2022-07,2022,KEDELAI,0.0,HA
1181,3543,35,JAWA TIMUR,3574,KOTA PROBOLINGGO,2022-07,2022,PADI,0.0,HA
1182,3544,35,JAWA TIMUR,3575,KOTA PASURUAN,2022-07,2022,JAGUNG,0.0,HA
1182,3545,35,JAWA TIMUR,3575,KOTA PASURUAN,2022-07,2022,KEDELAI,0.0,HA
1182,3546,35,JAWA TIMUR,3575,KOTA PASURUAN,2022-07,2022,PADI,0.0,HA
1187,3559,35,JAWA TIMUR,3576,KOTA MOJOKERTO,2022-07,2022,JAGUNG,0.0,HA
1187,3560,35,JAWA TIMUR,3576,KOTA MOJOKERTO,2022-07,2022,KEDELAI,0.0,HA
1187,3561,35,JAWA TIMUR,3576,KOTA MOJOKERTO,2022-07,2022,PADI,0.0,HA
1183,3547,35,JAWA TIMUR,3577,KOTA MADIUN,2022-07,2022,JAGUNG,0.0,HA
1183,3548,35,JAWA TIMUR,3577,KOTA MADIUN,2022-07,2022,KEDELAI,0.0,HA
1183,3549,35,JAWA TIMUR,3577,KOTA MADIUN,2022-07,2022,PADI,0.0,HA
1188,3562,35,JAWA TIMUR,3578,KOTA SURABAYA,2022-07,2022,JAGUNG,0.0,HA
1188,3563,35,JAWA TIMUR,3578,KOTA SURABAYA,2022-07,2022,KEDELAI,0.0,HA
1188,3564,35,JAWA TIMUR,3578,KOTA SURABAYA,2022-07,2022,PADI,0.0,HA
1184,3550,35,JAWA TIMUR,3579,KOTA BATU,2022-07,2022,JAGUNG,0.0,HA
1184,3551,35,JAWA TIMUR,3579,KOTA BATU,2022-07,2022,KEDELAI,0.0,HA
1184,3552,35,JAWA TIMUR,3579,KOTA BATU,2022-07,2022,PADI,0.0,HA
1190,3568,35,JAWA TIMUR,3501,KABUPATEN PACITAN,2022-08,2022,JAGUNG,0.0,HA
1190,3569,35,JAWA TIMUR,3501,KABUPATEN PACITAN,2022-08,2022,KEDELAI,0.0,HA
1190,3570,35,JAWA TIMUR,3501,KABUPATEN PACITAN,2022-08,2022,PADI,0.0,HA
1191,3571,35,JAWA TIMUR,3502,KABUPATEN PONOROGO,2022-08,2022,JAGUNG,0.0,HA
1191,3572,35,JAWA TIMUR,3502,KABUPATEN PONOROGO,2022-08,2022,KEDELAI,0.0,HA
1191,3573,35,JAWA TIMUR,3502,KABUPATEN PONOROGO,2022-08,2022,PADI,0.0,HA
1192,3574,35,JAWA TIMUR,3503,KABUPATEN TRENGGALEK,2022-08,2022,JAGUNG,0.0,HA
1192,3575,35,JAWA TIMUR,3503,KABUPATEN TRENGGALEK,2022-08,2022,KEDELAI,0.0,HA
1192,3576,35,JAWA TIMUR,3503,KABUPATEN TRENGGALEK,2022-08,2022,PADI,0.0,HA
1193,3577,35,JAWA TIMUR,3504,KABUPATEN TULUNGAGUNG,2022-08,2022,JAGUNG,0.0,HA
1193,3578,35,JAWA TIMUR,3504,KABUPATEN TULUNGAGUNG,2022-08,2022,KEDELAI,0.0,HA
1193,3579,35,JAWA TIMUR,3504,KABUPATEN TULUNGAGUNG,2022-08,2022,PADI,0.0,HA
1194,3580,35,JAWA TIMUR,3505,KABUPATEN BLITAR,2022-08,2022,JAGUNG,0.0,HA
1194,3581,35,JAWA TIMUR,3505,KABUPATEN BLITAR,2022-08,2022,KEDELAI,0.0,HA
1194,3582,35,JAWA TIMUR,3505,KABUPATEN BLITAR,2022-08,2022,PADI,0.0,HA
1195,3583,35,JAWA TIMUR,3506,KABUPATEN KEDIRI,2022-08,2022,JAGUNG,0.0,HA
1195,3584,35,JAWA TIMUR,3506,KABUPATEN KEDIRI,2022-08,2022,KEDELAI,0.0,HA
1195,3585,35,JAWA TIMUR,3506,KABUPATEN KEDIRI,2022-08,2022,PADI,0.0,HA
1196,3586,35,JAWA TIMUR,3507,KABUPATEN MALANG,2022-08,2022,JAGUNG,0.0,HA
1196,3587,35,JAWA TIMUR,3507,KABUPATEN MALANG,2022-08,2022,KEDELAI,0.0,HA
1196,3588,35,JAWA TIMUR,3507,KABUPATEN MALANG,2022-08,2022,PADI,0.0,HA
1197,3589,35,JAWA TIMUR,3508,KABUPATEN LUMAJANG,2022-08,2022,JAGUNG,0.0,HA
1197,3590,35,JAWA TIMUR,3508,KABUPATEN LUMAJANG,2022-08,2022,KEDELAI,0.0,HA
1197,3591,35,JAWA TIMUR,3508,KABUPATEN LUMAJANG,2022-08,2022,PADI,0.0,HA
1198,3592,35,JAWA TIMUR,3509,KABUPATEN JEMBER,2022-08,2022,JAGUNG,0.0,HA
1198,3593,35,JAWA TIMUR,3509,KABUPATEN JEMBER,2022-08,2022,KEDELAI,0.0,HA
1198,3594,35,JAWA TIMUR,3509,KABUPATEN JEMBER,2022-08,2022,PADI,0.0,HA
1199,3595,35,JAWA TIMUR,3510,KABUPATEN BANYUWANGI,2022-08,2022,JAGUNG,0.0,HA
1199,3596,35,JAWA TIMUR,3510,KABUPATEN BANYUWANGI,2022-08,2022,KEDELAI,0.0,HA
1199,3597,35,JAWA TIMUR,3510,KABUPATEN BANYUWANGI,2022-08,2022,PADI,0.0,HA
1200,3598,35,JAWA TIMUR,3511,KABUPATEN BONDOWOSO,2022-08,2022,JAGUNG,0.0,HA
1200,3599,35,JAWA TIMUR,3511,KABUPATEN BONDOWOSO,2022-08,2022,KEDELAI,0.0,HA
1200,3600,35,JAWA TIMUR,3511,KABUPATEN BONDOWOSO,2022-08,2022,PADI,0.0,HA
1201,3601,35,JAWA TIMUR,3512,KABUPATEN SITUBONDO,2022-08,2022,JAGUNG,182.0,HA
1201,3602,35,JAWA TIMUR,3512,KABUPATEN SITUBONDO,2022-08,2022,KEDELAI,0.0,HA
1201,3603,35,JAWA TIMUR,3512,KABUPATEN SITUBONDO,2022-08,2022,PADI,14.0,HA
1202,3604,35,JAWA TIMUR,3513,KABUPATEN PROBOLINGGO,2022-08,2022,JAGUNG,0.0,HA
1202,3605,35,JAWA TIMUR,3513,KABUPATEN PROBOLINGGO,2022-08,2022,KEDELAI,0.0,HA
1202,3606,35,JAWA TIMUR,3513,KABUPATEN PROBOLINGGO,2022-08,2022,PADI,0.0,HA
1203,3607,35,JAWA TIMUR,3514,KABUPATEN PASURUAN,2022-08,2022,JAGUNG,0.0,HA
1203,3608,35,JAWA TIMUR,3514,KABUPATEN PASURUAN,2022-08,2022,KEDELAI,0.0,HA
1203,3609,35,JAWA TIMUR,3514,KABUPATEN PASURUAN,2022-08,2022,PADI,0.0,HA
1204,3610,35,JAWA TIMUR,3515,KABUPATEN SIDOARJO,2022-08,2022,JAGUNG,0.0,HA
1204,3611,35,JAWA TIMUR,3515,KABUPATEN SIDOARJO,2022-08,2022,KEDELAI,0.0,HA
1204,3612,35,JAWA TIMUR,3515,KABUPATEN SIDOARJO,2022-08,2022,PADI,0.0,HA
1205,3613,35,JAWA TIMUR,3516,KABUPATEN MOJOKERTO,2022-08,2022,JAGUNG,0.0,HA
1205,3614,35,JAWA TIMUR,3516,KABUPATEN MOJOKERTO,2022-08,2022,KEDELAI,0.0,HA
1205,3615,35,JAWA TIMUR,3516,KABUPATEN MOJOKERTO,2022-08,2022,PADI,0.0,HA
1206,3616,35,JAWA TIMUR,3517,KABUPATEN JOMBANG,2022-08,2022,JAGUNG,0.0,HA
1206,3617,35,JAWA TIMUR,3517,KABUPATEN JOMBANG,2022-08,2022,KEDELAI,0.0,HA
1206,3618,35,JAWA TIMUR,3517,KABUPATEN JOMBANG,2022-08,2022,PADI,0.0,HA
1207,3619,35,JAWA TIMUR,3518,KABUPATEN NGANJUK,2022-08,2022,JAGUNG,0.0,HA
1207,3620,35,JAWA TIMUR,3518,KABUPATEN NGANJUK,2022-08,2022,KEDELAI,0.0,HA
1207,3621,35,JAWA TIMUR,3518,KABUPATEN NGANJUK,2022-08,2022,PADI,0.0,HA
1208,3622,35,JAWA TIMUR,3519,KABUPATEN MADIUN,2022-08,2022,JAGUNG,0.0,HA
1208,3623,35,JAWA TIMUR,3519,KABUPATEN MADIUN,2022-08,2022,KEDELAI,0.0,HA
1208,3624,35,JAWA TIMUR,3519,KABUPATEN MADIUN,2022-08,2022,PADI,0.0,HA
1209,3625,35,JAWA TIMUR,3520,KABUPATEN MAGETAN,2022-08,2022,JAGUNG,0.0,HA
1209,3626,35,JAWA TIMUR,3520,KABUPATEN MAGETAN,2022-08,2022,KEDELAI,0.0,HA
1209,3627,35,JAWA TIMUR,3520,KABUPATEN MAGETAN,2022-08,2022,PADI,0.0,HA
1210,3628,35,JAWA TIMUR,3521,KABUPATEN NGAWI,2022-08,2022,JAGUNG,0.0,HA
1210,3629,35,JAWA TIMUR,3521,KABUPATEN NGAWI,2022-08,2022,KEDELAI,0.0,HA
1210,3630,35,JAWA TIMUR,3521,KABUPATEN NGAWI,2022-08,2022,PADI,0.0,HA
1211,3631,35,JAWA TIMUR,3522,KABUPATEN BOJONEGORO,2022-08,2022,JAGUNG,0.0,HA
1211,3632,35,JAWA TIMUR,3522,KABUPATEN BOJONEGORO,2022-08,2022,KEDELAI,0.0,HA
1211,3633,35,JAWA TIMUR,3522,KABUPATEN BOJONEGORO,2022-08,2022,PADI,0.0,HA
1212,3634,35,JAWA TIMUR,3523,KABUPATEN TUBAN,2022-08,2022,JAGUNG,0.0,HA
1212,3635,35,JAWA TIMUR,3523,KABUPATEN TUBAN,2022-08,2022,KEDELAI,0.0,HA
1212,3636,35,JAWA TIMUR,3523,KABUPATEN TUBAN,2022-08,2022,PADI,0.0,HA
1213,3637,35,JAWA TIMUR,3524,KABUPATEN LAMONGAN,2022-08,2022,JAGUNG,0.0,HA
1213,3638,35,JAWA TIMUR,3524,KABUPATEN LAMONGAN,2022-08,2022,KEDELAI,0.0,HA
1213,3639,35,JAWA TIMUR,3524,KABUPATEN LAMONGAN,2022-08,2022,PADI,0.0,HA
1214,3640,35,JAWA TIMUR,3525,KABUPATEN GRESIK,2022-08,2022,JAGUNG,0.0,HA
1214,3641,35,JAWA TIMUR,3525,KABUPATEN GRESIK,2022-08,2022,KEDELAI,0.0,HA
1214,3642,35,JAWA TIMUR,3525,KABUPATEN GRESIK,2022-08,2022,PADI,0.0,HA
1215,3643,35,JAWA TIMUR,3526,KABUPATEN BANGKALAN,2022-08,2022,JAGUNG,0.0,HA
1215,3644,35,JAWA TIMUR,3526,KABUPATEN BANGKALAN,2022-08,2022,KEDELAI,0.0,HA
1215,3645,35,JAWA TIMUR,3526,KABUPATEN BANGKALAN,2022-08,2022,PADI,0.0,HA
1216,3646,35,JAWA TIMUR,3527,KABUPATEN SAMPANG,2022-08,2022,JAGUNG,0.0,HA
1216,3647,35,JAWA TIMUR,3527,KABUPATEN SAMPANG,2022-08,2022,KEDELAI,0.0,HA
1216,3648,35,JAWA TIMUR,3527,KABUPATEN SAMPANG,2022-08,2022,PADI,0.0,HA
1217,3649,35,JAWA TIMUR,3528,KABUPATEN PAMEKASAN,2022-08,2022,JAGUNG,0.0,HA
1217,3650,35,JAWA TIMUR,3528,KABUPATEN PAMEKASAN,2022-08,2022,KEDELAI,0.0,HA
1217,3651,35,JAWA TIMUR,3528,KABUPATEN PAMEKASAN,2022-08,2022,PADI,0.0,HA
1218,3652,35,JAWA TIMUR,3529,KABUPATEN SUMENEP,2022-08,2022,JAGUNG,0.0,HA
1218,3653,35,JAWA TIMUR,3529,KABUPATEN SUMENEP,2022-08,2022,KEDELAI,0.0,HA
1218,3654,35,JAWA TIMUR,3529,KABUPATEN SUMENEP,2022-08,2022,PADI,0.0,HA
1219,3655,35,JAWA TIMUR,3571,KOTA KEDIRI,2022-08,2022,JAGUNG,0.0,HA
1219,3656,35,JAWA TIMUR,3571,KOTA KEDIRI,2022-08,2022,KEDELAI,0.0,HA
1219,3657,35,JAWA TIMUR,3571,KOTA KEDIRI,2022-08,2022,PADI,0.0,HA
1224,3670,35,JAWA TIMUR,3572,KOTA BLITAR,2022-08,2022,JAGUNG,0.0,HA
1224,3671,35,JAWA TIMUR,3572,KOTA BLITAR,2022-08,2022,KEDELAI,0.0,HA
1224,3672,35,JAWA TIMUR,3572,KOTA BLITAR,2022-08,2022,PADI,0.0,HA
1225,3673,35,JAWA TIMUR,3573,KOTA MALANG,2022-08,2022,JAGUNG,0.0,HA
1225,3674,35,JAWA TIMUR,3573,KOTA MALANG,2022-08,2022,KEDELAI,0.0,HA
1225,3675,35,JAWA TIMUR,3573,KOTA MALANG,2022-08,2022,PADI,0.0,HA
1220,3658,35,JAWA TIMUR,3574,KOTA PROBOLINGGO,2022-08,2022,JAGUNG,0.0,HA
1220,3659,35,JAWA TIMUR,3574,KOTA PROBOLINGGO,2022-08,2022,KEDELAI,0.0,HA
1220,3660,35,JAWA TIMUR,3574,KOTA PROBOLINGGO,2022-08,2022,PADI,0.0,HA
1221,3661,35,JAWA TIMUR,3575,KOTA PASURUAN,2022-08,2022,JAGUNG,0.0,HA
1221,3662,35,JAWA TIMUR,3575,KOTA PASURUAN,2022-08,2022,KEDELAI,0.0,HA
1221,3663,35,JAWA TIMUR,3575,KOTA PASURUAN,2022-08,2022,PADI,0.0,HA
1226,3676,35,JAWA TIMUR,3576,KOTA MOJOKERTO,2022-08,2022,JAGUNG,0.0,HA
1226,3677,35,JAWA TIMUR,3576,KOTA MOJOKERTO,2022-08,2022,KEDELAI,0.0,HA
1226,3678,35,JAWA TIMUR,3576,KOTA MOJOKERTO,2022-08,2022,PADI,0.0,HA
1222,3664,35,JAWA TIMUR,3577,KOTA MADIUN,2022-08,2022,JAGUNG,0.0,HA
1222,3665,35,JAWA TIMUR,3577,KOTA MADIUN,2022-08,2022,KEDELAI,0.0,HA
1222,3666,35,JAWA TIMUR,3577,KOTA MADIUN,2022-08,2022,PADI,0.0,HA
1227,3679,35,JAWA TIMUR,3578,KOTA SURABAYA,2022-08,2022,JAGUNG,0.0,HA
1227,3680,35,JAWA TIMUR,3578,KOTA SURABAYA,2022-08,2022,KEDELAI,0.0,HA
1227,3681,35,JAWA TIMUR,3578,KOTA SURABAYA,2022-08,2022,PADI,0.0,HA
1223,3667,35,JAWA TIMUR,3579,KOTA BATU,2022-08,2022,JAGUNG,0.0,HA
1223,3668,35,JAWA TIMUR,3579,KOTA BATU,2022-08,2022,KEDELAI,0.0,HA
1223,3669,35,JAWA TIMUR,3579,KOTA BATU,2022-08,2022,PADI,0.0,HA
1229,3685,35,JAWA TIMUR,3501,KABUPATEN PACITAN,2022-09,2022,JAGUNG,0.0,HA
1229,3686,35,JAWA TIMUR,3501,KABUPATEN PACITAN,2022-09,2022,KEDELAI,0.0,HA
1229,3687,35,JAWA TIMUR,3501,KABUPATEN PACITAN,2022-09,2022,PADI,4.0,HA
1230,3688,35,JAWA TIMUR,3502,KABUPATEN PONOROGO,2022-09,2022,JAGUNG,0.0,HA
1230,3689,35,JAWA TIMUR,3502,KABUPATEN PONOROGO,2022-09,2022,KEDELAI,0.0,HA
1230,3690,35,JAWA TIMUR,3502,KABUPATEN PONOROGO,2022-09,2022,PADI,0.0,HA
1231,3691,35,JAWA TIMUR,3503,KABUPATEN TRENGGALEK,2022-09,2022,JAGUNG,0.0,HA
1231,3692,35,JAWA TIMUR,3503,KABUPATEN TRENGGALEK,2022-09,2022,KEDELAI,0.0,HA
1231,3693,35,JAWA TIMUR,3503,KABUPATEN TRENGGALEK,2022-09,2022,PADI,0.0,HA
1232,3694,35,JAWA TIMUR,3504,KABUPATEN TULUNGAGUNG,2022-09,2022,JAGUNG,0.0,HA
1232,3695,35,JAWA TIMUR,3504,KABUPATEN TULUNGAGUNG,2022-09,2022,KEDELAI,0.0,HA
1232,3696,35,JAWA TIMUR,3504,KABUPATEN TULUNGAGUNG,2022-09,2022,PADI,0.0,HA
1233,3697,35,JAWA TIMUR,3505,KABUPATEN BLITAR,2022-09,2022,JAGUNG,0.0,HA
1233,3698,35,JAWA TIMUR,3505,KABUPATEN BLITAR,2022-09,2022,KEDELAI,0.0,HA
1233,3699,35,JAWA TIMUR,3505,KABUPATEN BLITAR,2022-09,2022,PADI,0.0,HA
1234,3700,35,JAWA TIMUR,3506,KABUPATEN KEDIRI,2022-09,2022,JAGUNG,0.0,HA
1234,3701,35,JAWA TIMUR,3506,KABUPATEN KEDIRI,2022-09,2022,KEDELAI,0.0,HA
1234,3702,35,JAWA TIMUR,3506,KABUPATEN KEDIRI,2022-09,2022,PADI,0.0,HA
1235,3703,35,JAWA TIMUR,3507,KABUPATEN MALANG,2022-09,2022,JAGUNG,0.0,HA
1235,3704,35,JAWA TIMUR,3507,KABUPATEN MALANG,2022-09,2022,KEDELAI,0.0,HA
1235,3705,35,JAWA TIMUR,3507,KABUPATEN MALANG,2022-09,2022,PADI,0.0,HA
1236,3706,35,JAWA TIMUR,3508,KABUPATEN LUMAJANG,2022-09,2022,JAGUNG,0.0,HA
1236,3707,35,JAWA TIMUR,3508,KABUPATEN LUMAJANG,2022-09,2022,KEDELAI,0.0,HA
1236,3708,35,JAWA TIMUR,3508,KABUPATEN LUMAJANG,2022-09,2022,PADI,0.0,HA
1237,3709,35,JAWA TIMUR,3509,KABUPATEN JEMBER,2022-09,2022,JAGUNG,0.0,HA
1237,3710,35,JAWA TIMUR,3509,KABUPATEN JEMBER,2022-09,2022,KEDELAI,0.0,HA
1237,3711,35,JAWA TIMUR,3509,KABUPATEN JEMBER,2022-09,2022,PADI,0.0,HA
1238,3712,35,JAWA TIMUR,3510,KABUPATEN BANYUWANGI,2022-09,2022,JAGUNG,0.0,HA
1238,3713,35,JAWA TIMUR,3510,KABUPATEN BANYUWANGI,2022-09,2022,KEDELAI,0.0,HA
1238,3714,35,JAWA TIMUR,3510,KABUPATEN BANYUWANGI,2022-09,2022,PADI,0.0,HA
1239,3715,35,JAWA TIMUR,3511,KABUPATEN BONDOWOSO,2022-09,2022,JAGUNG,0.0,HA
1239,3716,35,JAWA TIMUR,3511,KABUPATEN BONDOWOSO,2022-09,2022,KEDELAI,0.0,HA
1239,3717,35,JAWA TIMUR,3511,KABUPATEN BONDOWOSO,2022-09,2022,PADI,0.0,HA
1240,3718,35,JAWA TIMUR,3512,KABUPATEN SITUBONDO,2022-09,2022,JAGUNG,0.0,HA
1240,3719,35,JAWA TIMUR,3512,KABUPATEN SITUBONDO,2022-09,2022,KEDELAI,0.0,HA
1240,3720,35,JAWA TIMUR,3512,KABUPATEN SITUBONDO,2022-09,2022,PADI,0.0,HA
1241,3721,35,JAWA TIMUR,3513,KABUPATEN PROBOLINGGO,2022-09,2022,JAGUNG,0.0,HA
1241,3722,35,JAWA TIMUR,3513,KABUPATEN PROBOLINGGO,2022-09,2022,KEDELAI,0.0,HA
1241,3723,35,JAWA TIMUR,3513,KABUPATEN PROBOLINGGO,2022-09,2022,PADI,0.0,HA
1242,3724,35,JAWA TIMUR,3514,KABUPATEN PASURUAN,2022-09,2022,JAGUNG,0.0,HA
1242,3725,35,JAWA TIMUR,3514,KABUPATEN PASURUAN,2022-09,2022,KEDELAI,0.0,HA
1242,3726,35,JAWA TIMUR,3514,KABUPATEN PASURUAN,2022-09,2022,PADI,0.0,HA
1243,3727,35,JAWA TIMUR,3515,KABUPATEN SIDOARJO,2022-09,2022,JAGUNG,0.0,HA
1243,3728,35,JAWA TIMUR,3515,KABUPATEN SIDOARJO,2022-09,2022,KEDELAI,0.0,HA
1243,3729,35,JAWA TIMUR,3515,KABUPATEN SIDOARJO,2022-09,2022,PADI,0.0,HA
1244,3730,35,JAWA TIMUR,3516,KABUPATEN MOJOKERTO,2022-09,2022,JAGUNG,0.0,HA
1244,3731,35,JAWA TIMUR,3516,KABUPATEN MOJOKERTO,2022-09,2022,KEDELAI,0.0,HA
1244,3732,35,JAWA TIMUR,3516,KABUPATEN MOJOKERTO,2022-09,2022,PADI,0.0,HA
1245,3733,35,JAWA TIMUR,3517,KABUPATEN JOMBANG,2022-09,2022,JAGUNG,0.0,HA
1245,3734,35,JAWA TIMUR,3517,KABUPATEN JOMBANG,2022-09,2022,KEDELAI,0.0,HA
1245,3735,35,JAWA TIMUR,3517,KABUPATEN JOMBANG,2022-09,2022,PADI,0.0,HA
1246,3736,35,JAWA TIMUR,3518,KABUPATEN NGANJUK,2022-09,2022,JAGUNG,0.0,HA
1246,3737,35,JAWA TIMUR,3518,KABUPATEN NGANJUK,2022-09,2022,KEDELAI,0.0,HA
1246,3738,35,JAWA TIMUR,3518,KABUPATEN NGANJUK,2022-09,2022,PADI,0.0,HA
1247,3739,35,JAWA TIMUR,3519,KABUPATEN MADIUN,2022-09,2022,JAGUNG,0.0,HA
1247,3740,35,JAWA TIMUR,3519,KABUPATEN MADIUN,2022-09,2022,KEDELAI,0.0,HA
1247,3741,35,JAWA TIMUR,3519,KABUPATEN MADIUN,2022-09,2022,PADI,0.0,HA
1248,3742,35,JAWA TIMUR,3520,KABUPATEN MAGETAN,2022-09,2022,JAGUNG,0.0,HA
1248,3743,35,JAWA TIMUR,3520,KABUPATEN MAGETAN,2022-09,2022,KEDELAI,0.0,HA
1248,3744,35,JAWA TIMUR,3520,KABUPATEN MAGETAN,2022-09,2022,PADI,0.0,HA
1249,3745,35,JAWA TIMUR,3521,KABUPATEN NGAWI,2022-09,2022,JAGUNG,0.0,HA
1249,3746,35,JAWA TIMUR,3521,KABUPATEN NGAWI,2022-09,2022,KEDELAI,0.0,HA
1249,3747,35,JAWA TIMUR,3521,KABUPATEN NGAWI,2022-09,2022,PADI,0.0,HA
1250,3748,35,JAWA TIMUR,3522,KABUPATEN BOJONEGORO,2022-09,2022,JAGUNG,0.0,HA
1250,3749,35,JAWA TIMUR,3522,KABUPATEN BOJONEGORO,2022-09,2022,KEDELAI,0.0,HA
1250,3750,35,JAWA TIMUR,3522,KABUPATEN BOJONEGORO,2022-09,2022,PADI,0.0,HA
1251,3751,35,JAWA TIMUR,3523,KABUPATEN TUBAN,2022-09,2022,JAGUNG,0.0,HA
1251,3752,35,JAWA TIMUR,3523,KABUPATEN TUBAN,2022-09,2022,KEDELAI,0.0,HA
1251,3753,35,JAWA TIMUR,3523,KABUPATEN TUBAN,2022-09,2022,PADI,0.0,HA
1252,3754,35,JAWA TIMUR,3524,KABUPATEN LAMONGAN,2022-09,2022,JAGUNG,0.0,HA
1252,3755,35,JAWA TIMUR,3524,KABUPATEN LAMONGAN,2022-09,2022,KEDELAI,0.0,HA
1252,3756,35,JAWA TIMUR,3524,KABUPATEN LAMONGAN,2022-09,2022,PADI,0.0,HA
1253,3757,35,JAWA TIMUR,3525,KABUPATEN GRESIK,2022-09,2022,JAGUNG,0.0,HA
1253,3758,35,JAWA TIMUR,3525,KABUPATEN GRESIK,2022-09,2022,KEDELAI,0.0,HA
1253,3759,35,JAWA TIMUR,3525,KABUPATEN GRESIK,2022-09,2022,PADI,0.0,HA
1254,3760,35,JAWA TIMUR,3526,KABUPATEN BANGKALAN,2022-09,2022,JAGUNG,0.0,HA
1254,3761,35,JAWA TIMUR,3526,KABUPATEN BANGKALAN,2022-09,2022,KEDELAI,0.0,HA
1254,3762,35,JAWA TIMUR,3526,KABUPATEN BANGKALAN,2022-09,2022,PADI,0.0,HA
1255,3763,35,JAWA TIMUR,3527,KABUPATEN SAMPANG,2022-09,2022,JAGUNG,0.0,HA
1255,3764,35,JAWA TIMUR,3527,KABUPATEN SAMPANG,2022-09,2022,KEDELAI,0.0,HA
1255,3765,35,JAWA TIMUR,3527,KABUPATEN SAMPANG,2022-09,2022,PADI,0.0,HA
1256,3766,35,JAWA TIMUR,3528,KABUPATEN PAMEKASAN,2022-09,2022,JAGUNG,0.0,HA
1256,3767,35,JAWA TIMUR,3528,KABUPATEN PAMEKASAN,2022-09,2022,KEDELAI,0.0,HA
1256,3768,35,JAWA TIMUR,3528,KABUPATEN PAMEKASAN,2022-09,2022,PADI,0.0,HA
1257,3769,35,JAWA TIMUR,3529,KABUPATEN SUMENEP,2022-09,2022,JAGUNG,0.0,HA
1257,3770,35,JAWA TIMUR,3529,KABUPATEN SUMENEP,2022-09,2022,KEDELAI,0.0,HA
1257,3771,35,JAWA TIMUR,3529,KABUPATEN SUMENEP,2022-09,2022,PADI,0.0,HA
1258,3772,35,JAWA TIMUR,3571,KOTA KEDIRI,2022-09,2022,JAGUNG,0.0,HA
1258,3773,35,JAWA TIMUR,3571,KOTA KEDIRI,2022-09,2022,KEDELAI,0.0,HA
1258,3774,35,JAWA TIMUR,3571,KOTA KEDIRI,2022-09,2022,PADI,0.0,HA
1263,3787,35,JAWA TIMUR,3572,KOTA BLITAR,2022-09,2022,JAGUNG,0.0,HA
1263,3788,35,JAWA TIMUR,3572,KOTA BLITAR,2022-09,2022,KEDELAI,0.0,HA
1263,3789,35,JAWA TIMUR,3572,KOTA BLITAR,2022-09,2022,PADI,0.0,HA
1264,3790,35,JAWA TIMUR,3573,KOTA MALANG,2022-09,2022,JAGUNG,0.0,HA
1264,3791,35,JAWA TIMUR,3573,KOTA MALANG,2022-09,2022,KEDELAI,0.0,HA
1264,3792,35,JAWA TIMUR,3573,KOTA MALANG,2022-09,2022,PADI,0.0,HA
1259,3775,35,JAWA TIMUR,3574,KOTA PROBOLINGGO,2022-09,2022,JAGUNG,0.0,HA
1259,3776,35,JAWA TIMUR,3574,KOTA PROBOLINGGO,2022-09,2022,KEDELAI,0.0,HA
1259,3777,35,JAWA TIMUR,3574,KOTA PROBOLINGGO,2022-09,2022,PADI,0.0,HA
1260,3778,35,JAWA TIMUR,3575,KOTA PASURUAN,2022-09,2022,JAGUNG,0.0,HA
1260,3779,35,JAWA TIMUR,3575,KOTA PASURUAN,2022-09,2022,KEDELAI,0.0,HA
1260,3780,35,JAWA TIMUR,3575,KOTA PASURUAN,2022-09,2022,PADI,0.0,HA
1265,3793,35,JAWA TIMUR,3576,KOTA MOJOKERTO,2022-09,2022,JAGUNG,0.0,HA
1265,3794,35,JAWA TIMUR,3576,KOTA MOJOKERTO,2022-09,2022,KEDELAI,0.0,HA
1265,3795,35,JAWA TIMUR,3576,KOTA MOJOKERTO,2022-09,2022,PADI,0.0,HA
1261,3781,35,JAWA TIMUR,3577,KOTA MADIUN,2022-09,2022,JAGUNG,0.0,HA
1261,3782,35,JAWA TIMUR,3577,KOTA MADIUN,2022-09,2022,KEDELAI,0.0,HA
1261,3783,35,JAWA TIMUR,3577,KOTA MADIUN,2022-09,2022,PADI,0.0,HA
1266,3796,35,JAWA TIMUR,3578,KOTA SURABAYA,2022-09,2022,JAGUNG,0.0,HA
1266,3797,35,JAWA TIMUR,3578,KOTA SURABAYA,2022-09,2022,KEDELAI,0.0,HA
1266,3798,35,JAWA TIMUR,3578,KOTA SURABAYA,2022-09,2022,PADI,0.0,HA
1262,3784,35,JAWA TIMUR,3579,KOTA BATU,2022-09,2022,JAGUNG,0.0,HA
1262,3785,35,JAWA TIMUR,3579,KOTA BATU,2022-09,2022,KEDELAI,0.0,HA
1262,3786,35,JAWA TIMUR,3579,KOTA BATU,2022-09,2022,PADI,0.0,HA
1268,3802,35,JAWA TIMUR,3501,KABUPATEN PACITAN,2022-10,2022,JAGUNG,0.0,HA
1268,3803,35,JAWA TIMUR,3501,KABUPATEN PACITAN,2022-10,2022,KEDELAI,0.0,HA
1268,3804,35,JAWA TIMUR,3501,KABUPATEN PACITAN,2022-10,2022,PADI,0.0,HA
1269,3805,35,JAWA TIMUR,3502,KABUPATEN PONOROGO,2022-10,2022,JAGUNG,0.0,HA
1269,3806,35,JAWA TIMUR,3502,KABUPATEN PONOROGO,2022-10,2022,KEDELAI,0.0,HA
1269,3807,35,JAWA TIMUR,3502,KABUPATEN PONOROGO,2022-10,2022,PADI,0.0,HA
1270,3808,35,JAWA TIMUR,3503,KABUPATEN TRENGGALEK,2022-10,2022,JAGUNG,0.0,HA
1270,3809,35,JAWA TIMUR,3503,KABUPATEN TRENGGALEK,2022-10,2022,KEDELAI,0.0,HA
1270,3810,35,JAWA TIMUR,3503,KABUPATEN TRENGGALEK,2022-10,2022,PADI,0.0,HA
1271,3811,35,JAWA TIMUR,3504,KABUPATEN TULUNGAGUNG,2022-10,2022,JAGUNG,0.0,HA
1271,3812,35,JAWA TIMUR,3504,KABUPATEN TULUNGAGUNG,2022-10,2022,KEDELAI,0.0,HA
1271,3813,35,JAWA TIMUR,3504,KABUPATEN TULUNGAGUNG,2022-10,2022,PADI,0.0,HA
1272,3814,35,JAWA TIMUR,3505,KABUPATEN BLITAR,2022-10,2022,JAGUNG,0.0,HA
1272,3815,35,JAWA TIMUR,3505,KABUPATEN BLITAR,2022-10,2022,KEDELAI,0.0,HA
1272,3816,35,JAWA TIMUR,3505,KABUPATEN BLITAR,2022-10,2022,PADI,0.0,HA
1273,3817,35,JAWA TIMUR,3506,KABUPATEN KEDIRI,2022-10,2022,JAGUNG,0.0,HA
1273,3818,35,JAWA TIMUR,3506,KABUPATEN KEDIRI,2022-10,2022,KEDELAI,0.0,HA
1273,3819,35,JAWA TIMUR,3506,KABUPATEN KEDIRI,2022-10,2022,PADI,0.0,HA
1274,3820,35,JAWA TIMUR,3507,KABUPATEN MALANG,2022-10,2022,JAGUNG,0.0,HA
1274,3821,35,JAWA TIMUR,3507,KABUPATEN MALANG,2022-10,2022,KEDELAI,0.0,HA
1274,3822,35,JAWA TIMUR,3507,KABUPATEN MALANG,2022-10,2022,PADI,0.0,HA
1275,3823,35,JAWA TIMUR,3508,KABUPATEN LUMAJANG,2022-10,2022,JAGUNG,0.0,HA
1275,3824,35,JAWA TIMUR,3508,KABUPATEN LUMAJANG,2022-10,2022,KEDELAI,0.0,HA
1275,3825,35,JAWA TIMUR,3508,KABUPATEN LUMAJANG,2022-10,2022,PADI,0.0,HA
1276,3826,35,JAWA TIMUR,3509,KABUPATEN JEMBER,2022-10,2022,JAGUNG,0.0,HA
1276,3827,35,JAWA TIMUR,3509,KABUPATEN JEMBER,2022-10,2022,KEDELAI,0.0,HA
1276,3828,35,JAWA TIMUR,3509,KABUPATEN JEMBER,2022-10,2022,PADI,0.0,HA
1277,3829,35,JAWA TIMUR,3510,KABUPATEN BANYUWANGI,2022-10,2022,JAGUNG,0.0,HA
1277,3830,35,JAWA TIMUR,3510,KABUPATEN BANYUWANGI,2022-10,2022,KEDELAI,0.0,HA
1277,3831,35,JAWA TIMUR,3510,KABUPATEN BANYUWANGI,2022-10,2022,PADI,0.0,HA
1278,3832,35,JAWA TIMUR,3511,KABUPATEN BONDOWOSO,2022-10,2022,JAGUNG,0.0,HA
1278,3833,35,JAWA TIMUR,3511,KABUPATEN BONDOWOSO,2022-10,2022,KEDELAI,0.0,HA
1278,3834,35,JAWA TIMUR,3511,KABUPATEN BONDOWOSO,2022-10,2022,PADI,0.0,HA
1279,3835,35,JAWA TIMUR,3512,KABUPATEN SITUBONDO,2022-10,2022,JAGUNG,0.0,HA
1279,3836,35,JAWA TIMUR,3512,KABUPATEN SITUBONDO,2022-10,2022,KEDELAI,0.0,HA
1279,3837,35,JAWA TIMUR,3512,KABUPATEN SITUBONDO,2022-10,2022,PADI,0.0,HA
1280,3838,35,JAWA TIMUR,3513,KABUPATEN PROBOLINGGO,2022-10,2022,JAGUNG,0.0,HA
1280,3839,35,JAWA TIMUR,3513,KABUPATEN PROBOLINGGO,2022-10,2022,KEDELAI,0.0,HA
1280,3840,35,JAWA TIMUR,3513,KABUPATEN PROBOLINGGO,2022-10,2022,PADI,0.0,HA
1281,3841,35,JAWA TIMUR,3514,KABUPATEN PASURUAN,2022-10,2022,JAGUNG,0.0,HA
1281,3842,35,JAWA TIMUR,3514,KABUPATEN PASURUAN,2022-10,2022,KEDELAI,0.0,HA
1281,3843,35,JAWA TIMUR,3514,KABUPATEN PASURUAN,2022-10,2022,PADI,0.0,HA
1282,3844,35,JAWA TIMUR,3515,KABUPATEN SIDOARJO,2022-10,2022,JAGUNG,0.0,HA
1282,3845,35,JAWA TIMUR,3515,KABUPATEN SIDOARJO,2022-10,2022,KEDELAI,0.0,HA
1282,3846,35,JAWA TIMUR,3515,KABUPATEN SIDOARJO,2022-10,2022,PADI,0.0,HA
1283,3847,35,JAWA TIMUR,3516,KABUPATEN MOJOKERTO,2022-10,2022,JAGUNG,0.0,HA
1283,3848,35,JAWA TIMUR,3516,KABUPATEN MOJOKERTO,2022-10,2022,KEDELAI,0.0,HA
1283,3849,35,JAWA TIMUR,3516,KABUPATEN MOJOKERTO,2022-10,2022,PADI,0.0,HA
1284,3850,35,JAWA TIMUR,3517,KABUPATEN JOMBANG,2022-10,2022,JAGUNG,0.0,HA
1284,3851,35,JAWA TIMUR,3517,KABUPATEN JOMBANG,2022-10,2022,KEDELAI,0.0,HA
1284,3852,35,JAWA TIMUR,3517,KABUPATEN JOMBANG,2022-10,2022,PADI,0.0,HA
1285,3853,35,JAWA TIMUR,3518,KABUPATEN NGANJUK,2022-10,2022,JAGUNG,0.0,HA
1285,3854,35,JAWA TIMUR,3518,KABUPATEN NGANJUK,2022-10,2022,KEDELAI,0.0,HA
1285,3855,35,JAWA TIMUR,3518,KABUPATEN NGANJUK,2022-10,2022,PADI,0.0,HA
1286,3856,35,JAWA TIMUR,3519,KABUPATEN MADIUN,2022-10,2022,JAGUNG,0.0,HA
1286,3857,35,JAWA TIMUR,3519,KABUPATEN MADIUN,2022-10,2022,KEDELAI,0.0,HA
1286,3858,35,JAWA TIMUR,3519,KABUPATEN MADIUN,2022-10,2022,PADI,0.0,HA
1287,3859,35,JAWA TIMUR,3520,KABUPATEN MAGETAN,2022-10,2022,JAGUNG,0.0,HA
1287,3860,35,JAWA TIMUR,3520,KABUPATEN MAGETAN,2022-10,2022,KEDELAI,0.0,HA
1287,3861,35,JAWA TIMUR,3520,KABUPATEN MAGETAN,2022-10,2022,PADI,0.0,HA
1288,3862,35,JAWA TIMUR,3521,KABUPATEN NGAWI,2022-10,2022,JAGUNG,0.0,HA
1288,3863,35,JAWA TIMUR,3521,KABUPATEN NGAWI,2022-10,2022,KEDELAI,0.0,HA
1288,3864,35,JAWA TIMUR,3521,KABUPATEN NGAWI,2022-10,2022,PADI,0.0,HA
1289,3865,35,JAWA TIMUR,3522,KABUPATEN BOJONEGORO,2022-10,2022,JAGUNG,0.0,HA
1289,3866,35,JAWA TIMUR,3522,KABUPATEN BOJONEGORO,2022-10,2022,KEDELAI,0.0,HA
1289,3867,35,JAWA TIMUR,3522,KABUPATEN BOJONEGORO,2022-10,2022,PADI,0.0,HA
1290,3868,35,JAWA TIMUR,3523,KABUPATEN TUBAN,2022-10,2022,JAGUNG,0.0,HA
1290,3869,35,JAWA TIMUR,3523,KABUPATEN TUBAN,2022-10,2022,KEDELAI,0.0,HA
1290,3870,35,JAWA TIMUR,3523,KABUPATEN TUBAN,2022-10,2022,PADI,0.0,HA
1291,3871,35,JAWA TIMUR,3524,KABUPATEN LAMONGAN,2022-10,2022,JAGUNG,0.0,HA
1291,3872,35,JAWA TIMUR,3524,KABUPATEN LAMONGAN,2022-10,2022,KEDELAI,0.0,HA
1291,3873,35,JAWA TIMUR,3524,KABUPATEN LAMONGAN,2022-10,2022,PADI,0.0,HA
1292,3874,35,JAWA TIMUR,3525,KABUPATEN GRESIK,2022-10,2022,JAGUNG,0.0,HA
1292,3875,35,JAWA TIMUR,3525,KABUPATEN GRESIK,2022-10,2022,KEDELAI,0.0,HA
1292,3876,35,JAWA TIMUR,3525,KABUPATEN GRESIK,2022-10,2022,PADI,0.0,HA
1293,3877,35,JAWA TIMUR,3526,KABUPATEN BANGKALAN,2022-10,2022,JAGUNG,0.0,HA
1293,3878,35,JAWA TIMUR,3526,KABUPATEN BANGKALAN,2022-10,2022,KEDELAI,0.0,HA
1293,3879,35,JAWA TIMUR,3526,KABUPATEN BANGKALAN,2022-10,2022,PADI,0.0,HA
1294,3880,35,JAWA TIMUR,3527,KABUPATEN SAMPANG,2022-10,2022,JAGUNG,0.0,HA
1294,3881,35,JAWA TIMUR,3527,KABUPATEN SAMPANG,2022-10,2022,KEDELAI,0.0,HA
1294,3882,35,JAWA TIMUR,3527,KABUPATEN SAMPANG,2022-10,2022,PADI,0.0,HA
1295,3883,35,JAWA TIMUR,3528,KABUPATEN PAMEKASAN,2022-10,2022,JAGUNG,0.0,HA
1295,3884,35,JAWA TIMUR,3528,KABUPATEN PAMEKASAN,2022-10,2022,KEDELAI,0.0,HA
1295,3885,35,JAWA TIMUR,3528,KABUPATEN PAMEKASAN,2022-10,2022,PADI,0.0,HA
1296,3886,35,JAWA TIMUR,3529,KABUPATEN SUMENEP,2022-10,2022,JAGUNG,0.0,HA
1296,3887,35,JAWA TIMUR,3529,KABUPATEN SUMENEP,2022-10,2022,KEDELAI,0.0,HA
1296,3888,35,JAWA TIMUR,3529,KABUPATEN SUMENEP,2022-10,2022,PADI,0.0,HA
1297,3889,35,JAWA TIMUR,3571,KOTA KEDIRI,2022-10,2022,JAGUNG,0.0,HA
1297,3890,35,JAWA TIMUR,3571,KOTA KEDIRI,2022-10,2022,KEDELAI,0.0,HA
1297,3891,35,JAWA TIMUR,3571,KOTA KEDIRI,2022-10,2022,PADI,0.0,HA
1302,3904,35,JAWA TIMUR,3572,KOTA BLITAR,2022-10,2022,JAGUNG,0.0,HA
1302,3905,35,JAWA TIMUR,3572,KOTA BLITAR,2022-10,2022,KEDELAI,0.0,HA
1302,3906,35,JAWA TIMUR,3572,KOTA BLITAR,2022-10,2022,PADI,0.0,HA
1303,3907,35,JAWA TIMUR,3573,KOTA MALANG,2022-10,2022,JAGUNG,0.0,HA
1303,3908,35,JAWA TIMUR,3573,KOTA MALANG,2022-10,2022,KEDELAI,0.0,HA
1303,3909,35,JAWA TIMUR,3573,KOTA MALANG,2022-10,2022,PADI,0.0,HA
1298,3892,35,JAWA TIMUR,3574,KOTA PROBOLINGGO,2022-10,2022,JAGUNG,0.0,HA
1298,3893,35,JAWA TIMUR,3574,KOTA PROBOLINGGO,2022-10,2022,KEDELAI,0.0,HA
1298,3894,35,JAWA TIMUR,3574,KOTA PROBOLINGGO,2022-10,2022,PADI,0.0,HA
1299,3895,35,JAWA TIMUR,3575,KOTA PASURUAN,2022-10,2022,JAGUNG,0.0,HA
1299,3896,35,JAWA TIMUR,3575,KOTA PASURUAN,2022-10,2022,KEDELAI,0.0,HA
1299,3897,35,JAWA TIMUR,3575,KOTA PASURUAN,2022-10,2022,PADI,0.0,HA
1304,3910,35,JAWA TIMUR,3576,KOTA MOJOKERTO,2022-10,2022,JAGUNG,0.0,HA
1304,3911,35,JAWA TIMUR,3576,KOTA MOJOKERTO,2022-10,2022,KEDELAI,0.0,HA
1304,3912,35,JAWA TIMUR,3576,KOTA MOJOKERTO,2022-10,2022,PADI,0.0,HA
1300,3898,35,JAWA TIMUR,3577,KOTA MADIUN,2022-10,2022,JAGUNG,0.0,HA
1300,3899,35,JAWA TIMUR,3577,KOTA MADIUN,2022-10,2022,KEDELAI,0.0,HA
1300,3900,35,JAWA TIMUR,3577,KOTA MADIUN,2022-10,2022,PADI,0.0,HA
1305,3913,35,JAWA TIMUR,3578,KOTA SURABAYA,2022-10,2022,JAGUNG,0.0,HA
1305,3914,35,JAWA TIMUR,3578,KOTA SURABAYA,2022-10,2022,KEDELAI,0.0,HA
1305,3915,35,JAWA TIMUR,3578,KOTA SURABAYA,2022-10,2022,PADI,0.0,HA
1301,3901,35,JAWA TIMUR,3579,KOTA BATU,2022-10,2022,JAGUNG,0.0,HA
1301,3902,35,JAWA TIMUR,3579,KOTA BATU,2022-10,2022,KEDELAI,0.0,HA
1301,3903,35,JAWA TIMUR,3579,KOTA BATU,2022-10,2022,PADI,0.0,HA
1307,3919,35,JAWA TIMUR,3501,KABUPATEN PACITAN,2022-11,2022,JAGUNG,0.0,HA
1307,3920,35,JAWA TIMUR,3501,KABUPATEN PACITAN,2022-11,2022,KEDELAI,0.0,HA
1307,3921,35,JAWA TIMUR,3501,KABUPATEN PACITAN,2022-11,2022,PADI,0.0,HA
1308,3922,35,JAWA TIMUR,3502,KABUPATEN PONOROGO,2022-11,2022,JAGUNG,0.0,HA
1308,3923,35,JAWA TIMUR,3502,KABUPATEN PONOROGO,2022-11,2022,KEDELAI,0.0,HA
1308,3924,35,JAWA TIMUR,3502,KABUPATEN PONOROGO,2022-11,2022,PADI,0.0,HA
1309,3925,35,JAWA TIMUR,3503,KABUPATEN TRENGGALEK,2022-11,2022,JAGUNG,0.0,HA
1309,3926,35,JAWA TIMUR,3503,KABUPATEN TRENGGALEK,2022-11,2022,KEDELAI,0.0,HA
1309,3927,35,JAWA TIMUR,3503,KABUPATEN TRENGGALEK,2022-11,2022,PADI,0.0,HA
1310,3928,35,JAWA TIMUR,3504,KABUPATEN TULUNGAGUNG,2022-11,2022,JAGUNG,0.0,HA
1310,3929,35,JAWA TIMUR,3504,KABUPATEN TULUNGAGUNG,2022-11,2022,KEDELAI,0.0,HA
1310,3930,35,JAWA TIMUR,3504,KABUPATEN TULUNGAGUNG,2022-11,2022,PADI,0.0,HA
1311,3931,35,JAWA TIMUR,3505,KABUPATEN BLITAR,2022-11,2022,JAGUNG,0.0,HA
1311,3932,35,JAWA TIMUR,3505,KABUPATEN BLITAR,2022-11,2022,KEDELAI,0.0,HA
1311,3933,35,JAWA TIMUR,3505,KABUPATEN BLITAR,2022-11,2022,PADI,0.0,HA
1312,3934,35,JAWA TIMUR,3506,KABUPATEN KEDIRI,2022-11,2022,JAGUNG,0.0,HA
1312,3935,35,JAWA TIMUR,3506,KABUPATEN KEDIRI,2022-11,2022,KEDELAI,0.0,HA
1312,3936,35,JAWA TIMUR,3506,KABUPATEN KEDIRI,2022-11,2022,PADI,0.0,HA
1313,3937,35,JAWA TIMUR,3507,KABUPATEN MALANG,2022-11,2022,JAGUNG,0.0,HA
1313,3938,35,JAWA TIMUR,3507,KABUPATEN MALANG,2022-11,2022,KEDELAI,0.0,HA
1313,3939,35,JAWA TIMUR,3507,KABUPATEN MALANG,2022-11,2022,PADI,0.0,HA
1314,3940,35,JAWA TIMUR,3508,KABUPATEN LUMAJANG,2022-11,2022,JAGUNG,0.0,HA
1314,3941,35,JAWA TIMUR,3508,KABUPATEN LUMAJANG,2022-11,2022,KEDELAI,0.0,HA
1314,3942,35,JAWA TIMUR,3508,KABUPATEN LUMAJANG,2022-11,2022,PADI,0.0,HA
1315,3943,35,JAWA TIMUR,3509,KABUPATEN JEMBER,2022-11,2022,JAGUNG,0.0,HA
1315,3944,35,JAWA TIMUR,3509,KABUPATEN JEMBER,2022-11,2022,KEDELAI,0.0,HA
1315,3945,35,JAWA TIMUR,3509,KABUPATEN JEMBER,2022-11,2022,PADI,0.0,HA
1316,3946,35,JAWA TIMUR,3510,KABUPATEN BANYUWANGI,2022-11,2022,JAGUNG,0.0,HA
1316,3947,35,JAWA TIMUR,3510,KABUPATEN BANYUWANGI,2022-11,2022,KEDELAI,0.0,HA
1316,3948,35,JAWA TIMUR,3510,KABUPATEN BANYUWANGI,2022-11,2022,PADI,0.0,HA
1317,3949,35,JAWA TIMUR,3511,KABUPATEN BONDOWOSO,2022-11,2022,JAGUNG,0.0,HA
1317,3950,35,JAWA TIMUR,3511,KABUPATEN BONDOWOSO,2022-11,2022,KEDELAI,0.0,HA
1317,3951,35,JAWA TIMUR,3511,KABUPATEN BONDOWOSO,2022-11,2022,PADI,0.0,HA
1318,3952,35,JAWA TIMUR,3512,KABUPATEN SITUBONDO,2022-11,2022,JAGUNG,0.0,HA
1318,3953,35,JAWA TIMUR,3512,KABUPATEN SITUBONDO,2022-11,2022,KEDELAI,0.0,HA
1318,3954,35,JAWA TIMUR,3512,KABUPATEN SITUBONDO,2022-11,2022,PADI,0.0,HA
1319,3955,35,JAWA TIMUR,3513,KABUPATEN PROBOLINGGO,2022-11,2022,JAGUNG,0.0,HA
1319,3956,35,JAWA TIMUR,3513,KABUPATEN PROBOLINGGO,2022-11,2022,KEDELAI,0.0,HA
1319,3957,35,JAWA TIMUR,3513,KABUPATEN PROBOLINGGO,2022-11,2022,PADI,0.0,HA
1320,3958,35,JAWA TIMUR,3514,KABUPATEN PASURUAN,2022-11,2022,JAGUNG,0.0,HA
1320,3959,35,JAWA TIMUR,3514,KABUPATEN PASURUAN,2022-11,2022,KEDELAI,0.0,HA
1320,3960,35,JAWA TIMUR,3514,KABUPATEN PASURUAN,2022-11,2022,PADI,0.0,HA
1321,3961,35,JAWA TIMUR,3515,KABUPATEN SIDOARJO,2022-11,2022,JAGUNG,0.0,HA
1321,3962,35,JAWA TIMUR,3515,KABUPATEN SIDOARJO,2022-11,2022,KEDELAI,0.0,HA
1321,3963,35,JAWA TIMUR,3515,KABUPATEN SIDOARJO,2022-11,2022,PADI,0.0,HA
1322,3964,35,JAWA TIMUR,3516,KABUPATEN MOJOKERTO,2022-11,2022,JAGUNG,0.0,HA
1322,3965,35,JAWA TIMUR,3516,KABUPATEN MOJOKERTO,2022-11,2022,KEDELAI,0.0,HA
1322,3966,35,JAWA TIMUR,3516,KABUPATEN MOJOKERTO,2022-11,2022,PADI,0.0,HA
1323,3967,35,JAWA TIMUR,3517,KABUPATEN JOMBANG,2022-11,2022,JAGUNG,0.0,HA
1323,3968,35,JAWA TIMUR,3517,KABUPATEN JOMBANG,2022-11,2022,KEDELAI,0.0,HA
1323,3969,35,JAWA TIMUR,3517,KABUPATEN JOMBANG,2022-11,2022,PADI,0.0,HA
1324,3970,35,JAWA TIMUR,3518,KABUPATEN NGANJUK,2022-11,2022,JAGUNG,0.0,HA
1324,3971,35,JAWA TIMUR,3518,KABUPATEN NGANJUK,2022-11,2022,KEDELAI,0.0,HA
1324,3972,35,JAWA TIMUR,3518,KABUPATEN NGANJUK,2022-11,2022,PADI,0.0,HA
1325,3973,35,JAWA TIMUR,3519,KABUPATEN MADIUN,2022-11,2022,JAGUNG,0.0,HA
1325,3974,35,JAWA TIMUR,3519,KABUPATEN MADIUN,2022-11,2022,KEDELAI,0.0,HA
1325,3975,35,JAWA TIMUR,3519,KABUPATEN MADIUN,2022-11,2022,PADI,0.0,HA
1326,3976,35,JAWA TIMUR,3520,KABUPATEN MAGETAN,2022-11,2022,JAGUNG,0.0,HA
1326,3977,35,JAWA TIMUR,3520,KABUPATEN MAGETAN,2022-11,2022,KEDELAI,0.0,HA
1326,3978,35,JAWA TIMUR,3520,KABUPATEN MAGETAN,2022-11,2022,PADI,0.0,HA
1327,3979,35,JAWA TIMUR,3521,KABUPATEN NGAWI,2022-11,2022,JAGUNG,0.0,HA
1327,3980,35,JAWA TIMUR,3521,KABUPATEN NGAWI,2022-11,2022,KEDELAI,0.0,HA
1327,3981,35,JAWA TIMUR,3521,KABUPATEN NGAWI,2022-11,2022,PADI,0.0,HA
1328,3982,35,JAWA TIMUR,3522,KABUPATEN BOJONEGORO,2022-11,2022,JAGUNG,0.0,HA
1328,3983,35,JAWA TIMUR,3522,KABUPATEN BOJONEGORO,2022-11,2022,KEDELAI,0.0,HA
1328,3984,35,JAWA TIMUR,3522,KABUPATEN BOJONEGORO,2022-11,2022,PADI,0.0,HA
1329,3985,35,JAWA TIMUR,3523,KABUPATEN TUBAN,2022-11,2022,JAGUNG,0.0,HA
1329,3986,35,JAWA TIMUR,3523,KABUPATEN TUBAN,2022-11,2022,KEDELAI,0.0,HA
1329,3987,35,JAWA TIMUR,3523,KABUPATEN TUBAN,2022-11,2022,PADI,0.0,HA
1330,3988,35,JAWA TIMUR,3524,KABUPATEN LAMONGAN,2022-11,2022,JAGUNG,0.0,HA
1330,3989,35,JAWA TIMUR,3524,KABUPATEN LAMONGAN,2022-11,2022,KEDELAI,0.0,HA
1330,3990,35,JAWA TIMUR,3524,KABUPATEN LAMONGAN,2022-11,2022,PADI,0.0,HA
1331,3991,35,JAWA TIMUR,3525,KABUPATEN GRESIK,2022-11,2022,JAGUNG,0.0,HA
1331,3992,35,JAWA TIMUR,3525,KABUPATEN GRESIK,2022-11,2022,KEDELAI,0.0,HA
1331,3993,35,JAWA TIMUR,3525,KABUPATEN GRESIK,2022-11,2022,PADI,0.0,HA
1332,3994,35,JAWA TIMUR,3526,KABUPATEN BANGKALAN,2022-11,2022,JAGUNG,0.0,HA
1332,3995,35,JAWA TIMUR,3526,KABUPATEN BANGKALAN,2022-11,2022,KEDELAI,0.0,HA
1332,3996,35,JAWA TIMUR,3526,KABUPATEN BANGKALAN,2022-11,2022,PADI,0.0,HA
1333,3997,35,JAWA TIMUR,3527,KABUPATEN SAMPANG,2022-11,2022,JAGUNG,0.0,HA
1333,3998,35,JAWA TIMUR,3527,KABUPATEN SAMPANG,2022-11,2022,KEDELAI,0.0,HA
1333,3999,35,JAWA TIMUR,3527,KABUPATEN SAMPANG,2022-11,2022,PADI,0.0,HA
1334,4000,35,JAWA TIMUR,3528,KABUPATEN PAMEKASAN,2022-11,2022,JAGUNG,0.0,HA
1334,4001,35,JAWA TIMUR,3528,KABUPATEN PAMEKASAN,2022-11,2022,KEDELAI,0.0,HA
1334,4002,35,JAWA TIMUR,3528,KABUPATEN PAMEKASAN,2022-11,2022,PADI,0.0,HA
1335,4003,35,JAWA TIMUR,3529,KABUPATEN SUMENEP,2022-11,2022,JAGUNG,0.0,HA
1335,4004,35,JAWA TIMUR,3529,KABUPATEN SUMENEP,2022-11,2022,KEDELAI,0.0,HA
1335,4005,35,JAWA TIMUR,3529,KABUPATEN SUMENEP,2022-11,2022,PADI,0.0,HA
1336,4006,35,JAWA TIMUR,3571,KOTA KEDIRI,2022-11,2022,JAGUNG,0.0,HA
1336,4007,35,JAWA TIMUR,3571,KOTA KEDIRI,2022-11,2022,KEDELAI,0.0,HA
1336,4008,35,JAWA TIMUR,3571,KOTA KEDIRI,2022-11,2022,PADI,0.0,HA
1341,4021,35,JAWA TIMUR,3572,KOTA BLITAR,2022-11,2022,JAGUNG,0.0,HA
1341,4022,35,JAWA TIMUR,3572,KOTA BLITAR,2022-11,2022,KEDELAI,0.0,HA
1341,4023,35,JAWA TIMUR,3572,KOTA BLITAR,2022-11,2022,PADI,0.0,HA
1342,4024,35,JAWA TIMUR,3573,KOTA MALANG,2022-11,2022,JAGUNG,0.0,HA
1342,4025,35,JAWA TIMUR,3573,KOTA MALANG,2022-11,2022,KEDELAI,0.0,HA
1342,4026,35,JAWA TIMUR,3573,KOTA MALANG,2022-11,2022,PADI,0.0,HA
1337,4009,35,JAWA TIMUR,3574,KOTA PROBOLINGGO,2022-11,2022,JAGUNG,0.0,HA
1337,4010,35,JAWA TIMUR,3574,KOTA PROBOLINGGO,2022-11,2022,KEDELAI,0.0,HA
1337,4011,35,JAWA TIMUR,3574,KOTA PROBOLINGGO,2022-11,2022,PADI,0.0,HA
1338,4012,35,JAWA TIMUR,3575,KOTA PASURUAN,2022-11,2022,JAGUNG,0.0,HA
1338,4013,35,JAWA TIMUR,3575,KOTA PASURUAN,2022-11,2022,KEDELAI,0.0,HA
1338,4014,35,JAWA TIMUR,3575,KOTA PASURUAN,2022-11,2022,PADI,0.0,HA
1343,4027,35,JAWA TIMUR,3576,KOTA MOJOKERTO,2022-11,2022,JAGUNG,0.0,HA
1343,4028,35,JAWA TIMUR,3576,KOTA MOJOKERTO,2022-11,2022,KEDELAI,0.0,HA
1343,4029,35,JAWA TIMUR,3576,KOTA MOJOKERTO,2022-11,2022,PADI,0.0,HA
1339,4015,35,JAWA TIMUR,3577,KOTA MADIUN,2022-11,2022,JAGUNG,0.0,HA
1339,4016,35,JAWA TIMUR,3577,KOTA MADIUN,2022-11,2022,KEDELAI,0.0,HA
1339,4017,35,JAWA TIMUR,3577,KOTA MADIUN,2022-11,2022,PADI,0.0,HA
1344,4030,35,JAWA TIMUR,3578,KOTA SURABAYA,2022-11,2022,JAGUNG,0.0,HA
1344,4031,35,JAWA TIMUR,3578,KOTA SURABAYA,2022-11,2022,KEDELAI,0.0,HA
1344,4032,35,JAWA TIMUR,3578,KOTA SURABAYA,2022-11,2022,PADI,0.0,HA
1340,4018,35,JAWA TIMUR,3579,KOTA BATU,2022-11,2022,JAGUNG,0.0,HA
1340,4019,35,JAWA TIMUR,3579,KOTA BATU,2022-11,2022,KEDELAI,0.0,HA
1340,4020,35,JAWA TIMUR,3579,KOTA BATU,2022-11,2022,PADI,0.0,HA
1346,4036,35,JAWA TIMUR,3501,KABUPATEN PACITAN,2022-12,2022,JAGUNG,0.0,HA
1346,4037,35,JAWA TIMUR,3501,KABUPATEN PACITAN,2022-12,2022,KEDELAI,0.0,HA
1346,4038,35,JAWA TIMUR,3501,KABUPATEN PACITAN,2022-12,2022,PADI,0.0,HA
1347,4039,35,JAWA TIMUR,3502,KABUPATEN PONOROGO,2022-12,2022,JAGUNG,0.0,HA
1347,4040,35,JAWA TIMUR,3502,KABUPATEN PONOROGO,2022-12,2022,KEDELAI,0.0,HA
1347,4041,35,JAWA TIMUR,3502,KABUPATEN PONOROGO,2022-12,2022,PADI,0.0,HA
1348,4042,35,JAWA TIMUR,3503,KABUPATEN TRENGGALEK,2022-12,2022,JAGUNG,0.0,HA
1348,4043,35,JAWA TIMUR,3503,KABUPATEN TRENGGALEK,2022-12,2022,KEDELAI,0.0,HA
1348,4044,35,JAWA TIMUR,3503,KABUPATEN TRENGGALEK,2022-12,2022,PADI,0.0,HA
1349,4045,35,JAWA TIMUR,3504,KABUPATEN TULUNGAGUNG,2022-12,2022,JAGUNG,0.0,HA
1349,4046,35,JAWA TIMUR,3504,KABUPATEN TULUNGAGUNG,2022-12,2022,KEDELAI,0.0,HA
1349,4047,35,JAWA TIMUR,3504,KABUPATEN TULUNGAGUNG,2022-12,2022,PADI,0.0,HA
1350,4048,35,JAWA TIMUR,3505,KABUPATEN BLITAR,2022-12,2022,JAGUNG,0.0,HA
1350,4049,35,JAWA TIMUR,3505,KABUPATEN BLITAR,2022-12,2022,KEDELAI,0.0,HA
1350,4050,35,JAWA TIMUR,3505,KABUPATEN BLITAR,2022-12,2022,PADI,0.0,HA
1351,4051,35,JAWA TIMUR,3506,KABUPATEN KEDIRI,2022-12,2022,JAGUNG,0.0,HA
1351,4052,35,JAWA TIMUR,3506,KABUPATEN KEDIRI,2022-12,2022,KEDELAI,0.0,HA
1351,4053,35,JAWA TIMUR,3506,KABUPATEN KEDIRI,2022-12,2022,PADI,0.0,HA
1352,4054,35,JAWA TIMUR,3507,KABUPATEN MALANG,2022-12,2022,JAGUNG,0.0,HA
1352,4055,35,JAWA TIMUR,3507,KABUPATEN MALANG,2022-12,2022,KEDELAI,0.0,HA
1352,4056,35,JAWA TIMUR,3507,KABUPATEN MALANG,2022-12,2022,PADI,0.0,HA
1353,4057,35,JAWA TIMUR,3508,KABUPATEN LUMAJANG,2022-12,2022,JAGUNG,0.0,HA
1353,4058,35,JAWA TIMUR,3508,KABUPATEN LUMAJANG,2022-12,2022,KEDELAI,0.0,HA
1353,4059,35,JAWA TIMUR,3508,KABUPATEN LUMAJANG,2022-12,2022,PADI,0.0,HA
1354,4060,35,JAWA TIMUR,3509,KABUPATEN JEMBER,2022-12,2022,JAGUNG,0.0,HA
1354,4061,35,JAWA TIMUR,3509,KABUPATEN JEMBER,2022-12,2022,KEDELAI,0.0,HA
1354,4062,35,JAWA TIMUR,3509,KABUPATEN JEMBER,2022-12,2022,PADI,0.0,HA
1355,4063,35,JAWA TIMUR,3510,KABUPATEN BANYUWANGI,2022-12,2022,JAGUNG,0.0,HA
1355,4064,35,JAWA TIMUR,3510,KABUPATEN BANYUWANGI,2022-12,2022,KEDELAI,0.0,HA
1355,4065,35,JAWA TIMUR,3510,KABUPATEN BANYUWANGI,2022-12,2022,PADI,0.0,HA
1356,4066,35,JAWA TIMUR,3511,KABUPATEN BONDOWOSO,2022-12,2022,JAGUNG,0.0,HA
1356,4067,35,JAWA TIMUR,3511,KABUPATEN BONDOWOSO,2022-12,2022,KEDELAI,0.0,HA
1356,4068,35,JAWA TIMUR,3511,KABUPATEN BONDOWOSO,2022-12,2022,PADI,0.0,HA
1357,4069,35,JAWA TIMUR,3512,KABUPATEN SITUBONDO,2022-12,2022,JAGUNG,0.0,HA
1357,4070,35,JAWA TIMUR,3512,KABUPATEN SITUBONDO,2022-12,2022,KEDELAI,0.0,HA
1357,4071,35,JAWA TIMUR,3512,KABUPATEN SITUBONDO,2022-12,2022,PADI,0.0,HA
1358,4072,35,JAWA TIMUR,3513,KABUPATEN PROBOLINGGO,2022-12,2022,JAGUNG,0.0,HA
1358,4073,35,JAWA TIMUR,3513,KABUPATEN PROBOLINGGO,2022-12,2022,KEDELAI,0.0,HA
1358,4074,35,JAWA TIMUR,3513,KABUPATEN PROBOLINGGO,2022-12,2022,PADI,0.0,HA
1359,4075,35,JAWA TIMUR,3514,KABUPATEN PASURUAN,2022-12,2022,JAGUNG,0.0,HA
1359,4076,35,JAWA TIMUR,3514,KABUPATEN PASURUAN,2022-12,2022,KEDELAI,0.0,HA
1359,4077,35,JAWA TIMUR,3514,KABUPATEN PASURUAN,2022-12,2022,PADI,0.0,HA
1360,4078,35,JAWA TIMUR,3515,KABUPATEN SIDOARJO,2022-12,2022,JAGUNG,0.0,HA
1360,4079,35,JAWA TIMUR,3515,KABUPATEN SIDOARJO,2022-12,2022,KEDELAI,0.0,HA
1360,4080,35,JAWA TIMUR,3515,KABUPATEN SIDOARJO,2022-12,2022,PADI,0.0,HA
1361,4081,35,JAWA TIMUR,3516,KABUPATEN MOJOKERTO,2022-12,2022,JAGUNG,0.0,HA
1361,4082,35,JAWA TIMUR,3516,KABUPATEN MOJOKERTO,2022-12,2022,KEDELAI,0.0,HA
1361,4083,35,JAWA TIMUR,3516,KABUPATEN MOJOKERTO,2022-12,2022,PADI,0.0,HA
1362,4084,35,JAWA TIMUR,3517,KABUPATEN JOMBANG,2022-12,2022,JAGUNG,0.0,HA
1362,4085,35,JAWA TIMUR,3517,KABUPATEN JOMBANG,2022-12,2022,KEDELAI,0.0,HA
1362,4086,35,JAWA TIMUR,3517,KABUPATEN JOMBANG,2022-12,2022,PADI,0.0,HA
1363,4087,35,JAWA TIMUR,3518,KABUPATEN NGANJUK,2022-12,2022,JAGUNG,0.0,HA
1363,4088,35,JAWA TIMUR,3518,KABUPATEN NGANJUK,2022-12,2022,KEDELAI,0.0,HA
1363,4089,35,JAWA TIMUR,3518,KABUPATEN NGANJUK,2022-12,2022,PADI,0.0,HA
1364,4090,35,JAWA TIMUR,3519,KABUPATEN MADIUN,2022-12,2022,JAGUNG,0.0,HA
1364,4091,35,JAWA TIMUR,3519,KABUPATEN MADIUN,2022-12,2022,KEDELAI,0.0,HA
1364,4092,35,JAWA TIMUR,3519,KABUPATEN MADIUN,2022-12,2022,PADI,0.0,HA
1365,4093,35,JAWA TIMUR,3520,KABUPATEN MAGETAN,2022-12,2022,JAGUNG,0.0,HA
1365,4094,35,JAWA TIMUR,3520,KABUPATEN MAGETAN,2022-12,2022,KEDELAI,0.0,HA
1365,4095,35,JAWA TIMUR,3520,KABUPATEN MAGETAN,2022-12,2022,PADI,0.0,HA
1366,4096,35,JAWA TIMUR,3521,KABUPATEN NGAWI,2022-12,2022,JAGUNG,0.0,HA
1366,4097,35,JAWA TIMUR,3521,KABUPATEN NGAWI,2022-12,2022,KEDELAI,0.0,HA
1366,4098,35,JAWA TIMUR,3521,KABUPATEN NGAWI,2022-12,2022,PADI,0.0,HA
1367,4099,35,JAWA TIMUR,3522,KABUPATEN BOJONEGORO,2022-12,2022,JAGUNG,0.0,HA
1367,4100,35,JAWA TIMUR,3522,KABUPATEN BOJONEGORO,2022-12,2022,KEDELAI,0.0,HA
1367,4101,35,JAWA TIMUR,3522,KABUPATEN BOJONEGORO,2022-12,2022,PADI,0.0,HA
1368,4102,35,JAWA TIMUR,3523,KABUPATEN TUBAN,2022-12,2022,JAGUNG,0.0,HA
1368,4103,35,JAWA TIMUR,3523,KABUPATEN TUBAN,2022-12,2022,KEDELAI,0.0,HA
1368,4104,35,JAWA TIMUR,3523,KABUPATEN TUBAN,2022-12,2022,PADI,0.0,HA
1369,4105,35,JAWA TIMUR,3524,KABUPATEN LAMONGAN,2022-12,2022,JAGUNG,5.8,HA
1369,4106,35,JAWA TIMUR,3524,KABUPATEN LAMONGAN,2022-12,2022,KEDELAI,0.0,HA
1369,4107,35,JAWA TIMUR,3524,KABUPATEN LAMONGAN,2022-12,2022,PADI,7.6,HA
1370,4108,35,JAWA TIMUR,3525,KABUPATEN GRESIK,2022-12,2022,JAGUNG,0.0,HA
1370,4109,35,JAWA TIMUR,3525,KABUPATEN GRESIK,2022-12,2022,KEDELAI,0.0,HA
1370,4110,35,JAWA TIMUR,3525,KABUPATEN GRESIK,2022-12,2022,PADI,0.0,HA
1371,4111,35,JAWA TIMUR,3526,KABUPATEN BANGKALAN,2022-12,2022,JAGUNG,0.0,HA
1371,4112,35,JAWA TIMUR,3526,KABUPATEN BANGKALAN,2022-12,2022,KEDELAI,0.0,HA
1371,4113,35,JAWA TIMUR,3526,KABUPATEN BANGKALAN,2022-12,2022,PADI,0.0,HA
1372,4114,35,JAWA TIMUR,3527,KABUPATEN SAMPANG,2022-12,2022,JAGUNG,0.0,HA
1372,4115,35,JAWA TIMUR,3527,KABUPATEN SAMPANG,2022-12,2022,KEDELAI,0.0,HA
1372,4116,35,JAWA TIMUR,3527,KABUPATEN SAMPANG,2022-12,2022,PADI,0.0,HA
1373,4117,35,JAWA TIMUR,3528,KABUPATEN PAMEKASAN,2022-12,2022,JAGUNG,0.0,HA
1373,4118,35,JAWA TIMUR,3528,KABUPATEN PAMEKASAN,2022-12,2022,KEDELAI,0.0,HA
1373,4119,35,JAWA TIMUR,3528,KABUPATEN PAMEKASAN,2022-12,2022,PADI,0.0,HA
1374,4120,35,JAWA TIMUR,3529,KABUPATEN SUMENEP,2022-12,2022,JAGUNG,0.0,HA
1374,4121,35,JAWA TIMUR,3529,KABUPATEN SUMENEP,2022-12,2022,KEDELAI,0.0,HA
1374,4122,35,JAWA TIMUR,3529,KABUPATEN SUMENEP,2022-12,2022,PADI,0.0,HA
1375,4123,35,JAWA TIMUR,3571,KOTA KEDIRI,2022-12,2022,JAGUNG,0.0,HA
1375,4124,35,JAWA TIMUR,3571,KOTA KEDIRI,2022-12,2022,KEDELAI,0.0,HA
1375,4125,35,JAWA TIMUR,3571,KOTA KEDIRI,2022-12,2022,PADI,0.0,HA
1380,4138,35,JAWA TIMUR,3572,KOTA BLITAR,2022-12,2022,JAGUNG,0.0,HA
1380,4139,35,JAWA TIMUR,3572,KOTA BLITAR,2022-12,2022,KEDELAI,0.0,HA
1380,4140,35,JAWA TIMUR,3572,KOTA BLITAR,2022-12,2022,PADI,0.0,HA
1381,4141,35,JAWA TIMUR,3573,KOTA MALANG,2022-12,2022,JAGUNG,0.0,HA
1381,4142,35,JAWA TIMUR,3573,KOTA MALANG,2022-12,2022,KEDELAI,0.0,HA
1381,4143,35,JAWA TIMUR,3573,KOTA MALANG,2022-12,2022,PADI,0.0,HA
1376,4126,35,JAWA TIMUR,3574,KOTA PROBOLINGGO,2022-12,2022,JAGUNG,0.0,HA
1376,4127,35,JAWA TIMUR,3574,KOTA PROBOLINGGO,2022-12,2022,KEDELAI,0.0,HA
1376,4128,35,JAWA TIMUR,3574,KOTA PROBOLINGGO,2022-12,2022,PADI,0.0,HA
1377,4129,35,JAWA TIMUR,3575,KOTA PASURUAN,2022-12,2022,JAGUNG,0.0,HA
1377,4130,35,JAWA TIMUR,3575,KOTA PASURUAN,2022-12,2022,KEDELAI,0.0,HA
1377,4131,35,JAWA TIMUR,3575,KOTA PASURUAN,2022-12,2022,PADI,0.0,HA
1382,4144,35,JAWA TIMUR,3576,KOTA MOJOKERTO,2022-12,2022,JAGUNG,0.0,HA
1382,4145,35,JAWA TIMUR,3576,KOTA MOJOKERTO,2022-12,2022,KEDELAI,0.0,HA
1382,4146,35,JAWA TIMUR,3576,KOTA MOJOKERTO,2022-12,2022,PADI,0.0,HA
1378,4132,35,JAWA TIMUR,3577,KOTA MADIUN,2022-12,2022,JAGUNG,0.0,HA
1378,4133,35,JAWA TIMUR,3577,KOTA MADIUN,2022-12,2022,KEDELAI,0.0,HA
1378,4134,35,JAWA TIMUR,3577,KOTA MADIUN,2022-12,2022,PADI,0.0,HA
1383,4147,35,JAWA TIMUR,3578,KOTA SURABAYA,2022-12,2022,JAGUNG,0.0,HA
1383,4148,35,JAWA TIMUR,3578,KOTA SURABAYA,2022-12,2022,KEDELAI,0.0,HA
1383,4149,35,JAWA TIMUR,3578,KOTA SURABAYA,2022-12,2022,PADI,0.0,HA
1379,4135,35,JAWA TIMUR,3579,KOTA BATU,2022-12,2022,JAGUNG,0.0,HA
1379,4136,35,JAWA TIMUR,3579,KOTA BATU,2022-12,2022,KEDELAI,0.0,HA
1379,4137,35,JAWA TIMUR,3579,KOTA BATU,2022-12,2022,PADI,0.0,HA
1385,4153,35,JAWA TIMUR,3501,KABUPATEN PACITAN,2023-01,2023,JAGUNG,0.0,HA
1385,4154,35,JAWA TIMUR,3501,KABUPATEN PACITAN,2023-01,2023,KEDELAI,0.0,HA
1385,4155,35,JAWA TIMUR,3501,KABUPATEN PACITAN,2023-01,2023,PADI,0.0,HA
1386,4156,35,JAWA TIMUR,3502,KABUPATEN PONOROGO,2023-01,2023,JAGUNG,0.0,HA
1386,4157,35,JAWA TIMUR,3502,KABUPATEN PONOROGO,2023-01,2023,KEDELAI,0.0,HA
1386,4158,35,JAWA TIMUR,3502,KABUPATEN PONOROGO,2023-01,2023,PADI,0.0,HA
1387,4159,35,JAWA TIMUR,3503,KABUPATEN TRENGGALEK,2023-01,2023,JAGUNG,0.0,HA
1387,4160,35,JAWA TIMUR,3503,KABUPATEN TRENGGALEK,2023-01,2023,KEDELAI,0.0,HA
1387,4161,35,JAWA TIMUR,3503,KABUPATEN TRENGGALEK,2023-01,2023,PADI,0.0,HA
1388,4162,35,JAWA TIMUR,3504,KABUPATEN TULUNGAGUNG,2023-01,2023,JAGUNG,0.0,HA
1388,4163,35,JAWA TIMUR,3504,KABUPATEN TULUNGAGUNG,2023-01,2023,KEDELAI,0.0,HA
1388,4164,35,JAWA TIMUR,3504,KABUPATEN TULUNGAGUNG,2023-01,2023,PADI,0.0,HA
1389,4165,35,JAWA TIMUR,3505,KABUPATEN BLITAR,2023-01,2023,JAGUNG,0.0,HA
1389,4166,35,JAWA TIMUR,3505,KABUPATEN BLITAR,2023-01,2023,KEDELAI,0.0,HA
1389,4167,35,JAWA TIMUR,3505,KABUPATEN BLITAR,2023-01,2023,PADI,0.0,HA
1390,4168,35,JAWA TIMUR,3506,KABUPATEN KEDIRI,2023-01,2023,JAGUNG,0.0,HA
1390,4169,35,JAWA TIMUR,3506,KABUPATEN KEDIRI,2023-01,2023,KEDELAI,0.0,HA
1390,4170,35,JAWA TIMUR,3506,KABUPATEN KEDIRI,2023-01,2023,PADI,0.0,HA
1391,4171,35,JAWA TIMUR,3507,KABUPATEN MALANG,2023-01,2023,JAGUNG,0.0,HA
1391,4172,35,JAWA TIMUR,3507,KABUPATEN MALANG,2023-01,2023,KEDELAI,0.0,HA
1391,4173,35,JAWA TIMUR,3507,KABUPATEN MALANG,2023-01,2023,PADI,0.0,HA
1392,4174,35,JAWA TIMUR,3508,KABUPATEN LUMAJANG,2023-01,2023,JAGUNG,0.0,HA
1392,4175,35,JAWA TIMUR,3508,KABUPATEN LUMAJANG,2023-01,2023,KEDELAI,0.0,HA
1392,4176,35,JAWA TIMUR,3508,KABUPATEN LUMAJANG,2023-01,2023,PADI,0.0,HA
1393,4177,35,JAWA TIMUR,3509,KABUPATEN JEMBER,2023-01,2023,JAGUNG,0.0,HA
1393,4178,35,JAWA TIMUR,3509,KABUPATEN JEMBER,2023-01,2023,KEDELAI,0.0,HA
1393,4179,35,JAWA TIMUR,3509,KABUPATEN JEMBER,2023-01,2023,PADI,0.0,HA
1394,4180,35,JAWA TIMUR,3510,KABUPATEN BANYUWANGI,2023-01,2023,JAGUNG,0.0,HA
1394,4181,35,JAWA TIMUR,3510,KABUPATEN BANYUWANGI,2023-01,2023,KEDELAI,0.0,HA
1394,4182,35,JAWA TIMUR,3510,KABUPATEN BANYUWANGI,2023-01,2023,PADI,0.0,HA
1395,4183,35,JAWA TIMUR,3511,KABUPATEN BONDOWOSO,2023-01,2023,JAGUNG,0.0,HA
1395,4184,35,JAWA TIMUR,3511,KABUPATEN BONDOWOSO,2023-01,2023,KEDELAI,0.0,HA
1395,4185,35,JAWA TIMUR,3511,KABUPATEN BONDOWOSO,2023-01,2023,PADI,0.0,HA
1396,4186,35,JAWA TIMUR,3512,KABUPATEN SITUBONDO,2023-01,2023,JAGUNG,0.0,HA
1396,4187,35,JAWA TIMUR,3512,KABUPATEN SITUBONDO,2023-01,2023,KEDELAI,0.0,HA
1396,4188,35,JAWA TIMUR,3512,KABUPATEN SITUBONDO,2023-01,2023,PADI,0.0,HA
1397,4189,35,JAWA TIMUR,3513,KABUPATEN PROBOLINGGO,2023-01,2023,JAGUNG,0.0,HA
1397,4190,35,JAWA TIMUR,3513,KABUPATEN PROBOLINGGO,2023-01,2023,KEDELAI,0.0,HA
1397,4191,35,JAWA TIMUR,3513,KABUPATEN PROBOLINGGO,2023-01,2023,PADI,0.0,HA
1398,4192,35,JAWA TIMUR,3514,KABUPATEN PASURUAN,2023-01,2023,JAGUNG,0.0,HA
1398,4193,35,JAWA TIMUR,3514,KABUPATEN PASURUAN,2023-01,2023,KEDELAI,0.0,HA
1398,4194,35,JAWA TIMUR,3514,KABUPATEN PASURUAN,2023-01,2023,PADI,0.0,HA
1399,4195,35,JAWA TIMUR,3515,KABUPATEN SIDOARJO,2023-01,2023,JAGUNG,0.0,HA
1399,4196,35,JAWA TIMUR,3515,KABUPATEN SIDOARJO,2023-01,2023,KEDELAI,0.0,HA
1399,4197,35,JAWA TIMUR,3515,KABUPATEN SIDOARJO,2023-01,2023,PADI,0.0,HA
1400,4198,35,JAWA TIMUR,3516,KABUPATEN MOJOKERTO,2023-01,2023,JAGUNG,0.0,HA
1400,4199,35,JAWA TIMUR,3516,KABUPATEN MOJOKERTO,2023-01,2023,KEDELAI,0.0,HA
1400,4200,35,JAWA TIMUR,3516,KABUPATEN MOJOKERTO,2023-01,2023,PADI,0.0,HA
1401,4201,35,JAWA TIMUR,3517,KABUPATEN JOMBANG,2023-01,2023,JAGUNG,0.0,HA
1401,4202,35,JAWA TIMUR,3517,KABUPATEN JOMBANG,2023-01,2023,KEDELAI,0.0,HA
1401,4203,35,JAWA TIMUR,3517,KABUPATEN JOMBANG,2023-01,2023,PADI,0.0,HA
1402,4204,35,JAWA TIMUR,3518,KABUPATEN NGANJUK,2023-01,2023,JAGUNG,0.0,HA
1402,4205,35,JAWA TIMUR,3518,KABUPATEN NGANJUK,2023-01,2023,KEDELAI,0.0,HA
1402,4206,35,JAWA TIMUR,3518,KABUPATEN NGANJUK,2023-01,2023,PADI,0.0,HA
1403,4207,35,JAWA TIMUR,3519,KABUPATEN MADIUN,2023-01,2023,JAGUNG,0.0,HA
1403,4208,35,JAWA TIMUR,3519,KABUPATEN MADIUN,2023-01,2023,KEDELAI,0.0,HA
1403,4209,35,JAWA TIMUR,3519,KABUPATEN MADIUN,2023-01,2023,PADI,0.0,HA
1404,4210,35,JAWA TIMUR,3520,KABUPATEN MAGETAN,2023-01,2023,JAGUNG,0.0,HA
1404,4211,35,JAWA TIMUR,3520,KABUPATEN MAGETAN,2023-01,2023,KEDELAI,0.0,HA
1404,4212,35,JAWA TIMUR,3520,KABUPATEN MAGETAN,2023-01,2023,PADI,0.0,HA
1405,4213,35,JAWA TIMUR,3521,KABUPATEN NGAWI,2023-01,2023,JAGUNG,0.0,HA
1405,4214,35,JAWA TIMUR,3521,KABUPATEN NGAWI,2023-01,2023,KEDELAI,0.0,HA
1405,4215,35,JAWA TIMUR,3521,KABUPATEN NGAWI,2023-01,2023,PADI,0.0,HA
1406,4216,35,JAWA TIMUR,3522,KABUPATEN BOJONEGORO,2023-01,2023,JAGUNG,0.0,HA
1406,4217,35,JAWA TIMUR,3522,KABUPATEN BOJONEGORO,2023-01,2023,KEDELAI,0.0,HA
1406,4218,35,JAWA TIMUR,3522,KABUPATEN BOJONEGORO,2023-01,2023,PADI,0.0,HA
1407,4219,35,JAWA TIMUR,3523,KABUPATEN TUBAN,2023-01,2023,JAGUNG,0.0,HA
1407,4220,35,JAWA TIMUR,3523,KABUPATEN TUBAN,2023-01,2023,KEDELAI,0.0,HA
1407,4221,35,JAWA TIMUR,3523,KABUPATEN TUBAN,2023-01,2023,PADI,0.0,HA
1408,4222,35,JAWA TIMUR,3524,KABUPATEN LAMONGAN,2023-01,2023,JAGUNG,0.0,HA
1408,4223,35,JAWA TIMUR,3524,KABUPATEN LAMONGAN,2023-01,2023,KEDELAI,0.0,HA
1408,4224,35,JAWA TIMUR,3524,KABUPATEN LAMONGAN,2023-01,2023,PADI,7.6,HA
1409,4225,35,JAWA TIMUR,3525,KABUPATEN GRESIK,2023-01,2023,JAGUNG,0.0,HA
1409,4226,35,JAWA TIMUR,3525,KABUPATEN GRESIK,2023-01,2023,KEDELAI,0.0,HA
1409,4227,35,JAWA TIMUR,3525,KABUPATEN GRESIK,2023-01,2023,PADI,0.0,HA
1410,4228,35,JAWA TIMUR,3526,KABUPATEN BANGKALAN,2023-01,2023,JAGUNG,0.0,HA
1410,4229,35,JAWA TIMUR,3526,KABUPATEN BANGKALAN,2023-01,2023,KEDELAI,0.0,HA
1410,4230,35,JAWA TIMUR,3526,KABUPATEN BANGKALAN,2023-01,2023,PADI,0.0,HA
1411,4231,35,JAWA TIMUR,3527,KABUPATEN SAMPANG,2023-01,2023,JAGUNG,0.0,HA
1411,4232,35,JAWA TIMUR,3527,KABUPATEN SAMPANG,2023-01,2023,KEDELAI,0.0,HA
1411,4233,35,JAWA TIMUR,3527,KABUPATEN SAMPANG,2023-01,2023,PADI,1.5,HA
1412,4234,35,JAWA TIMUR,3528,KABUPATEN PAMEKASAN,2023-01,2023,JAGUNG,0.0,HA
1412,4235,35,JAWA TIMUR,3528,KABUPATEN PAMEKASAN,2023-01,2023,KEDELAI,0.0,HA
1412,4236,35,JAWA TIMUR,3528,KABUPATEN PAMEKASAN,2023-01,2023,PADI,23.0,HA
1413,4237,35,JAWA TIMUR,3529,KABUPATEN SUMENEP,2023-01,2023,JAGUNG,0.0,HA
1413,4238,35,JAWA TIMUR,3529,KABUPATEN SUMENEP,2023-01,2023,KEDELAI,0.0,HA
1413,4239,35,JAWA TIMUR,3529,KABUPATEN SUMENEP,2023-01,2023,PADI,0.0,HA
1414,4240,35,JAWA TIMUR,3571,KOTA KEDIRI,2023-01,2023,JAGUNG,0.0,HA
1414,4241,35,JAWA TIMUR,3571,KOTA KEDIRI,2023-01,2023,KEDELAI,0.0,HA
1414,4242,35,JAWA TIMUR,3571,KOTA KEDIRI,2023-01,2023,PADI,0.0,HA
1419,4255,35,JAWA TIMUR,3572,KOTA BLITAR,2023-01,2023,JAGUNG,0.0,HA
1419,4256,35,JAWA TIMUR,3572,KOTA BLITAR,2023-01,2023,KEDELAI,0.0,HA
1419,4257,35,JAWA TIMUR,3572,KOTA BLITAR,2023-01,2023,PADI,0.0,HA
1420,4258,35,JAWA TIMUR,3573,KOTA MALANG,2023-01,2023,JAGUNG,0.0,HA
1420,4259,35,JAWA TIMUR,3573,KOTA MALANG,2023-01,2023,KEDELAI,0.0,HA
1420,4260,35,JAWA TIMUR,3573,KOTA MALANG,2023-01,2023,PADI,0.0,HA
1415,4243,35,JAWA TIMUR,3574,KOTA PROBOLINGGO,2023-01,2023,JAGUNG,0.0,HA
1415,4244,35,JAWA TIMUR,3574,KOTA PROBOLINGGO,2023-01,2023,KEDELAI,0.0,HA
1415,4245,35,JAWA TIMUR,3574,KOTA PROBOLINGGO,2023-01,2023,PADI,0.0,HA
1416,4246,35,JAWA TIMUR,3575,KOTA PASURUAN,2023-01,2023,JAGUNG,0.0,HA
1416,4247,35,JAWA TIMUR,3575,KOTA PASURUAN,2023-01,2023,KEDELAI,0.0,HA
1416,4248,35,JAWA TIMUR,3575,KOTA PASURUAN,2023-01,2023,PADI,0.0,HA
1421,4261,35,JAWA TIMUR,3576,KOTA MOJOKERTO,2023-01,2023,JAGUNG,0.0,HA
1421,4262,35,JAWA TIMUR,3576,KOTA MOJOKERTO,2023-01,2023,KEDELAI,0.0,HA
1421,4263,35,JAWA TIMUR,3576,KOTA MOJOKERTO,2023-01,2023,PADI,0.0,HA
1417,4249,35,JAWA TIMUR,3577,KOTA MADIUN,2023-01,2023,JAGUNG,0.0,HA
1417,4250,35,JAWA TIMUR,3577,KOTA MADIUN,2023-01,2023,KEDELAI,0.0,HA
1417,4251,35,JAWA TIMUR,3577,KOTA MADIUN,2023-01,2023,PADI,0.0,HA
1422,4264,35,JAWA TIMUR,3578,KOTA SURABAYA,2023-01,2023,JAGUNG,0.0,HA
1422,4265,35,JAWA TIMUR,3578,KOTA SURABAYA,2023-01,2023,KEDELAI,0.0,HA
1422,4266,35,JAWA TIMUR,3578,KOTA SURABAYA,2023-01,2023,PADI,0.0,HA
1418,4252,35,JAWA TIMUR,3579,KOTA BATU,2023-01,2023,JAGUNG,0.0,HA
1418,4253,35,JAWA TIMUR,3579,KOTA BATU,2023-01,2023,KEDELAI,0.0,HA
1418,4254,35,JAWA TIMUR,3579,KOTA BATU,2023-01,2023,PADI,0.0,HA
1424,4270,35,JAWA TIMUR,3501,KABUPATEN PACITAN,2023-02,2023,JAGUNG,0.0,HA
1424,4271,35,JAWA TIMUR,3501,KABUPATEN PACITAN,2023-02,2023,KEDELAI,0.0,HA
1424,4272,35,JAWA TIMUR,3501,KABUPATEN PACITAN,2023-02,2023,PADI,0.0,HA
1425,4273,35,JAWA TIMUR,3502,KABUPATEN PONOROGO,2023-02,2023,JAGUNG,0.0,HA
1425,4274,35,JAWA TIMUR,3502,KABUPATEN PONOROGO,2023-02,2023,KEDELAI,0.0,HA
1425,4275,35,JAWA TIMUR,3502,KABUPATEN PONOROGO,2023-02,2023,PADI,0.0,HA
1426,4276,35,JAWA TIMUR,3503,KABUPATEN TRENGGALEK,2023-02,2023,JAGUNG,0.0,HA
1426,4277,35,JAWA TIMUR,3503,KABUPATEN TRENGGALEK,2023-02,2023,KEDELAI,0.0,HA
1426,4278,35,JAWA TIMUR,3503,KABUPATEN TRENGGALEK,2023-02,2023,PADI,0.0,HA
1427,4279,35,JAWA TIMUR,3504,KABUPATEN TULUNGAGUNG,2023-02,2023,JAGUNG,0.0,HA
1427,4280,35,JAWA TIMUR,3504,KABUPATEN TULUNGAGUNG,2023-02,2023,KEDELAI,0.0,HA
1427,4281,35,JAWA TIMUR,3504,KABUPATEN TULUNGAGUNG,2023-02,2023,PADI,0.0,HA
1428,4282,35,JAWA TIMUR,3505,KABUPATEN BLITAR,2023-02,2023,JAGUNG,0.0,HA
1428,4283,35,JAWA TIMUR,3505,KABUPATEN BLITAR,2023-02,2023,KEDELAI,0.0,HA
1428,4284,35,JAWA TIMUR,3505,KABUPATEN BLITAR,2023-02,2023,PADI,0.0,HA
1429,4285,35,JAWA TIMUR,3506,KABUPATEN KEDIRI,2023-02,2023,JAGUNG,0.0,HA
1429,4286,35,JAWA TIMUR,3506,KABUPATEN KEDIRI,2023-02,2023,KEDELAI,0.0,HA
1429,4287,35,JAWA TIMUR,3506,KABUPATEN KEDIRI,2023-02,2023,PADI,0.0,HA
1430,4288,35,JAWA TIMUR,3507,KABUPATEN MALANG,2023-02,2023,JAGUNG,0.0,HA
1430,4289,35,JAWA TIMUR,3507,KABUPATEN MALANG,2023-02,2023,KEDELAI,0.0,HA
1430,4290,35,JAWA TIMUR,3507,KABUPATEN MALANG,2023-02,2023,PADI,0.0,HA
1431,4291,35,JAWA TIMUR,3508,KABUPATEN LUMAJANG,2023-02,2023,JAGUNG,0.0,HA
1431,4292,35,JAWA TIMUR,3508,KABUPATEN LUMAJANG,2023-02,2023,KEDELAI,0.0,HA
1431,4293,35,JAWA TIMUR,3508,KABUPATEN LUMAJANG,2023-02,2023,PADI,0.0,HA
1432,4294,35,JAWA TIMUR,3509,KABUPATEN JEMBER,2023-02,2023,JAGUNG,0.0,HA
1432,4295,35,JAWA TIMUR,3509,KABUPATEN JEMBER,2023-02,2023,KEDELAI,0.0,HA
1432,4296,35,JAWA TIMUR,3509,KABUPATEN JEMBER,2023-02,2023,PADI,0.0,HA
1433,4297,35,JAWA TIMUR,3510,KABUPATEN BANYUWANGI,2023-02,2023,JAGUNG,0.0,HA
1433,4298,35,JAWA TIMUR,3510,KABUPATEN BANYUWANGI,2023-02,2023,KEDELAI,0.0,HA
1433,4299,35,JAWA TIMUR,3510,KABUPATEN BANYUWANGI,2023-02,2023,PADI,0.0,HA
1434,4300,35,JAWA TIMUR,3511,KABUPATEN BONDOWOSO,2023-02,2023,JAGUNG,0.0,HA
1434,4301,35,JAWA TIMUR,3511,KABUPATEN BONDOWOSO,2023-02,2023,KEDELAI,0.0,HA
1434,4302,35,JAWA TIMUR,3511,KABUPATEN BONDOWOSO,2023-02,2023,PADI,0.0,HA
1435,4303,35,JAWA TIMUR,3512,KABUPATEN SITUBONDO,2023-02,2023,JAGUNG,0.0,HA
1435,4304,35,JAWA TIMUR,3512,KABUPATEN SITUBONDO,2023-02,2023,KEDELAI,0.0,HA
1435,4305,35,JAWA TIMUR,3512,KABUPATEN SITUBONDO,2023-02,2023,PADI,0.0,HA
1436,4306,35,JAWA TIMUR,3513,KABUPATEN PROBOLINGGO,2023-02,2023,JAGUNG,0.0,HA
1436,4307,35,JAWA TIMUR,3513,KABUPATEN PROBOLINGGO,2023-02,2023,KEDELAI,0.0,HA
1436,4308,35,JAWA TIMUR,3513,KABUPATEN PROBOLINGGO,2023-02,2023,PADI,0.0,HA
1437,4309,35,JAWA TIMUR,3514,KABUPATEN PASURUAN,2023-02,2023,JAGUNG,0.0,HA
1437,4310,35,JAWA TIMUR,3514,KABUPATEN PASURUAN,2023-02,2023,KEDELAI,0.0,HA
1437,4311,35,JAWA TIMUR,3514,KABUPATEN PASURUAN,2023-02,2023,PADI,0.0,HA
1438,4312,35,JAWA TIMUR,3515,KABUPATEN SIDOARJO,2023-02,2023,JAGUNG,0.0,HA
1438,4313,35,JAWA TIMUR,3515,KABUPATEN SIDOARJO,2023-02,2023,KEDELAI,0.0,HA
1438,4314,35,JAWA TIMUR,3515,KABUPATEN SIDOARJO,2023-02,2023,PADI,0.0,HA
1439,4315,35,JAWA TIMUR,3516,KABUPATEN MOJOKERTO,2023-02,2023,JAGUNG,0.0,HA
1439,4316,35,JAWA TIMUR,3516,KABUPATEN MOJOKERTO,2023-02,2023,KEDELAI,0.0,HA
1439,4317,35,JAWA TIMUR,3516,KABUPATEN MOJOKERTO,2023-02,2023,PADI,0.0,HA
1440,4318,35,JAWA TIMUR,3517,KABUPATEN JOMBANG,2023-02,2023,JAGUNG,0.0,HA
1440,4319,35,JAWA TIMUR,3517,KABUPATEN JOMBANG,2023-02,2023,KEDELAI,0.0,HA
1440,4320,35,JAWA TIMUR,3517,KABUPATEN JOMBANG,2023-02,2023,PADI,0.0,HA
1441,4321,35,JAWA TIMUR,3518,KABUPATEN NGANJUK,2023-02,2023,JAGUNG,0.0,HA
1441,4322,35,JAWA TIMUR,3518,KABUPATEN NGANJUK,2023-02,2023,KEDELAI,0.0,HA
1441,4323,35,JAWA TIMUR,3518,KABUPATEN NGANJUK,2023-02,2023,PADI,0.0,HA
1442,4324,35,JAWA TIMUR,3519,KABUPATEN MADIUN,2023-02,2023,JAGUNG,0.0,HA
1442,4325,35,JAWA TIMUR,3519,KABUPATEN MADIUN,2023-02,2023,KEDELAI,0.0,HA
1442,4326,35,JAWA TIMUR,3519,KABUPATEN MADIUN,2023-02,2023,PADI,0.0,HA
1443,4327,35,JAWA TIMUR,3520,KABUPATEN MAGETAN,2023-02,2023,JAGUNG,0.0,HA
1443,4328,35,JAWA TIMUR,3520,KABUPATEN MAGETAN,2023-02,2023,KEDELAI,0.0,HA
1443,4329,35,JAWA TIMUR,3520,KABUPATEN MAGETAN,2023-02,2023,PADI,0.0,HA
1444,4330,35,JAWA TIMUR,3521,KABUPATEN NGAWI,2023-02,2023,JAGUNG,0.0,HA
1444,4331,35,JAWA TIMUR,3521,KABUPATEN NGAWI,2023-02,2023,KEDELAI,0.0,HA
1444,4332,35,JAWA TIMUR,3521,KABUPATEN NGAWI,2023-02,2023,PADI,0.0,HA
1445,4333,35,JAWA TIMUR,3522,KABUPATEN BOJONEGORO,2023-02,2023,JAGUNG,0.0,HA
1445,4334,35,JAWA TIMUR,3522,KABUPATEN BOJONEGORO,2023-02,2023,KEDELAI,0.0,HA
1445,4335,35,JAWA TIMUR,3522,KABUPATEN BOJONEGORO,2023-02,2023,PADI,0.0,HA
1446,4336,35,JAWA TIMUR,3523,KABUPATEN TUBAN,2023-02,2023,JAGUNG,0.0,HA
1446,4337,35,JAWA TIMUR,3523,KABUPATEN TUBAN,2023-02,2023,KEDELAI,0.0,HA
1446,4338,35,JAWA TIMUR,3523,KABUPATEN TUBAN,2023-02,2023,PADI,0.0,HA
1447,4339,35,JAWA TIMUR,3524,KABUPATEN LAMONGAN,2023-02,2023,JAGUNG,0.0,HA
1447,4340,35,JAWA TIMUR,3524,KABUPATEN LAMONGAN,2023-02,2023,KEDELAI,0.0,HA
1447,4341,35,JAWA TIMUR,3524,KABUPATEN LAMONGAN,2023-02,2023,PADI,0.0,HA
1448,4342,35,JAWA TIMUR,3525,KABUPATEN GRESIK,2023-02,2023,JAGUNG,0.0,HA
1448,4343,35,JAWA TIMUR,3525,KABUPATEN GRESIK,2023-02,2023,KEDELAI,0.0,HA
1448,4344,35,JAWA TIMUR,3525,KABUPATEN GRESIK,2023-02,2023,PADI,0.0,HA
1449,4345,35,JAWA TIMUR,3526,KABUPATEN BANGKALAN,2023-02,2023,JAGUNG,0.0,HA
1449,4346,35,JAWA TIMUR,3526,KABUPATEN BANGKALAN,2023-02,2023,KEDELAI,0.0,HA
1449,4347,35,JAWA TIMUR,3526,KABUPATEN BANGKALAN,2023-02,2023,PADI,0.0,HA
1450,4348,35,JAWA TIMUR,3527,KABUPATEN SAMPANG,2023-02,2023,JAGUNG,0.0,HA
1450,4349,35,JAWA TIMUR,3527,KABUPATEN SAMPANG,2023-02,2023,KEDELAI,0.0,HA
1450,4350,35,JAWA TIMUR,3527,KABUPATEN SAMPANG,2023-02,2023,PADI,0.0,HA
1451,4351,35,JAWA TIMUR,3528,KABUPATEN PAMEKASAN,2023-02,2023,JAGUNG,0.0,HA
1451,4352,35,JAWA TIMUR,3528,KABUPATEN PAMEKASAN,2023-02,2023,KEDELAI,0.0,HA
1451,4353,35,JAWA TIMUR,3528,KABUPATEN PAMEKASAN,2023-02,2023,PADI,0.0,HA
1452,4354,35,JAWA TIMUR,3529,KABUPATEN SUMENEP,2023-02,2023,JAGUNG,0.0,HA
1452,4355,35,JAWA TIMUR,3529,KABUPATEN SUMENEP,2023-02,2023,KEDELAI,0.0,HA
1452,4356,35,JAWA TIMUR,3529,KABUPATEN SUMENEP,2023-02,2023,PADI,0.0,HA
1453,4357,35,JAWA TIMUR,3571,KOTA KEDIRI,2023-02,2023,JAGUNG,0.0,HA
1453,4358,35,JAWA TIMUR,3571,KOTA KEDIRI,2023-02,2023,KEDELAI,0.0,HA
1453,4359,35,JAWA TIMUR,3571,KOTA KEDIRI,2023-02,2023,PADI,0.0,HA
1458,4372,35,JAWA TIMUR,3572,KOTA BLITAR,2023-02,2023,JAGUNG,0.0,HA
1458,4373,35,JAWA TIMUR,3572,KOTA BLITAR,2023-02,2023,KEDELAI,0.0,HA
1458,4374,35,JAWA TIMUR,3572,KOTA BLITAR,2023-02,2023,PADI,0.0,HA
1459,4375,35,JAWA TIMUR,3573,KOTA MALANG,2023-02,2023,JAGUNG,0.0,HA
1459,4376,35,JAWA TIMUR,3573,KOTA MALANG,2023-02,2023,KEDELAI,0.0,HA
1459,4377,35,JAWA TIMUR,3573,KOTA MALANG,2023-02,2023,PADI,0.0,HA
1454,4360,35,JAWA TIMUR,3574,KOTA PROBOLINGGO,2023-02,2023,JAGUNG,0.0,HA
1454,4361,35,JAWA TIMUR,3574,KOTA PROBOLINGGO,2023-02,2023,KEDELAI,0.0,HA
1454,4362,35,JAWA TIMUR,3574,KOTA PROBOLINGGO,2023-02,2023,PADI,0.0,HA
1455,4363,35,JAWA TIMUR,3575,KOTA PASURUAN,2023-02,2023,JAGUNG,0.0,HA
1455,4364,35,JAWA TIMUR,3575,KOTA PASURUAN,2023-02,2023,KEDELAI,0.0,HA
1455,4365,35,JAWA TIMUR,3575,KOTA PASURUAN,2023-02,2023,PADI,0.0,HA
1460,4378,35,JAWA TIMUR,3576,KOTA MOJOKERTO,2023-02,2023,JAGUNG,0.0,HA
1460,4379,35,JAWA TIMUR,3576,KOTA MOJOKERTO,2023-02,2023,KEDELAI,0.0,HA
1460,4380,35,JAWA TIMUR,3576,KOTA MOJOKERTO,2023-02,2023,PADI,0.0,HA
1456,4366,35,JAWA TIMUR,3577,KOTA MADIUN,2023-02,2023,JAGUNG,0.0,HA
1456,4367,35,JAWA TIMUR,3577,KOTA MADIUN,2023-02,2023,KEDELAI,0.0,HA
1456,4368,35,JAWA TIMUR,3577,KOTA MADIUN,2023-02,2023,PADI,0.0,HA
1461,4381,35,JAWA TIMUR,3578,KOTA SURABAYA,2023-02,2023,JAGUNG,0.0,HA
1461,4382,35,JAWA TIMUR,3578,KOTA SURABAYA,2023-02,2023,KEDELAI,0.0,HA
1461,4383,35,JAWA TIMUR,3578,KOTA SURABAYA,2023-02,2023,PADI,0.0,HA
1457,4369,35,JAWA TIMUR,3579,KOTA BATU,2023-02,2023,JAGUNG,0.0,HA
1457,4370,35,JAWA TIMUR,3579,KOTA BATU,2023-02,2023,KEDELAI,0.0,HA
1457,4371,35,JAWA TIMUR,3579,KOTA BATU,2023-02,2023,PADI,0.0,HA
1463,4387,35,JAWA TIMUR,3501,KABUPATEN PACITAN,2023-03,2023,JAGUNG,0.0,HA
1463,4388,35,JAWA TIMUR,3501,KABUPATEN PACITAN,2023-03,2023,KEDELAI,0.0,HA
1463,4389,35,JAWA TIMUR,3501,KABUPATEN PACITAN,2023-03,2023,PADI,0.0,HA
1464,4390,35,JAWA TIMUR,3502,KABUPATEN PONOROGO,2023-03,2023,JAGUNG,0.0,HA
1464,4391,35,JAWA TIMUR,3502,KABUPATEN PONOROGO,2023-03,2023,KEDELAI,0.0,HA
1464,4392,35,JAWA TIMUR,3502,KABUPATEN PONOROGO,2023-03,2023,PADI,0.0,HA
1465,4393,35,JAWA TIMUR,3503,KABUPATEN TRENGGALEK,2023-03,2023,JAGUNG,0.0,HA
1465,4394,35,JAWA TIMUR,3503,KABUPATEN TRENGGALEK,2023-03,2023,KEDELAI,0.0,HA
1465,4395,35,JAWA TIMUR,3503,KABUPATEN TRENGGALEK,2023-03,2023,PADI,0.0,HA
1466,4396,35,JAWA TIMUR,3504,KABUPATEN TULUNGAGUNG,2023-03,2023,JAGUNG,0.0,HA
1466,4397,35,JAWA TIMUR,3504,KABUPATEN TULUNGAGUNG,2023-03,2023,KEDELAI,0.0,HA
1466,4398,35,JAWA TIMUR,3504,KABUPATEN TULUNGAGUNG,2023-03,2023,PADI,0.0,HA
1467,4399,35,JAWA TIMUR,3505,KABUPATEN BLITAR,2023-03,2023,JAGUNG,0.0,HA
1467,4400,35,JAWA TIMUR,3505,KABUPATEN BLITAR,2023-03,2023,KEDELAI,0.0,HA
1467,4401,35,JAWA TIMUR,3505,KABUPATEN BLITAR,2023-03,2023,PADI,0.0,HA
1468,4402,35,JAWA TIMUR,3506,KABUPATEN KEDIRI,2023-03,2023,JAGUNG,0.0,HA
1468,4403,35,JAWA TIMUR,3506,KABUPATEN KEDIRI,2023-03,2023,KEDELAI,0.0,HA
1468,4404,35,JAWA TIMUR,3506,KABUPATEN KEDIRI,2023-03,2023,PADI,0.0,HA
1469,4405,35,JAWA TIMUR,3507,KABUPATEN MALANG,2023-03,2023,JAGUNG,0.0,HA
1469,4406,35,JAWA TIMUR,3507,KABUPATEN MALANG,2023-03,2023,KEDELAI,0.0,HA
1469,4407,35,JAWA TIMUR,3507,KABUPATEN MALANG,2023-03,2023,PADI,0.0,HA
1470,4408,35,JAWA TIMUR,3508,KABUPATEN LUMAJANG,2023-03,2023,JAGUNG,0.0,HA
1470,4409,35,JAWA TIMUR,3508,KABUPATEN LUMAJANG,2023-03,2023,KEDELAI,0.0,HA
1470,4410,35,JAWA TIMUR,3508,KABUPATEN LUMAJANG,2023-03,2023,PADI,0.0,HA
1471,4411,35,JAWA TIMUR,3509,KABUPATEN JEMBER,2023-03,2023,JAGUNG,0.0,HA
1471,4412,35,JAWA TIMUR,3509,KABUPATEN JEMBER,2023-03,2023,KEDELAI,0.0,HA
1471,4413,35,JAWA TIMUR,3509,KABUPATEN JEMBER,2023-03,2023,PADI,0.0,HA
1472,4414,35,JAWA TIMUR,3510,KABUPATEN BANYUWANGI,2023-03,2023,JAGUNG,0.0,HA
1472,4415,35,JAWA TIMUR,3510,KABUPATEN BANYUWANGI,2023-03,2023,KEDELAI,0.0,HA
1472,4416,35,JAWA TIMUR,3510,KABUPATEN BANYUWANGI,2023-03,2023,PADI,0.0,HA
1473,4417,35,JAWA TIMUR,3511,KABUPATEN BONDOWOSO,2023-03,2023,JAGUNG,0.0,HA
1473,4418,35,JAWA TIMUR,3511,KABUPATEN BONDOWOSO,2023-03,2023,KEDELAI,0.0,HA
1473,4419,35,JAWA TIMUR,3511,KABUPATEN BONDOWOSO,2023-03,2023,PADI,0.0,HA
1474,4420,35,JAWA TIMUR,3512,KABUPATEN SITUBONDO,2023-03,2023,JAGUNG,0.0,HA
1474,4421,35,JAWA TIMUR,3512,KABUPATEN SITUBONDO,2023-03,2023,KEDELAI,0.0,HA
1474,4422,35,JAWA TIMUR,3512,KABUPATEN SITUBONDO,2023-03,2023,PADI,0.0,HA
1475,4423,35,JAWA TIMUR,3513,KABUPATEN PROBOLINGGO,2023-03,2023,JAGUNG,0.0,HA
1475,4424,35,JAWA TIMUR,3513,KABUPATEN PROBOLINGGO,2023-03,2023,KEDELAI,0.0,HA
1475,4425,35,JAWA TIMUR,3513,KABUPATEN PROBOLINGGO,2023-03,2023,PADI,0.0,HA
1476,4426,35,JAWA TIMUR,3514,KABUPATEN PASURUAN,2023-03,2023,JAGUNG,0.0,HA
1476,4427,35,JAWA TIMUR,3514,KABUPATEN PASURUAN,2023-03,2023,KEDELAI,0.0,HA
1476,4428,35,JAWA TIMUR,3514,KABUPATEN PASURUAN,2023-03,2023,PADI,0.0,HA
1477,4429,35,JAWA TIMUR,3515,KABUPATEN SIDOARJO,2023-03,2023,JAGUNG,0.0,HA
1477,4430,35,JAWA TIMUR,3515,KABUPATEN SIDOARJO,2023-03,2023,KEDELAI,0.0,HA
1477,4431,35,JAWA TIMUR,3515,KABUPATEN SIDOARJO,2023-03,2023,PADI,0.0,HA
1478,4432,35,JAWA TIMUR,3516,KABUPATEN MOJOKERTO,2023-03,2023,JAGUNG,0.0,HA
1478,4433,35,JAWA TIMUR,3516,KABUPATEN MOJOKERTO,2023-03,2023,KEDELAI,0.0,HA
1478,4434,35,JAWA TIMUR,3516,KABUPATEN MOJOKERTO,2023-03,2023,PADI,0.0,HA
1479,4435,35,JAWA TIMUR,3517,KABUPATEN JOMBANG,2023-03,2023,JAGUNG,0.0,HA
1479,4436,35,JAWA TIMUR,3517,KABUPATEN JOMBANG,2023-03,2023,KEDELAI,0.0,HA
1479,4437,35,JAWA TIMUR,3517,KABUPATEN JOMBANG,2023-03,2023,PADI,0.0,HA
1480,4438,35,JAWA TIMUR,3518,KABUPATEN NGANJUK,2023-03,2023,JAGUNG,0.0,HA
1480,4439,35,JAWA TIMUR,3518,KABUPATEN NGANJUK,2023-03,2023,KEDELAI,0.0,HA
1480,4440,35,JAWA TIMUR,3518,KABUPATEN NGANJUK,2023-03,2023,PADI,0.0,HA
1481,4441,35,JAWA TIMUR,3519,KABUPATEN MADIUN,2023-03,2023,JAGUNG,0.0,HA
1481,4442,35,JAWA TIMUR,3519,KABUPATEN MADIUN,2023-03,2023,KEDELAI,0.0,HA
1481,4443,35,JAWA TIMUR,3519,KABUPATEN MADIUN,2023-03,2023,PADI,0.0,HA
1482,4444,35,JAWA TIMUR,3520,KABUPATEN MAGETAN,2023-03,2023,JAGUNG,0.0,HA
1482,4445,35,JAWA TIMUR,3520,KABUPATEN MAGETAN,2023-03,2023,KEDELAI,0.0,HA
1482,4446,35,JAWA TIMUR,3520,KABUPATEN MAGETAN,2023-03,2023,PADI,0.0,HA
1483,4447,35,JAWA TIMUR,3521,KABUPATEN NGAWI,2023-03,2023,JAGUNG,0.0,HA
1483,4448,35,JAWA TIMUR,3521,KABUPATEN NGAWI,2023-03,2023,KEDELAI,0.0,HA
1483,4449,35,JAWA TIMUR,3521,KABUPATEN NGAWI,2023-03,2023,PADI,0.0,HA
1484,4450,35,JAWA TIMUR,3522,KABUPATEN BOJONEGORO,2023-03,2023,JAGUNG,0.0,HA
1484,4451,35,JAWA TIMUR,3522,KABUPATEN BOJONEGORO,2023-03,2023,KEDELAI,0.0,HA
1484,4452,35,JAWA TIMUR,3522,KABUPATEN BOJONEGORO,2023-03,2023,PADI,0.0,HA
1485,4453,35,JAWA TIMUR,3523,KABUPATEN TUBAN,2023-03,2023,JAGUNG,0.0,HA
1485,4454,35,JAWA TIMUR,3523,KABUPATEN TUBAN,2023-03,2023,KEDELAI,0.0,HA
1485,4455,35,JAWA TIMUR,3523,KABUPATEN TUBAN,2023-03,2023,PADI,0.0,HA
1486,4456,35,JAWA TIMUR,3524,KABUPATEN LAMONGAN,2023-03,2023,JAGUNG,0.0,HA
1486,4457,35,JAWA TIMUR,3524,KABUPATEN LAMONGAN,2023-03,2023,KEDELAI,0.0,HA
1486,4458,35,JAWA TIMUR,3524,KABUPATEN LAMONGAN,2023-03,2023,PADI,0.0,HA
1487,4459,35,JAWA TIMUR,3525,KABUPATEN GRESIK,2023-03,2023,JAGUNG,0.0,HA
1487,4460,35,JAWA TIMUR,3525,KABUPATEN GRESIK,2023-03,2023,KEDELAI,0.0,HA
1487,4461,35,JAWA TIMUR,3525,KABUPATEN GRESIK,2023-03,2023,PADI,0.0,HA
1488,4462,35,JAWA TIMUR,3526,KABUPATEN BANGKALAN,2023-03,2023,JAGUNG,0.0,HA
1488,4463,35,JAWA TIMUR,3526,KABUPATEN BANGKALAN,2023-03,2023,KEDELAI,0.0,HA
1488,4464,35,JAWA TIMUR,3526,KABUPATEN BANGKALAN,2023-03,2023,PADI,0.0,HA
1489,4465,35,JAWA TIMUR,3527,KABUPATEN SAMPANG,2023-03,2023,JAGUNG,0.0,HA
1489,4466,35,JAWA TIMUR,3527,KABUPATEN SAMPANG,2023-03,2023,KEDELAI,0.0,HA
1489,4467,35,JAWA TIMUR,3527,KABUPATEN SAMPANG,2023-03,2023,PADI,0.0,HA
1490,4468,35,JAWA TIMUR,3528,KABUPATEN PAMEKASAN,2023-03,2023,JAGUNG,0.0,HA
1490,4469,35,JAWA TIMUR,3528,KABUPATEN PAMEKASAN,2023-03,2023,KEDELAI,0.0,HA
1490,4470,35,JAWA TIMUR,3528,KABUPATEN PAMEKASAN,2023-03,2023,PADI,0.0,HA
1491,4471,35,JAWA TIMUR,3529,KABUPATEN SUMENEP,2023-03,2023,JAGUNG,0.0,HA
1491,4472,35,JAWA TIMUR,3529,KABUPATEN SUMENEP,2023-03,2023,KEDELAI,0.0,HA
1491,4473,35,JAWA TIMUR,3529,KABUPATEN SUMENEP,2023-03,2023,PADI,0.0,HA
1492,4474,35,JAWA TIMUR,3571,KOTA KEDIRI,2023-03,2023,JAGUNG,0.0,HA
1492,4475,35,JAWA TIMUR,3571,KOTA KEDIRI,2023-03,2023,KEDELAI,0.0,HA
1492,4476,35,JAWA TIMUR,3571,KOTA KEDIRI,2023-03,2023,PADI,0.0,HA
1497,4489,35,JAWA TIMUR,3572,KOTA BLITAR,2023-03,2023,JAGUNG,0.0,HA
1497,4490,35,JAWA TIMUR,3572,KOTA BLITAR,2023-03,2023,KEDELAI,0.0,HA
1497,4491,35,JAWA TIMUR,3572,KOTA BLITAR,2023-03,2023,PADI,0.0,HA
1498,4492,35,JAWA TIMUR,3573,KOTA MALANG,2023-03,2023,JAGUNG,0.0,HA
1498,4493,35,JAWA TIMUR,3573,KOTA MALANG,2023-03,2023,KEDELAI,0.0,HA
1498,4494,35,JAWA TIMUR,3573,KOTA MALANG,2023-03,2023,PADI,0.0,HA
1493,4477,35,JAWA TIMUR,3574,KOTA PROBOLINGGO,2023-03,2023,JAGUNG,0.0,HA
1493,4478,35,JAWA TIMUR,3574,KOTA PROBOLINGGO,2023-03,2023,KEDELAI,0.0,HA
1493,4479,35,JAWA TIMUR,3574,KOTA PROBOLINGGO,2023-03,2023,PADI,0.0,HA
1494,4480,35,JAWA TIMUR,3575,KOTA PASURUAN,2023-03,2023,JAGUNG,0.0,HA
1494,4481,35,JAWA TIMUR,3575,KOTA PASURUAN,2023-03,2023,KEDELAI,0.0,HA
1494,4482,35,JAWA TIMUR,3575,KOTA PASURUAN,2023-03,2023,PADI,0.0,HA
1499,4495,35,JAWA TIMUR,3576,KOTA MOJOKERTO,2023-03,2023,JAGUNG,0.0,HA
1499,4496,35,JAWA TIMUR,3576,KOTA MOJOKERTO,2023-03,2023,KEDELAI,0.0,HA
1499,4497,35,JAWA TIMUR,3576,KOTA MOJOKERTO,2023-03,2023,PADI,0.0,HA
1495,4483,35,JAWA TIMUR,3577,KOTA MADIUN,2023-03,2023,JAGUNG,0.0,HA
1495,4484,35,JAWA TIMUR,3577,KOTA MADIUN,2023-03,2023,KEDELAI,0.0,HA
1495,4485,35,JAWA TIMUR,3577,KOTA MADIUN,2023-03,2023,PADI,0.0,HA
1500,4498,35,JAWA TIMUR,3578,KOTA SURABAYA,2023-03,2023,JAGUNG,0.0,HA
1500,4499,35,JAWA TIMUR,3578,KOTA SURABAYA,2023-03,2023,KEDELAI,0.0,HA
1500,4500,35,JAWA TIMUR,3578,KOTA SURABAYA,2023-03,2023,PADI,0.0,HA
1496,4486,35,JAWA TIMUR,3579,KOTA BATU,2023-03,2023,JAGUNG,0.0,HA
1496,4487,35,JAWA TIMUR,3579,KOTA BATU,2023-03,2023,KEDELAI,0.0,HA
1496,4488,35,JAWA TIMUR,3579,KOTA BATU,2023-03,2023,PADI,0.0,HA
1502,4504,35,JAWA TIMUR,3501,KABUPATEN PACITAN,2023-04,2023,JAGUNG,0.0,HA
1502,4505,35,JAWA TIMUR,3501,KABUPATEN PACITAN,2023-04,2023,KEDELAI,0.0,HA
1502,4506,35,JAWA TIMUR,3501,KABUPATEN PACITAN,2023-04,2023,PADI,0.0,HA
1503,4507,35,JAWA TIMUR,3502,KABUPATEN PONOROGO,2023-04,2023,JAGUNG,0.0,HA
1503,4508,35,JAWA TIMUR,3502,KABUPATEN PONOROGO,2023-04,2023,KEDELAI,0.0,HA
1503,4509,35,JAWA TIMUR,3502,KABUPATEN PONOROGO,2023-04,2023,PADI,0.0,HA
1504,4510,35,JAWA TIMUR,3503,KABUPATEN TRENGGALEK,2023-04,2023,JAGUNG,0.0,HA
1504,4511,35,JAWA TIMUR,3503,KABUPATEN TRENGGALEK,2023-04,2023,KEDELAI,0.0,HA
1504,4512,35,JAWA TIMUR,3503,KABUPATEN TRENGGALEK,2023-04,2023,PADI,0.0,HA
1505,4513,35,JAWA TIMUR,3504,KABUPATEN TULUNGAGUNG,2023-04,2023,JAGUNG,0.0,HA
1505,4514,35,JAWA TIMUR,3504,KABUPATEN TULUNGAGUNG,2023-04,2023,KEDELAI,0.0,HA
1505,4515,35,JAWA TIMUR,3504,KABUPATEN TULUNGAGUNG,2023-04,2023,PADI,0.0,HA
1506,4516,35,JAWA TIMUR,3505,KABUPATEN BLITAR,2023-04,2023,JAGUNG,0.0,HA
1506,4517,35,JAWA TIMUR,3505,KABUPATEN BLITAR,2023-04,2023,KEDELAI,0.0,HA
1506,4518,35,JAWA TIMUR,3505,KABUPATEN BLITAR,2023-04,2023,PADI,0.0,HA
1507,4519,35,JAWA TIMUR,3506,KABUPATEN KEDIRI,2023-04,2023,JAGUNG,0.0,HA
1507,4520,35,JAWA TIMUR,3506,KABUPATEN KEDIRI,2023-04,2023,KEDELAI,0.0,HA
1507,4521,35,JAWA TIMUR,3506,KABUPATEN KEDIRI,2023-04,2023,PADI,0.0,HA
1508,4522,35,JAWA TIMUR,3507,KABUPATEN MALANG,2023-04,2023,JAGUNG,0.0,HA
1508,4523,35,JAWA TIMUR,3507,KABUPATEN MALANG,2023-04,2023,KEDELAI,0.0,HA
1508,4524,35,JAWA TIMUR,3507,KABUPATEN MALANG,2023-04,2023,PADI,0.0,HA
1509,4525,35,JAWA TIMUR,3508,KABUPATEN LUMAJANG,2023-04,2023,JAGUNG,0.0,HA
1509,4526,35,JAWA TIMUR,3508,KABUPATEN LUMAJANG,2023-04,2023,KEDELAI,0.0,HA
1509,4527,35,JAWA TIMUR,3508,KABUPATEN LUMAJANG,2023-04,2023,PADI,0.0,HA
1510,4528,35,JAWA TIMUR,3509,KABUPATEN JEMBER,2023-04,2023,JAGUNG,0.0,HA
1510,4529,35,JAWA TIMUR,3509,KABUPATEN JEMBER,2023-04,2023,KEDELAI,0.0,HA
1510,4530,35,JAWA TIMUR,3509,KABUPATEN JEMBER,2023-04,2023,PADI,0.0,HA
1511,4531,35,JAWA TIMUR,3510,KABUPATEN BANYUWANGI,2023-04,2023,JAGUNG,0.0,HA
1511,4532,35,JAWA TIMUR,3510,KABUPATEN BANYUWANGI,2023-04,2023,KEDELAI,0.0,HA
1511,4533,35,JAWA TIMUR,3510,KABUPATEN BANYUWANGI,2023-04,2023,PADI,0.0,HA
1512,4534,35,JAWA TIMUR,3511,KABUPATEN BONDOWOSO,2023-04,2023,JAGUNG,0.0,HA
1512,4535,35,JAWA TIMUR,3511,KABUPATEN BONDOWOSO,2023-04,2023,KEDELAI,0.0,HA
1512,4536,35,JAWA TIMUR,3511,KABUPATEN BONDOWOSO,2023-04,2023,PADI,0.0,HA
1513,4537,35,JAWA TIMUR,3512,KABUPATEN SITUBONDO,2023-04,2023,JAGUNG,0.0,HA
1513,4538,35,JAWA TIMUR,3512,KABUPATEN SITUBONDO,2023-04,2023,KEDELAI,0.0,HA
1513,4539,35,JAWA TIMUR,3512,KABUPATEN SITUBONDO,2023-04,2023,PADI,0.0,HA
1514,4540,35,JAWA TIMUR,3513,KABUPATEN PROBOLINGGO,2023-04,2023,JAGUNG,0.0,HA
1514,4541,35,JAWA TIMUR,3513,KABUPATEN PROBOLINGGO,2023-04,2023,KEDELAI,0.0,HA
1514,4542,35,JAWA TIMUR,3513,KABUPATEN PROBOLINGGO,2023-04,2023,PADI,0.0,HA
1515,4543,35,JAWA TIMUR,3514,KABUPATEN PASURUAN,2023-04,2023,JAGUNG,0.0,HA
1515,4544,35,JAWA TIMUR,3514,KABUPATEN PASURUAN,2023-04,2023,KEDELAI,0.0,HA
1515,4545,35,JAWA TIMUR,3514,KABUPATEN PASURUAN,2023-04,2023,PADI,0.0,HA
1516,4546,35,JAWA TIMUR,3515,KABUPATEN SIDOARJO,2023-04,2023,JAGUNG,0.0,HA
1516,4547,35,JAWA TIMUR,3515,KABUPATEN SIDOARJO,2023-04,2023,KEDELAI,0.0,HA
1516,4548,35,JAWA TIMUR,3515,KABUPATEN SIDOARJO,2023-04,2023,PADI,0.0,HA
1517,4549,35,JAWA TIMUR,3516,KABUPATEN MOJOKERTO,2023-04,2023,JAGUNG,0.0,HA
1517,4550,35,JAWA TIMUR,3516,KABUPATEN MOJOKERTO,2023-04,2023,KEDELAI,0.0,HA
1517,4551,35,JAWA TIMUR,3516,KABUPATEN MOJOKERTO,2023-04,2023,PADI,0.0,HA
1518,4552,35,JAWA TIMUR,3517,KABUPATEN JOMBANG,2023-04,2023,JAGUNG,0.0,HA
1518,4553,35,JAWA TIMUR,3517,KABUPATEN JOMBANG,2023-04,2023,KEDELAI,0.0,HA
1518,4554,35,JAWA TIMUR,3517,KABUPATEN JOMBANG,2023-04,2023,PADI,0.0,HA
1519,4555,35,JAWA TIMUR,3518,KABUPATEN NGANJUK,2023-04,2023,JAGUNG,0.0,HA
1519,4556,35,JAWA TIMUR,3518,KABUPATEN NGANJUK,2023-04,2023,KEDELAI,0.0,HA
1519,4557,35,JAWA TIMUR,3518,KABUPATEN NGANJUK,2023-04,2023,PADI,0.0,HA
1520,4558,35,JAWA TIMUR,3519,KABUPATEN MADIUN,2023-04,2023,JAGUNG,0.0,HA
1520,4559,35,JAWA TIMUR,3519,KABUPATEN MADIUN,2023-04,2023,KEDELAI,0.0,HA
1520,4560,35,JAWA TIMUR,3519,KABUPATEN MADIUN,2023-04,2023,PADI,0.0,HA
1521,4561,35,JAWA TIMUR,3520,KABUPATEN MAGETAN,2023-04,2023,JAGUNG,0.0,HA
1521,4562,35,JAWA TIMUR,3520,KABUPATEN MAGETAN,2023-04,2023,KEDELAI,0.0,HA
1521,4563,35,JAWA TIMUR,3520,KABUPATEN MAGETAN,2023-04,2023,PADI,0.0,HA
1522,4564,35,JAWA TIMUR,3521,KABUPATEN NGAWI,2023-04,2023,JAGUNG,0.0,HA
1522,4565,35,JAWA TIMUR,3521,KABUPATEN NGAWI,2023-04,2023,KEDELAI,0.0,HA
1522,4566,35,JAWA TIMUR,3521,KABUPATEN NGAWI,2023-04,2023,PADI,0.0,HA
1523,4567,35,JAWA TIMUR,3522,KABUPATEN BOJONEGORO,2023-04,2023,JAGUNG,0.0,HA
1523,4568,35,JAWA TIMUR,3522,KABUPATEN BOJONEGORO,2023-04,2023,KEDELAI,0.0,HA
1523,4569,35,JAWA TIMUR,3522,KABUPATEN BOJONEGORO,2023-04,2023,PADI,0.0,HA
1524,4570,35,JAWA TIMUR,3523,KABUPATEN TUBAN,2023-04,2023,JAGUNG,0.0,HA
1524,4571,35,JAWA TIMUR,3523,KABUPATEN TUBAN,2023-04,2023,KEDELAI,0.0,HA
1524,4572,35,JAWA TIMUR,3523,KABUPATEN TUBAN,2023-04,2023,PADI,0.0,HA
1525,4573,35,JAWA TIMUR,3524,KABUPATEN LAMONGAN,2023-04,2023,JAGUNG,0.0,HA
1525,4574,35,JAWA TIMUR,3524,KABUPATEN LAMONGAN,2023-04,2023,KEDELAI,0.0,HA
1525,4575,35,JAWA TIMUR,3524,KABUPATEN LAMONGAN,2023-04,2023,PADI,0.0,HA
1526,4576,35,JAWA TIMUR,3525,KABUPATEN GRESIK,2023-04,2023,JAGUNG,0.0,HA
1526,4577,35,JAWA TIMUR,3525,KABUPATEN GRESIK,2023-04,2023,KEDELAI,0.0,HA
1526,4578,35,JAWA TIMUR,3525,KABUPATEN GRESIK,2023-04,2023,PADI,0.0,HA
1527,4579,35,JAWA TIMUR,3526,KABUPATEN BANGKALAN,2023-04,2023,JAGUNG,0.0,HA
1527,4580,35,JAWA TIMUR,3526,KABUPATEN BANGKALAN,2023-04,2023,KEDELAI,0.0,HA
1527,4581,35,JAWA TIMUR,3526,KABUPATEN BANGKALAN,2023-04,2023,PADI,0.0,HA
1528,4582,35,JAWA TIMUR,3527,KABUPATEN SAMPANG,2023-04,2023,JAGUNG,0.0,HA
1528,4583,35,JAWA TIMUR,3527,KABUPATEN SAMPANG,2023-04,2023,KEDELAI,0.0,HA
1528,4584,35,JAWA TIMUR,3527,KABUPATEN SAMPANG,2023-04,2023,PADI,0.0,HA
1529,4585,35,JAWA TIMUR,3528,KABUPATEN PAMEKASAN,2023-04,2023,JAGUNG,0.0,HA
1529,4586,35,JAWA TIMUR,3528,KABUPATEN PAMEKASAN,2023-04,2023,KEDELAI,0.0,HA
1529,4587,35,JAWA TIMUR,3528,KABUPATEN PAMEKASAN,2023-04,2023,PADI,0.0,HA
1530,4588,35,JAWA TIMUR,3529,KABUPATEN SUMENEP,2023-04,2023,JAGUNG,0.0,HA
1530,4589,35,JAWA TIMUR,3529,KABUPATEN SUMENEP,2023-04,2023,KEDELAI,0.0,HA
1530,4590,35,JAWA TIMUR,3529,KABUPATEN SUMENEP,2023-04,2023,PADI,0.0,HA
1531,4591,35,JAWA TIMUR,3571,KOTA KEDIRI,2023-04,2023,JAGUNG,0.0,HA
1531,4592,35,JAWA TIMUR,3571,KOTA KEDIRI,2023-04,2023,KEDELAI,0.0,HA
1531,4593,35,JAWA TIMUR,3571,KOTA KEDIRI,2023-04,2023,PADI,0.0,HA
1536,4606,35,JAWA TIMUR,3572,KOTA BLITAR,2023-04,2023,JAGUNG,0.0,HA
1536,4607,35,JAWA TIMUR,3572,KOTA BLITAR,2023-04,2023,KEDELAI,0.0,HA
1536,4608,35,JAWA TIMUR,3572,KOTA BLITAR,2023-04,2023,PADI,0.0,HA
1537,4609,35,JAWA TIMUR,3573,KOTA MALANG,2023-04,2023,JAGUNG,0.0,HA
1537,4610,35,JAWA TIMUR,3573,KOTA MALANG,2023-04,2023,KEDELAI,0.0,HA
1537,4611,35,JAWA TIMUR,3573,KOTA MALANG,2023-04,2023,PADI,0.0,HA
1532,4594,35,JAWA TIMUR,3574,KOTA PROBOLINGGO,2023-04,2023,JAGUNG,0.0,HA
1532,4595,35,JAWA TIMUR,3574,KOTA PROBOLINGGO,2023-04,2023,KEDELAI,0.0,HA
1532,4596,35,JAWA TIMUR,3574,KOTA PROBOLINGGO,2023-04,2023,PADI,0.0,HA
1533,4597,35,JAWA TIMUR,3575,KOTA PASURUAN,2023-04,2023,JAGUNG,0.0,HA
1533,4598,35,JAWA TIMUR,3575,KOTA PASURUAN,2023-04,2023,KEDELAI,0.0,HA
1533,4599,35,JAWA TIMUR,3575,KOTA PASURUAN,2023-04,2023,PADI,0.0,HA
1538,4612,35,JAWA TIMUR,3576,KOTA MOJOKERTO,2023-04,2023,JAGUNG,0.0,HA
1538,4613,35,JAWA TIMUR,3576,KOTA MOJOKERTO,2023-04,2023,KEDELAI,0.0,HA
1538,4614,35,JAWA TIMUR,3576,KOTA MOJOKERTO,2023-04,2023,PADI,0.0,HA
1534,4600,35,JAWA TIMUR,3577,KOTA MADIUN,2023-04,2023,JAGUNG,0.0,HA
1534,4601,35,JAWA TIMUR,3577,KOTA MADIUN,2023-04,2023,KEDELAI,0.0,HA
1534,4602,35,JAWA TIMUR,3577,KOTA MADIUN,2023-04,2023,PADI,0.0,HA
1539,4615,35,JAWA TIMUR,3578,KOTA SURABAYA,2023-04,2023,JAGUNG,0.0,HA
1539,4616,35,JAWA TIMUR,3578,KOTA SURABAYA,2023-04,2023,KEDELAI,0.0,HA
1539,4617,35,JAWA TIMUR,3578,KOTA SURABAYA,2023-04,2023,PADI,0.0,HA
1535,4603,35,JAWA TIMUR,3579,KOTA BATU,2023-04,2023,JAGUNG,0.0,HA
1535,4604,35,JAWA TIMUR,3579,KOTA BATU,2023-04,2023,KEDELAI,0.0,HA
1535,4605,35,JAWA TIMUR,3579,KOTA BATU,2023-04,2023,PADI,0.0,HA
1541,4621,35,JAWA TIMUR,3501,KABUPATEN PACITAN,2023-05,2023,JAGUNG,0.0,HA
1541,4622,35,JAWA TIMUR,3501,KABUPATEN PACITAN,2023-05,2023,KEDELAI,0.0,HA
1541,4623,35,JAWA TIMUR,3501,KABUPATEN PACITAN,2023-05,2023,PADI,0.0,HA
1542,4624,35,JAWA TIMUR,3502,KABUPATEN PONOROGO,2023-05,2023,JAGUNG,0.0,HA
1542,4625,35,JAWA TIMUR,3502,KABUPATEN PONOROGO,2023-05,2023,KEDELAI,0.0,HA
1542,4626,35,JAWA TIMUR,3502,KABUPATEN PONOROGO,2023-05,2023,PADI,0.0,HA
1543,4627,35,JAWA TIMUR,3503,KABUPATEN TRENGGALEK,2023-05,2023,JAGUNG,0.0,HA
1543,4628,35,JAWA TIMUR,3503,KABUPATEN TRENGGALEK,2023-05,2023,KEDELAI,0.0,HA
1543,4629,35,JAWA TIMUR,3503,KABUPATEN TRENGGALEK,2023-05,2023,PADI,0.0,HA
1544,4630,35,JAWA TIMUR,3504,KABUPATEN TULUNGAGUNG,2023-05,2023,JAGUNG,0.0,HA
1544,4631,35,JAWA TIMUR,3504,KABUPATEN TULUNGAGUNG,2023-05,2023,KEDELAI,0.0,HA
1544,4632,35,JAWA TIMUR,3504,KABUPATEN TULUNGAGUNG,2023-05,2023,PADI,0.0,HA
1545,4633,35,JAWA TIMUR,3505,KABUPATEN BLITAR,2023-05,2023,JAGUNG,0.0,HA
1545,4634,35,JAWA TIMUR,3505,KABUPATEN BLITAR,2023-05,2023,KEDELAI,0.0,HA
1545,4635,35,JAWA TIMUR,3505,KABUPATEN BLITAR,2023-05,2023,PADI,0.0,HA
1546,4636,35,JAWA TIMUR,3506,KABUPATEN KEDIRI,2023-05,2023,JAGUNG,0.0,HA
1546,4637,35,JAWA TIMUR,3506,KABUPATEN KEDIRI,2023-05,2023,KEDELAI,0.0,HA
1546,4638,35,JAWA TIMUR,3506,KABUPATEN KEDIRI,2023-05,2023,PADI,0.0,HA
1547,4639,35,JAWA TIMUR,3507,KABUPATEN MALANG,2023-05,2023,JAGUNG,0.0,HA
1547,4640,35,JAWA TIMUR,3507,KABUPATEN MALANG,2023-05,2023,KEDELAI,0.0,HA
1547,4641,35,JAWA TIMUR,3507,KABUPATEN MALANG,2023-05,2023,PADI,0.0,HA
1548,4642,35,JAWA TIMUR,3508,KABUPATEN LUMAJANG,2023-05,2023,JAGUNG,0.0,HA
1548,4643,35,JAWA TIMUR,3508,KABUPATEN LUMAJANG,2023-05,2023,KEDELAI,0.0,HA
1548,4644,35,JAWA TIMUR,3508,KABUPATEN LUMAJANG,2023-05,2023,PADI,0.0,HA
1549,4645,35,JAWA TIMUR,3509,KABUPATEN JEMBER,2023-05,2023,JAGUNG,0.0,HA
1549,4646,35,JAWA TIMUR,3509,KABUPATEN JEMBER,2023-05,2023,KEDELAI,0.0,HA
1549,4647,35,JAWA TIMUR,3509,KABUPATEN JEMBER,2023-05,2023,PADI,0.0,HA
1550,4648,35,JAWA TIMUR,3510,KABUPATEN BANYUWANGI,2023-05,2023,JAGUNG,0.0,HA
1550,4649,35,JAWA TIMUR,3510,KABUPATEN BANYUWANGI,2023-05,2023,KEDELAI,0.0,HA
1550,4650,35,JAWA TIMUR,3510,KABUPATEN BANYUWANGI,2023-05,2023,PADI,0.0,HA
1551,4651,35,JAWA TIMUR,3511,KABUPATEN BONDOWOSO,2023-05,2023,JAGUNG,0.0,HA
1551,4652,35,JAWA TIMUR,3511,KABUPATEN BONDOWOSO,2023-05,2023,KEDELAI,0.0,HA
1551,4653,35,JAWA TIMUR,3511,KABUPATEN BONDOWOSO,2023-05,2023,PADI,0.0,HA
1552,4654,35,JAWA TIMUR,3512,KABUPATEN SITUBONDO,2023-05,2023,JAGUNG,0.0,HA
1552,4655,35,JAWA TIMUR,3512,KABUPATEN SITUBONDO,2023-05,2023,KEDELAI,0.0,HA
1552,4656,35,JAWA TIMUR,3512,KABUPATEN SITUBONDO,2023-05,2023,PADI,0.0,HA
1553,4657,35,JAWA TIMUR,3513,KABUPATEN PROBOLINGGO,2023-05,2023,JAGUNG,0.0,HA
1553,4658,35,JAWA TIMUR,3513,KABUPATEN PROBOLINGGO,2023-05,2023,KEDELAI,0.0,HA
1553,4659,35,JAWA TIMUR,3513,KABUPATEN PROBOLINGGO,2023-05,2023,PADI,0.0,HA
1554,4660,35,JAWA TIMUR,3514,KABUPATEN PASURUAN,2023-05,2023,JAGUNG,0.0,HA
1554,4661,35,JAWA TIMUR,3514,KABUPATEN PASURUAN,2023-05,2023,KEDELAI,0.0,HA
1554,4662,35,JAWA TIMUR,3514,KABUPATEN PASURUAN,2023-05,2023,PADI,0.0,HA
1555,4663,35,JAWA TIMUR,3515,KABUPATEN SIDOARJO,2023-05,2023,JAGUNG,0.0,HA
1555,4664,35,JAWA TIMUR,3515,KABUPATEN SIDOARJO,2023-05,2023,KEDELAI,0.0,HA
1555,4665,35,JAWA TIMUR,3515,KABUPATEN SIDOARJO,2023-05,2023,PADI,0.0,HA
1556,4666,35,JAWA TIMUR,3516,KABUPATEN MOJOKERTO,2023-05,2023,JAGUNG,0.0,HA
1556,4667,35,JAWA TIMUR,3516,KABUPATEN MOJOKERTO,2023-05,2023,KEDELAI,0.0,HA
1556,4668,35,JAWA TIMUR,3516,KABUPATEN MOJOKERTO,2023-05,2023,PADI,0.0,HA
1557,4669,35,JAWA TIMUR,3517,KABUPATEN JOMBANG,2023-05,2023,JAGUNG,0.0,HA
1557,4670,35,JAWA TIMUR,3517,KABUPATEN JOMBANG,2023-05,2023,KEDELAI,0.0,HA
1557,4671,35,JAWA TIMUR,3517,KABUPATEN JOMBANG,2023-05,2023,PADI,0.0,HA
1558,4672,35,JAWA TIMUR,3518,KABUPATEN NGANJUK,2023-05,2023,JAGUNG,0.0,HA
1558,4673,35,JAWA TIMUR,3518,KABUPATEN NGANJUK,2023-05,2023,KEDELAI,0.0,HA
1558,4674,35,JAWA TIMUR,3518,KABUPATEN NGANJUK,2023-05,2023,PADI,0.0,HA
1559,4675,35,JAWA TIMUR,3519,KABUPATEN MADIUN,2023-05,2023,JAGUNG,0.0,HA
1559,4676,35,JAWA TIMUR,3519,KABUPATEN MADIUN,2023-05,2023,KEDELAI,0.0,HA
1559,4677,35,JAWA TIMUR,3519,KABUPATEN MADIUN,2023-05,2023,PADI,0.0,HA
1560,4678,35,JAWA TIMUR,3520,KABUPATEN MAGETAN,2023-05,2023,JAGUNG,0.0,HA
1560,4679,35,JAWA TIMUR,3520,KABUPATEN MAGETAN,2023-05,2023,KEDELAI,0.0,HA
1560,4680,35,JAWA TIMUR,3520,KABUPATEN MAGETAN,2023-05,2023,PADI,0.2,HA
1561,4681,35,JAWA TIMUR,3521,KABUPATEN NGAWI,2023-05,2023,JAGUNG,0.0,HA
1561,4682,35,JAWA TIMUR,3521,KABUPATEN NGAWI,2023-05,2023,KEDELAI,0.0,HA
1561,4683,35,JAWA TIMUR,3521,KABUPATEN NGAWI,2023-05,2023,PADI,0.0,HA
1562,4684,35,JAWA TIMUR,3522,KABUPATEN BOJONEGORO,2023-05,2023,JAGUNG,0.0,HA
1562,4685,35,JAWA TIMUR,3522,KABUPATEN BOJONEGORO,2023-05,2023,KEDELAI,0.0,HA
1562,4686,35,JAWA TIMUR,3522,KABUPATEN BOJONEGORO,2023-05,2023,PADI,0.0,HA
1563,4687,35,JAWA TIMUR,3523,KABUPATEN TUBAN,2023-05,2023,JAGUNG,0.0,HA
1563,4688,35,JAWA TIMUR,3523,KABUPATEN TUBAN,2023-05,2023,KEDELAI,0.0,HA
1563,4689,35,JAWA TIMUR,3523,KABUPATEN TUBAN,2023-05,2023,PADI,0.0,HA
1564,4690,35,JAWA TIMUR,3524,KABUPATEN LAMONGAN,2023-05,2023,JAGUNG,0.0,HA
1564,4691,35,JAWA TIMUR,3524,KABUPATEN LAMONGAN,2023-05,2023,KEDELAI,0.0,HA
1564,4692,35,JAWA TIMUR,3524,KABUPATEN LAMONGAN,2023-05,2023,PADI,370.0,HA
1565,4693,35,JAWA TIMUR,3525,KABUPATEN GRESIK,2023-05,2023,JAGUNG,0.0,HA
1565,4694,35,JAWA TIMUR,3525,KABUPATEN GRESIK,2023-05,2023,KEDELAI,0.0,HA
1565,4695,35,JAWA TIMUR,3525,KABUPATEN GRESIK,2023-05,2023,PADI,0.0,HA
1566,4696,35,JAWA TIMUR,3526,KABUPATEN BANGKALAN,2023-05,2023,JAGUNG,0.0,HA
1566,4697,35,JAWA TIMUR,3526,KABUPATEN BANGKALAN,2023-05,2023,KEDELAI,0.0,HA
1566,4698,35,JAWA TIMUR,3526,KABUPATEN BANGKALAN,2023-05,2023,PADI,0.0,HA
1567,4699,35,JAWA TIMUR,3527,KABUPATEN SAMPANG,2023-05,2023,JAGUNG,0.0,HA
1567,4700,35,JAWA TIMUR,3527,KABUPATEN SAMPANG,2023-05,2023,KEDELAI,0.0,HA
1567,4701,35,JAWA TIMUR,3527,KABUPATEN SAMPANG,2023-05,2023,PADI,0.0,HA
1568,4702,35,JAWA TIMUR,3528,KABUPATEN PAMEKASAN,2023-05,2023,JAGUNG,0.0,HA
1568,4703,35,JAWA TIMUR,3528,KABUPATEN PAMEKASAN,2023-05,2023,KEDELAI,0.0,HA
1568,4704,35,JAWA TIMUR,3528,KABUPATEN PAMEKASAN,2023-05,2023,PADI,0.0,HA
1569,4705,35,JAWA TIMUR,3529,KABUPATEN SUMENEP,2023-05,2023,JAGUNG,0.0,HA
1569,4706,35,JAWA TIMUR,3529,KABUPATEN SUMENEP,2023-05,2023,KEDELAI,0.0,HA
1569,4707,35,JAWA TIMUR,3529,KABUPATEN SUMENEP,2023-05,2023,PADI,0.0,HA
1570,4708,35,JAWA TIMUR,3571,KOTA KEDIRI,2023-05,2023,JAGUNG,0.0,HA
1570,4709,35,JAWA TIMUR,3571,KOTA KEDIRI,2023-05,2023,KEDELAI,0.0,HA
1570,4710,35,JAWA TIMUR,3571,KOTA KEDIRI,2023-05,2023,PADI,0.0,HA
1575,4723,35,JAWA TIMUR,3572,KOTA BLITAR,2023-05,2023,JAGUNG,0.0,HA
1575,4724,35,JAWA TIMUR,3572,KOTA BLITAR,2023-05,2023,KEDELAI,0.0,HA
1575,4725,35,JAWA TIMUR,3572,KOTA BLITAR,2023-05,2023,PADI,0.0,HA
1576,4726,35,JAWA TIMUR,3573,KOTA MALANG,2023-05,2023,JAGUNG,0.0,HA
1576,4727,35,JAWA TIMUR,3573,KOTA MALANG,2023-05,2023,KEDELAI,0.0,HA
1576,4728,35,JAWA TIMUR,3573,KOTA MALANG,2023-05,2023,PADI,0.0,HA
1571,4711,35,JAWA TIMUR,3574,KOTA PROBOLINGGO,2023-05,2023,JAGUNG,0.0,HA
1571,4712,35,JAWA TIMUR,3574,KOTA PROBOLINGGO,2023-05,2023,KEDELAI,0.0,HA
1571,4713,35,JAWA TIMUR,3574,KOTA PROBOLINGGO,2023-05,2023,PADI,0.0,HA
1572,4714,35,JAWA TIMUR,3575,KOTA PASURUAN,2023-05,2023,JAGUNG,0.0,HA
1572,4715,35,JAWA TIMUR,3575,KOTA PASURUAN,2023-05,2023,KEDELAI,0.0,HA
1572,4716,35,JAWA TIMUR,3575,KOTA PASURUAN,2023-05,2023,PADI,0.0,HA
1577,4729,35,JAWA TIMUR,3576,KOTA MOJOKERTO,2023-05,2023,JAGUNG,0.0,HA
1577,4730,35,JAWA TIMUR,3576,KOTA MOJOKERTO,2023-05,2023,KEDELAI,0.0,HA
1577,4731,35,JAWA TIMUR,3576,KOTA MOJOKERTO,2023-05,2023,PADI,0.0,HA
1573,4717,35,JAWA TIMUR,3577,KOTA MADIUN,2023-05,2023,JAGUNG,0.0,HA
1573,4718,35,JAWA TIMUR,3577,KOTA MADIUN,2023-05,2023,KEDELAI,0.0,HA
1573,4719,35,JAWA TIMUR,3577,KOTA MADIUN,2023-05,2023,PADI,0.0,HA
1578,4732,35,JAWA TIMUR,3578,KOTA SURABAYA,2023-05,2023,JAGUNG,0.0,HA
1578,4733,35,JAWA TIMUR,3578,KOTA SURABAYA,2023-05,2023,KEDELAI,0.0,HA
1578,4734,35,JAWA TIMUR,3578,KOTA SURABAYA,2023-05,2023,PADI,0.0,HA
1574,4720,35,JAWA TIMUR,3579,KOTA BATU,2023-05,2023,JAGUNG,0.0,HA
1574,4721,35,JAWA TIMUR,3579,KOTA BATU,2023-05,2023,KEDELAI,0.0,HA
1574,4722,35,JAWA TIMUR,3579,KOTA BATU,2023-05,2023,PADI,0.0,HA
1580,4738,35,JAWA TIMUR,3501,KABUPATEN PACITAN,2023-06,2023,JAGUNG,0.0,HA
1580,4739,35,JAWA TIMUR,3501,KABUPATEN PACITAN,2023-06,2023,KEDELAI,0.0,HA
1580,4740,35,JAWA TIMUR,3501,KABUPATEN PACITAN,2023-06,2023,PADI,0.0,HA
1581,4741,35,JAWA TIMUR,3502,KABUPATEN PONOROGO,2023-06,2023,JAGUNG,0.0,HA
1581,4742,35,JAWA TIMUR,3502,KABUPATEN PONOROGO,2023-06,2023,KEDELAI,0.0,HA
1581,4743,35,JAWA TIMUR,3502,KABUPATEN PONOROGO,2023-06,2023,PADI,0.0,HA
1582,4744,35,JAWA TIMUR,3503,KABUPATEN TRENGGALEK,2023-06,2023,JAGUNG,0.0,HA
1582,4745,35,JAWA TIMUR,3503,KABUPATEN TRENGGALEK,2023-06,2023,KEDELAI,0.0,HA
1582,4746,35,JAWA TIMUR,3503,KABUPATEN TRENGGALEK,2023-06,2023,PADI,0.0,HA
1583,4747,35,JAWA TIMUR,3504,KABUPATEN TULUNGAGUNG,2023-06,2023,JAGUNG,0.0,HA
1583,4748,35,JAWA TIMUR,3504,KABUPATEN TULUNGAGUNG,2023-06,2023,KEDELAI,0.0,HA
1583,4749,35,JAWA TIMUR,3504,KABUPATEN TULUNGAGUNG,2023-06,2023,PADI,0.0,HA
1584,4750,35,JAWA TIMUR,3505,KABUPATEN BLITAR,2023-06,2023,JAGUNG,0.0,HA
1584,4751,35,JAWA TIMUR,3505,KABUPATEN BLITAR,2023-06,2023,KEDELAI,0.0,HA
1584,4752,35,JAWA TIMUR,3505,KABUPATEN BLITAR,2023-06,2023,PADI,0.0,HA
1585,4753,35,JAWA TIMUR,3506,KABUPATEN KEDIRI,2023-06,2023,JAGUNG,0.0,HA
1585,4754,35,JAWA TIMUR,3506,KABUPATEN KEDIRI,2023-06,2023,KEDELAI,0.0,HA
1585,4755,35,JAWA TIMUR,3506,KABUPATEN KEDIRI,2023-06,2023,PADI,0.0,HA
1586,4756,35,JAWA TIMUR,3507,KABUPATEN MALANG,2023-06,2023,JAGUNG,0.0,HA
1586,4757,35,JAWA TIMUR,3507,KABUPATEN MALANG,2023-06,2023,KEDELAI,0.0,HA
1586,4758,35,JAWA TIMUR,3507,KABUPATEN MALANG,2023-06,2023,PADI,0.0,HA
1587,4759,35,JAWA TIMUR,3508,KABUPATEN LUMAJANG,2023-06,2023,JAGUNG,0.0,HA
1587,4760,35,JAWA TIMUR,3508,KABUPATEN LUMAJANG,2023-06,2023,KEDELAI,0.0,HA
1587,4761,35,JAWA TIMUR,3508,KABUPATEN LUMAJANG,2023-06,2023,PADI,0.0,HA
1588,4762,35,JAWA TIMUR,3509,KABUPATEN JEMBER,2023-06,2023,JAGUNG,0.0,HA
1588,4763,35,JAWA TIMUR,3509,KABUPATEN JEMBER,2023-06,2023,KEDELAI,0.0,HA
1588,4764,35,JAWA TIMUR,3509,KABUPATEN JEMBER,2023-06,2023,PADI,0.0,HA
1589,4765,35,JAWA TIMUR,3510,KABUPATEN BANYUWANGI,2023-06,2023,JAGUNG,0.0,HA
1589,4766,35,JAWA TIMUR,3510,KABUPATEN BANYUWANGI,2023-06,2023,KEDELAI,0.0,HA
1589,4767,35,JAWA TIMUR,3510,KABUPATEN BANYUWANGI,2023-06,2023,PADI,0.0,HA
1590,4768,35,JAWA TIMUR,3511,KABUPATEN BONDOWOSO,2023-06,2023,JAGUNG,0.0,HA
1590,4769,35,JAWA TIMUR,3511,KABUPATEN BONDOWOSO,2023-06,2023,KEDELAI,0.0,HA
1590,4770,35,JAWA TIMUR,3511,KABUPATEN BONDOWOSO,2023-06,2023,PADI,0.0,HA
1591,4771,35,JAWA TIMUR,3512,KABUPATEN SITUBONDO,2023-06,2023,JAGUNG,0.0,HA
1591,4772,35,JAWA TIMUR,3512,KABUPATEN SITUBONDO,2023-06,2023,KEDELAI,0.0,HA
1591,4773,35,JAWA TIMUR,3512,KABUPATEN SITUBONDO,2023-06,2023,PADI,0.0,HA
1592,4774,35,JAWA TIMUR,3513,KABUPATEN PROBOLINGGO,2023-06,2023,JAGUNG,0.0,HA
1592,4775,35,JAWA TIMUR,3513,KABUPATEN PROBOLINGGO,2023-06,2023,KEDELAI,0.0,HA
1592,4776,35,JAWA TIMUR,3513,KABUPATEN PROBOLINGGO,2023-06,2023,PADI,0.0,HA
1593,4777,35,JAWA TIMUR,3514,KABUPATEN PASURUAN,2023-06,2023,JAGUNG,0.0,HA
1593,4778,35,JAWA TIMUR,3514,KABUPATEN PASURUAN,2023-06,2023,KEDELAI,0.0,HA
1593,4779,35,JAWA TIMUR,3514,KABUPATEN PASURUAN,2023-06,2023,PADI,0.0,HA
1594,4780,35,JAWA TIMUR,3515,KABUPATEN SIDOARJO,2023-06,2023,JAGUNG,0.0,HA
1594,4781,35,JAWA TIMUR,3515,KABUPATEN SIDOARJO,2023-06,2023,KEDELAI,0.0,HA
1594,4782,35,JAWA TIMUR,3515,KABUPATEN SIDOARJO,2023-06,2023,PADI,0.0,HA
1595,4783,35,JAWA TIMUR,3516,KABUPATEN MOJOKERTO,2023-06,2023,JAGUNG,0.0,HA
1595,4784,35,JAWA TIMUR,3516,KABUPATEN MOJOKERTO,2023-06,2023,KEDELAI,0.0,HA
1595,4785,35,JAWA TIMUR,3516,KABUPATEN MOJOKERTO,2023-06,2023,PADI,0.0,HA
1596,4786,35,JAWA TIMUR,3517,KABUPATEN JOMBANG,2023-06,2023,JAGUNG,0.0,HA
1596,4787,35,JAWA TIMUR,3517,KABUPATEN JOMBANG,2023-06,2023,KEDELAI,0.0,HA
1596,4788,35,JAWA TIMUR,3517,KABUPATEN JOMBANG,2023-06,2023,PADI,5.5,HA
1597,4789,35,JAWA TIMUR,3518,KABUPATEN NGANJUK,2023-06,2023,JAGUNG,0.0,HA
1597,4790,35,JAWA TIMUR,3518,KABUPATEN NGANJUK,2023-06,2023,KEDELAI,0.0,HA
1597,4791,35,JAWA TIMUR,3518,KABUPATEN NGANJUK,2023-06,2023,PADI,0.0,HA
1598,4792,35,JAWA TIMUR,3519,KABUPATEN MADIUN,2023-06,2023,JAGUNG,0.0,HA
1598,4793,35,JAWA TIMUR,3519,KABUPATEN MADIUN,2023-06,2023,KEDELAI,0.0,HA
1598,4794,35,JAWA TIMUR,3519,KABUPATEN MADIUN,2023-06,2023,PADI,0.0,HA
1599,4795,35,JAWA TIMUR,3520,KABUPATEN MAGETAN,2023-06,2023,JAGUNG,0.0,HA
1599,4796,35,JAWA TIMUR,3520,KABUPATEN MAGETAN,2023-06,2023,KEDELAI,0.0,HA
1599,4797,35,JAWA TIMUR,3520,KABUPATEN MAGETAN,2023-06,2023,PADI,0.0,HA
1600,4798,35,JAWA TIMUR,3521,KABUPATEN NGAWI,2023-06,2023,JAGUNG,0.0,HA
1600,4799,35,JAWA TIMUR,3521,KABUPATEN NGAWI,2023-06,2023,KEDELAI,0.0,HA
1600,4800,35,JAWA TIMUR,3521,KABUPATEN NGAWI,2023-06,2023,PADI,0.2,HA
1601,4801,35,JAWA TIMUR,3522,KABUPATEN BOJONEGORO,2023-06,2023,JAGUNG,0.0,HA
1601,4802,35,JAWA TIMUR,3522,KABUPATEN BOJONEGORO,2023-06,2023,KEDELAI,0.0,HA
1601,4803,35,JAWA TIMUR,3522,KABUPATEN BOJONEGORO,2023-06,2023,PADI,0.0,HA
1602,4804,35,JAWA TIMUR,3523,KABUPATEN TUBAN,2023-06,2023,JAGUNG,0.0,HA
1602,4805,35,JAWA TIMUR,3523,KABUPATEN TUBAN,2023-06,2023,KEDELAI,0.0,HA
1602,4806,35,JAWA TIMUR,3523,KABUPATEN TUBAN,2023-06,2023,PADI,0.0,HA
1603,4807,35,JAWA TIMUR,3524,KABUPATEN LAMONGAN,2023-06,2023,JAGUNG,0.0,HA
1603,4808,35,JAWA TIMUR,3524,KABUPATEN LAMONGAN,2023-06,2023,KEDELAI,0.0,HA
1603,4809,35,JAWA TIMUR,3524,KABUPATEN LAMONGAN,2023-06,2023,PADI,329.0,HA
1604,4810,35,JAWA TIMUR,3525,KABUPATEN GRESIK,2023-06,2023,JAGUNG,0.0,HA
1604,4811,35,JAWA TIMUR,3525,KABUPATEN GRESIK,2023-06,2023,KEDELAI,0.0,HA
1604,4812,35,JAWA TIMUR,3525,KABUPATEN GRESIK,2023-06,2023,PADI,8.0,HA
1605,4813,35,JAWA TIMUR,3526,KABUPATEN BANGKALAN,2023-06,2023,JAGUNG,0.0,HA
1605,4814,35,JAWA TIMUR,3526,KABUPATEN BANGKALAN,2023-06,2023,KEDELAI,0.0,HA
1605,4815,35,JAWA TIMUR,3526,KABUPATEN BANGKALAN,2023-06,2023,PADI,0.0,HA
1606,4816,35,JAWA TIMUR,3527,KABUPATEN SAMPANG,2023-06,2023,JAGUNG,0.0,HA
1606,4817,35,JAWA TIMUR,3527,KABUPATEN SAMPANG,2023-06,2023,KEDELAI,0.0,HA
1606,4818,35,JAWA TIMUR,3527,KABUPATEN SAMPANG,2023-06,2023,PADI,0.0,HA
1607,4819,35,JAWA TIMUR,3528,KABUPATEN PAMEKASAN,2023-06,2023,JAGUNG,0.0,HA
1607,4820,35,JAWA TIMUR,3528,KABUPATEN PAMEKASAN,2023-06,2023,KEDELAI,0.0,HA
1607,4821,35,JAWA TIMUR,3528,KABUPATEN PAMEKASAN,2023-06,2023,PADI,0.0,HA
1608,4822,35,JAWA TIMUR,3529,KABUPATEN SUMENEP,2023-06,2023,JAGUNG,0.0,HA
1608,4823,35,JAWA TIMUR,3529,KABUPATEN SUMENEP,2023-06,2023,KEDELAI,0.0,HA
1608,4824,35,JAWA TIMUR,3529,KABUPATEN SUMENEP,2023-06,2023,PADI,0.0,HA
1609,4825,35,JAWA TIMUR,3571,KOTA KEDIRI,2023-06,2023,JAGUNG,0.0,HA
1609,4826,35,JAWA TIMUR,3571,KOTA KEDIRI,2023-06,2023,KEDELAI,0.0,HA
1609,4827,35,JAWA TIMUR,3571,KOTA KEDIRI,2023-06,2023,PADI,0.0,HA
1614,4840,35,JAWA TIMUR,3572,KOTA BLITAR,2023-06,2023,JAGUNG,0.0,HA
1614,4841,35,JAWA TIMUR,3572,KOTA BLITAR,2023-06,2023,KEDELAI,0.0,HA
1614,4842,35,JAWA TIMUR,3572,KOTA BLITAR,2023-06,2023,PADI,0.0,HA
1615,4843,35,JAWA TIMUR,3573,KOTA MALANG,2023-06,2023,JAGUNG,0.0,HA
1615,4844,35,JAWA TIMUR,3573,KOTA MALANG,2023-06,2023,KEDELAI,0.0,HA
1615,4845,35,JAWA TIMUR,3573,KOTA MALANG,2023-06,2023,PADI,0.0,HA
1610,4828,35,JAWA TIMUR,3574,KOTA PROBOLINGGO,2023-06,2023,JAGUNG,0.0,HA
1610,4829,35,JAWA TIMUR,3574,KOTA PROBOLINGGO,2023-06,2023,KEDELAI,0.0,HA
1610,4830,35,JAWA TIMUR,3574,KOTA PROBOLINGGO,2023-06,2023,PADI,0.0,HA
1611,4831,35,JAWA TIMUR,3575,KOTA PASURUAN,2023-06,2023,JAGUNG,0.0,HA
1611,4832,35,JAWA TIMUR,3575,KOTA PASURUAN,2023-06,2023,KEDELAI,0.0,HA
1611,4833,35,JAWA TIMUR,3575,KOTA PASURUAN,2023-06,2023,PADI,0.0,HA
1616,4846,35,JAWA TIMUR,3576,KOTA MOJOKERTO,2023-06,2023,JAGUNG,0.0,HA
1616,4847,35,JAWA TIMUR,3576,KOTA MOJOKERTO,2023-06,2023,KEDELAI,0.0,HA
1616,4848,35,JAWA TIMUR,3576,KOTA MOJOKERTO,2023-06,2023,PADI,0.0,HA
1612,4834,35,JAWA TIMUR,3577,KOTA MADIUN,2023-06,2023,JAGUNG,0.0,HA
1612,4835,35,JAWA TIMUR,3577,KOTA MADIUN,2023-06,2023,KEDELAI,0.0,HA
1612,4836,35,JAWA TIMUR,3577,KOTA MADIUN,2023-06,2023,PADI,0.0,HA
1617,4849,35,JAWA TIMUR,3578,KOTA SURABAYA,2023-06,2023,JAGUNG,0.0,HA
1617,4850,35,JAWA TIMUR,3578,KOTA SURABAYA,2023-06,2023,KEDELAI,0.0,HA
1617,4851,35,JAWA TIMUR,3578,KOTA SURABAYA,2023-06,2023,PADI,0.0,HA
1613,4837,35,JAWA TIMUR,3579,KOTA BATU,2023-06,2023,JAGUNG,0.0,HA
1613,4838,35,JAWA TIMUR,3579,KOTA BATU,2023-06,2023,KEDELAI,0.0,HA
1613,4839,35,JAWA TIMUR,3579,KOTA BATU,2023-06,2023,PADI,0.0,HA
1619,4855,35,JAWA TIMUR,3501,KABUPATEN PACITAN,2023-07,2023,JAGUNG,0.0,HA
1619,4856,35,JAWA TIMUR,3501,KABUPATEN PACITAN,2023-07,2023,KEDELAI,0.0,HA
1619,4857,35,JAWA TIMUR,3501,KABUPATEN PACITAN,2023-07,2023,PADI,0.0,HA
1620,4858,35,JAWA TIMUR,3502,KABUPATEN PONOROGO,2023-07,2023,JAGUNG,0.0,HA
1620,4859,35,JAWA TIMUR,3502,KABUPATEN PONOROGO,2023-07,2023,KEDELAI,0.0,HA
1620,4860,35,JAWA TIMUR,3502,KABUPATEN PONOROGO,2023-07,2023,PADI,0.0,HA
1621,4861,35,JAWA TIMUR,3503,KABUPATEN TRENGGALEK,2023-07,2023,JAGUNG,0.0,HA
1621,4862,35,JAWA TIMUR,3503,KABUPATEN TRENGGALEK,2023-07,2023,KEDELAI,0.0,HA
1621,4863,35,JAWA TIMUR,3503,KABUPATEN TRENGGALEK,2023-07,2023,PADI,0.0,HA
1622,4864,35,JAWA TIMUR,3504,KABUPATEN TULUNGAGUNG,2023-07,2023,JAGUNG,0.0,HA
1622,4865,35,JAWA TIMUR,3504,KABUPATEN TULUNGAGUNG,2023-07,2023,KEDELAI,0.0,HA
1622,4866,35,JAWA TIMUR,3504,KABUPATEN TULUNGAGUNG,2023-07,2023,PADI,0.0,HA
1623,4867,35,JAWA TIMUR,3505,KABUPATEN BLITAR,2023-07,2023,JAGUNG,0.0,HA
1623,4868,35,JAWA TIMUR,3505,KABUPATEN BLITAR,2023-07,2023,KEDELAI,0.0,HA
1623,4869,35,JAWA TIMUR,3505,KABUPATEN BLITAR,2023-07,2023,PADI,0.0,HA
1624,4870,35,JAWA TIMUR,3506,KABUPATEN KEDIRI,2023-07,2023,JAGUNG,0.0,HA
1624,4871,35,JAWA TIMUR,3506,KABUPATEN KEDIRI,2023-07,2023,KEDELAI,0.0,HA
1624,4872,35,JAWA TIMUR,3506,KABUPATEN KEDIRI,2023-07,2023,PADI,0.0,HA
1625,4873,35,JAWA TIMUR,3507,KABUPATEN MALANG,2023-07,2023,JAGUNG,0.0,HA
1625,4874,35,JAWA TIMUR,3507,KABUPATEN MALANG,2023-07,2023,KEDELAI,0.0,HA
1625,4875,35,JAWA TIMUR,3507,KABUPATEN MALANG,2023-07,2023,PADI,0.0,HA
1626,4876,35,JAWA TIMUR,3508,KABUPATEN LUMAJANG,2023-07,2023,JAGUNG,0.0,HA
1626,4877,35,JAWA TIMUR,3508,KABUPATEN LUMAJANG,2023-07,2023,KEDELAI,0.0,HA
1626,4878,35,JAWA TIMUR,3508,KABUPATEN LUMAJANG,2023-07,2023,PADI,0.0,HA
1627,4879,35,JAWA TIMUR,3509,KABUPATEN JEMBER,2023-07,2023,JAGUNG,0.0,HA
1627,4880,35,JAWA TIMUR,3509,KABUPATEN JEMBER,2023-07,2023,KEDELAI,0.0,HA
1627,4881,35,JAWA TIMUR,3509,KABUPATEN JEMBER,2023-07,2023,PADI,0.0,HA
1628,4882,35,JAWA TIMUR,3510,KABUPATEN BANYUWANGI,2023-07,2023,JAGUNG,0.0,HA
1628,4883,35,JAWA TIMUR,3510,KABUPATEN BANYUWANGI,2023-07,2023,KEDELAI,0.0,HA
1628,4884,35,JAWA TIMUR,3510,KABUPATEN BANYUWANGI,2023-07,2023,PADI,0.0,HA
1629,4885,35,JAWA TIMUR,3511,KABUPATEN BONDOWOSO,2023-07,2023,JAGUNG,0.0,HA
1629,4886,35,JAWA TIMUR,3511,KABUPATEN BONDOWOSO,2023-07,2023,KEDELAI,0.0,HA
1629,4887,35,JAWA TIMUR,3511,KABUPATEN BONDOWOSO,2023-07,2023,PADI,0.0,HA
1630,4888,35,JAWA TIMUR,3512,KABUPATEN SITUBONDO,2023-07,2023,JAGUNG,0.0,HA
1630,4889,35,JAWA TIMUR,3512,KABUPATEN SITUBONDO,2023-07,2023,KEDELAI,0.0,HA
1630,4890,35,JAWA TIMUR,3512,KABUPATEN SITUBONDO,2023-07,2023,PADI,0.0,HA
1631,4891,35,JAWA TIMUR,3513,KABUPATEN PROBOLINGGO,2023-07,2023,JAGUNG,0.0,HA
1631,4892,35,JAWA TIMUR,3513,KABUPATEN PROBOLINGGO,2023-07,2023,KEDELAI,0.0,HA
1631,4893,35,JAWA TIMUR,3513,KABUPATEN PROBOLINGGO,2023-07,2023,PADI,0.0,HA
1632,4894,35,JAWA TIMUR,3514,KABUPATEN PASURUAN,2023-07,2023,JAGUNG,0.0,HA
1632,4895,35,JAWA TIMUR,3514,KABUPATEN PASURUAN,2023-07,2023,KEDELAI,0.0,HA
1632,4896,35,JAWA TIMUR,3514,KABUPATEN PASURUAN,2023-07,2023,PADI,0.0,HA
1633,4897,35,JAWA TIMUR,3515,KABUPATEN SIDOARJO,2023-07,2023,JAGUNG,0.0,HA
1633,4898,35,JAWA TIMUR,3515,KABUPATEN SIDOARJO,2023-07,2023,KEDELAI,0.0,HA
1633,4899,35,JAWA TIMUR,3515,KABUPATEN SIDOARJO,2023-07,2023,PADI,0.0,HA
1634,4900,35,JAWA TIMUR,3516,KABUPATEN MOJOKERTO,2023-07,2023,JAGUNG,0.0,HA
1634,4901,35,JAWA TIMUR,3516,KABUPATEN MOJOKERTO,2023-07,2023,KEDELAI,0.0,HA
1634,4902,35,JAWA TIMUR,3516,KABUPATEN MOJOKERTO,2023-07,2023,PADI,0.0,HA
1635,4903,35,JAWA TIMUR,3517,KABUPATEN JOMBANG,2023-07,2023,JAGUNG,0.0,HA
1635,4904,35,JAWA TIMUR,3517,KABUPATEN JOMBANG,2023-07,2023,KEDELAI,0.0,HA
1635,4905,35,JAWA TIMUR,3517,KABUPATEN JOMBANG,2023-07,2023,PADI,6.0,HA
1636,4906,35,JAWA TIMUR,3518,KABUPATEN NGANJUK,2023-07,2023,JAGUNG,0.0,HA
1636,4907,35,JAWA TIMUR,3518,KABUPATEN NGANJUK,2023-07,2023,KEDELAI,0.0,HA
1636,4908,35,JAWA TIMUR,3518,KABUPATEN NGANJUK,2023-07,2023,PADI,5.0,HA
1637,4909,35,JAWA TIMUR,3519,KABUPATEN MADIUN,2023-07,2023,JAGUNG,0.0,HA
1637,4910,35,JAWA TIMUR,3519,KABUPATEN MADIUN,2023-07,2023,KEDELAI,0.0,HA
1637,4911,35,JAWA TIMUR,3519,KABUPATEN MADIUN,2023-07,2023,PADI,0.0,HA
1638,4912,35,JAWA TIMUR,3520,KABUPATEN MAGETAN,2023-07,2023,JAGUNG,0.0,HA
1638,4913,35,JAWA TIMUR,3520,KABUPATEN MAGETAN,2023-07,2023,KEDELAI,0.0,HA
1638,4914,35,JAWA TIMUR,3520,KABUPATEN MAGETAN,2023-07,2023,PADI,0.0,HA
1639,4915,35,JAWA TIMUR,3521,KABUPATEN NGAWI,2023-07,2023,JAGUNG,0.0,HA
1639,4916,35,JAWA TIMUR,3521,KABUPATEN NGAWI,2023-07,2023,KEDELAI,0.0,HA
1639,4917,35,JAWA TIMUR,3521,KABUPATEN NGAWI,2023-07,2023,PADI,2.85,HA
1640,4918,35,JAWA TIMUR,3522,KABUPATEN BOJONEGORO,2023-07,2023,JAGUNG,0.0,HA
1640,4919,35,JAWA TIMUR,3522,KABUPATEN BOJONEGORO,2023-07,2023,KEDELAI,0.0,HA
1640,4920,35,JAWA TIMUR,3522,KABUPATEN BOJONEGORO,2023-07,2023,PADI,0.0,HA
1641,4921,35,JAWA TIMUR,3523,KABUPATEN TUBAN,2023-07,2023,JAGUNG,0.0,HA
1641,4922,35,JAWA TIMUR,3523,KABUPATEN TUBAN,2023-07,2023,KEDELAI,0.0,HA
1641,4923,35,JAWA TIMUR,3523,KABUPATEN TUBAN,2023-07,2023,PADI,0.0,HA
1642,4924,35,JAWA TIMUR,3524,KABUPATEN LAMONGAN,2023-07,2023,JAGUNG,0.0,HA
1642,4925,35,JAWA TIMUR,3524,KABUPATEN LAMONGAN,2023-07,2023,KEDELAI,0.0,HA
1642,4926,35,JAWA TIMUR,3524,KABUPATEN LAMONGAN,2023-07,2023,PADI,179.0,HA
1643,4927,35,JAWA TIMUR,3525,KABUPATEN GRESIK,2023-07,2023,JAGUNG,0.0,HA
1643,4928,35,JAWA TIMUR,3525,KABUPATEN GRESIK,2023-07,2023,KEDELAI,0.0,HA
1643,4929,35,JAWA TIMUR,3525,KABUPATEN GRESIK,2023-07,2023,PADI,0.0,HA
1644,4930,35,JAWA TIMUR,3526,KABUPATEN BANGKALAN,2023-07,2023,JAGUNG,0.0,HA
1644,4931,35,JAWA TIMUR,3526,KABUPATEN BANGKALAN,2023-07,2023,KEDELAI,0.0,HA
1644,4932,35,JAWA TIMUR,3526,KABUPATEN BANGKALAN,2023-07,2023,PADI,0.0,HA
1645,4933,35,JAWA TIMUR,3527,KABUPATEN SAMPANG,2023-07,2023,JAGUNG,0.0,HA
1645,4934,35,JAWA TIMUR,3527,KABUPATEN SAMPANG,2023-07,2023,KEDELAI,0.0,HA
1645,4935,35,JAWA TIMUR,3527,KABUPATEN SAMPANG,2023-07,2023,PADI,0.0,HA
1646,4936,35,JAWA TIMUR,3528,KABUPATEN PAMEKASAN,2023-07,2023,JAGUNG,0.0,HA
1646,4937,35,JAWA TIMUR,3528,KABUPATEN PAMEKASAN,2023-07,2023,KEDELAI,0.0,HA
1646,4938,35,JAWA TIMUR,3528,KABUPATEN PAMEKASAN,2023-07,2023,PADI,0.0,HA
1647,4939,35,JAWA TIMUR,3529,KABUPATEN SUMENEP,2023-07,2023,JAGUNG,0.0,HA
1647,4940,35,JAWA TIMUR,3529,KABUPATEN SUMENEP,2023-07,2023,KEDELAI,0.0,HA
1647,4941,35,JAWA TIMUR,3529,KABUPATEN SUMENEP,2023-07,2023,PADI,0.0,HA
1648,4942,35,JAWA TIMUR,3571,KOTA KEDIRI,2023-07,2023,JAGUNG,0.0,HA
1648,4943,35,JAWA TIMUR,3571,KOTA KEDIRI,2023-07,2023,KEDELAI,0.0,HA
1648,4944,35,JAWA TIMUR,3571,KOTA KEDIRI,2023-07,2023,PADI,0.0,HA
1653,4957,35,JAWA TIMUR,3572,KOTA BLITAR,2023-07,2023,JAGUNG,0.0,HA
1653,4958,35,JAWA TIMUR,3572,KOTA BLITAR,2023-07,2023,KEDELAI,0.0,HA
1653,4959,35,JAWA TIMUR,3572,KOTA BLITAR,2023-07,2023,PADI,0.0,HA
1654,4960,35,JAWA TIMUR,3573,KOTA MALANG,2023-07,2023,JAGUNG,0.0,HA
1654,4961,35,JAWA TIMUR,3573,KOTA MALANG,2023-07,2023,KEDELAI,0.0,HA
1654,4962,35,JAWA TIMUR,3573,KOTA MALANG,2023-07,2023,PADI,0.0,HA
1649,4945,35,JAWA TIMUR,3574,KOTA PROBOLINGGO,2023-07,2023,JAGUNG,0.0,HA
1649,4946,35,JAWA TIMUR,3574,KOTA PROBOLINGGO,2023-07,2023,KEDELAI,0.0,HA
1649,4947,35,JAWA TIMUR,3574,KOTA PROBOLINGGO,2023-07,2023,PADI,0.0,HA
1650,4948,35,JAWA TIMUR,3575,KOTA PASURUAN,2023-07,2023,JAGUNG,0.0,HA
1650,4949,35,JAWA TIMUR,3575,KOTA PASURUAN,2023-07,2023,KEDELAI,0.0,HA
1650,4950,35,JAWA TIMUR,3575,KOTA PASURUAN,2023-07,2023,PADI,0.0,HA
1655,4963,35,JAWA TIMUR,3576,KOTA MOJOKERTO,2023-07,2023,JAGUNG,0.0,HA
1655,4964,35,JAWA TIMUR,3576,KOTA MOJOKERTO,2023-07,2023,KEDELAI,0.0,HA
1655,4965,35,JAWA TIMUR,3576,KOTA MOJOKERTO,2023-07,2023,PADI,0.0,HA
1651,4951,35,JAWA TIMUR,3577,KOTA MADIUN,2023-07,2023,JAGUNG,0.0,HA
1651,4952,35,JAWA TIMUR,3577,KOTA MADIUN,2023-07,2023,KEDELAI,0.0,HA
1651,4953,35,JAWA TIMUR,3577,KOTA MADIUN,2023-07,2023,PADI,0.0,HA
1656,4966,35,JAWA TIMUR,3578,KOTA SURABAYA,2023-07,2023,JAGUNG,0.0,HA
1656,4967,35,JAWA TIMUR,3578,KOTA SURABAYA,2023-07,2023,KEDELAI,0.0,HA
1656,4968,35,JAWA TIMUR,3578,KOTA SURABAYA,2023-07,2023,PADI,0.0,HA
1652,4954,35,JAWA TIMUR,3579,KOTA BATU,2023-07,2023,JAGUNG,0.0,HA
1652,4955,35,JAWA TIMUR,3579,KOTA BATU,2023-07,2023,KEDELAI,0.0,HA
1652,4956,35,JAWA TIMUR,3579,KOTA BATU,2023-07,2023,PADI,0.0,HA
1658,4972,35,JAWA TIMUR,3501,KABUPATEN PACITAN,2023-08,2023,JAGUNG,0.0,HA
1658,4973,35,JAWA TIMUR,3501,KABUPATEN PACITAN,2023-08,2023,KEDELAI,0.0,HA
1658,4974,35,JAWA TIMUR,3501,KABUPATEN PACITAN,2023-08,2023,PADI,0.0,HA
1659,4975,35,JAWA TIMUR,3502,KABUPATEN PONOROGO,2023-08,2023,JAGUNG,0.0,HA
1659,4976,35,JAWA TIMUR,3502,KABUPATEN PONOROGO,2023-08,2023,KEDELAI,0.0,HA
1659,4977,35,JAWA TIMUR,3502,KABUPATEN PONOROGO,2023-08,2023,PADI,0.0,HA
1660,4978,35,JAWA TIMUR,3503,KABUPATEN TRENGGALEK,2023-08,2023,JAGUNG,3.5,HA
1660,4979,35,JAWA TIMUR,3503,KABUPATEN TRENGGALEK,2023-08,2023,KEDELAI,5.7,HA
1660,4980,35,JAWA TIMUR,3503,KABUPATEN TRENGGALEK,2023-08,2023,PADI,0.0,HA
1661,4981,35,JAWA TIMUR,3504,KABUPATEN TULUNGAGUNG,2023-08,2023,JAGUNG,0.0,HA
1661,4982,35,JAWA TIMUR,3504,KABUPATEN TULUNGAGUNG,2023-08,2023,KEDELAI,0.0,HA
1661,4983,35,JAWA TIMUR,3504,KABUPATEN TULUNGAGUNG,2023-08,2023,PADI,29.0,HA
1662,4984,35,JAWA TIMUR,3505,KABUPATEN BLITAR,2023-08,2023,JAGUNG,0.0,HA
1662,4985,35,JAWA TIMUR,3505,KABUPATEN BLITAR,2023-08,2023,KEDELAI,0.0,HA
1662,4986,35,JAWA TIMUR,3505,KABUPATEN BLITAR,2023-08,2023,PADI,0.0,HA
1663,4987,35,JAWA TIMUR,3506,KABUPATEN KEDIRI,2023-08,2023,JAGUNG,0.0,HA
1663,4988,35,JAWA TIMUR,3506,KABUPATEN KEDIRI,2023-08,2023,KEDELAI,0.0,HA
1663,4989,35,JAWA TIMUR,3506,KABUPATEN KEDIRI,2023-08,2023,PADI,0.0,HA
1664,4990,35,JAWA TIMUR,3507,KABUPATEN MALANG,2023-08,2023,JAGUNG,0.0,HA
1664,4991,35,JAWA TIMUR,3507,KABUPATEN MALANG,2023-08,2023,KEDELAI,0.0,HA
1664,4992,35,JAWA TIMUR,3507,KABUPATEN MALANG,2023-08,2023,PADI,0.0,HA
1665,4993,35,JAWA TIMUR,3508,KABUPATEN LUMAJANG,2023-08,2023,JAGUNG,0.0,HA
1665,4994,35,JAWA TIMUR,3508,KABUPATEN LUMAJANG,2023-08,2023,KEDELAI,0.0,HA
1665,4995,35,JAWA TIMUR,3508,KABUPATEN LUMAJANG,2023-08,2023,PADI,0.0,HA
1666,4996,35,JAWA TIMUR,3509,KABUPATEN JEMBER,2023-08,2023,JAGUNG,0.0,HA
1666,4997,35,JAWA TIMUR,3509,KABUPATEN JEMBER,2023-08,2023,KEDELAI,0.0,HA
1666,4998,35,JAWA TIMUR,3509,KABUPATEN JEMBER,2023-08,2023,PADI,0.0,HA
1667,4999,35,JAWA TIMUR,3510,KABUPATEN BANYUWANGI,2023-08,2023,JAGUNG,0.0,HA
1667,5000,35,JAWA TIMUR,3510,KABUPATEN BANYUWANGI,2023-08,2023,KEDELAI,0.0,HA
1667,5001,35,JAWA TIMUR,3510,KABUPATEN BANYUWANGI,2023-08,2023,PADI,0.0,HA
1668,5002,35,JAWA TIMUR,3511,KABUPATEN BONDOWOSO,2023-08,2023,JAGUNG,0.0,HA
1668,5003,35,JAWA TIMUR,3511,KABUPATEN BONDOWOSO,2023-08,2023,KEDELAI,0.0,HA
1668,5004,35,JAWA TIMUR,3511,KABUPATEN BONDOWOSO,2023-08,2023,PADI,0.0,HA
1669,5005,35,JAWA TIMUR,3512,KABUPATEN SITUBONDO,2023-08,2023,JAGUNG,1.5,HA
1669,5006,35,JAWA TIMUR,3512,KABUPATEN SITUBONDO,2023-08,2023,KEDELAI,0.0,HA
1669,5007,35,JAWA TIMUR,3512,KABUPATEN SITUBONDO,2023-08,2023,PADI,1.9,HA
1670,5008,35,JAWA TIMUR,3513,KABUPATEN PROBOLINGGO,2023-08,2023,JAGUNG,0.0,HA
1670,5009,35,JAWA TIMUR,3513,KABUPATEN PROBOLINGGO,2023-08,2023,KEDELAI,0.0,HA
1670,5010,35,JAWA TIMUR,3513,KABUPATEN PROBOLINGGO,2023-08,2023,PADI,0.0,HA
1671,5011,35,JAWA TIMUR,3514,KABUPATEN PASURUAN,2023-08,2023,JAGUNG,0.0,HA
1671,5012,35,JAWA TIMUR,3514,KABUPATEN PASURUAN,2023-08,2023,KEDELAI,0.0,HA
1671,5013,35,JAWA TIMUR,3514,KABUPATEN PASURUAN,2023-08,2023,PADI,0.0,HA
1672,5014,35,JAWA TIMUR,3515,KABUPATEN SIDOARJO,2023-08,2023,JAGUNG,0.0,HA
1672,5015,35,JAWA TIMUR,3515,KABUPATEN SIDOARJO,2023-08,2023,KEDELAI,0.0,HA
1672,5016,35,JAWA TIMUR,3515,KABUPATEN SIDOARJO,2023-08,2023,PADI,5.0,HA
1673,5017,35,JAWA TIMUR,3516,KABUPATEN MOJOKERTO,2023-08,2023,JAGUNG,0.0,HA
1673,5018,35,JAWA TIMUR,3516,KABUPATEN MOJOKERTO,2023-08,2023,KEDELAI,0.0,HA
1673,5019,35,JAWA TIMUR,3516,KABUPATEN MOJOKERTO,2023-08,2023,PADI,0.0,HA
1674,5020,35,JAWA TIMUR,3517,KABUPATEN JOMBANG,2023-08,2023,JAGUNG,0.0,HA
1674,5021,35,JAWA TIMUR,3517,KABUPATEN JOMBANG,2023-08,2023,KEDELAI,0.0,HA
1674,5022,35,JAWA TIMUR,3517,KABUPATEN JOMBANG,2023-08,2023,PADI,18.0,HA
1675,5023,35,JAWA TIMUR,3518,KABUPATEN NGANJUK,2023-08,2023,JAGUNG,0.0,HA
1675,5024,35,JAWA TIMUR,3518,KABUPATEN NGANJUK,2023-08,2023,KEDELAI,0.0,HA
1675,5025,35,JAWA TIMUR,3518,KABUPATEN NGANJUK,2023-08,2023,PADI,5.0,HA
1676,5026,35,JAWA TIMUR,3519,KABUPATEN MADIUN,2023-08,2023,JAGUNG,0.0,HA
1676,5027,35,JAWA TIMUR,3519,KABUPATEN MADIUN,2023-08,2023,KEDELAI,0.0,HA
1676,5028,35,JAWA TIMUR,3519,KABUPATEN MADIUN,2023-08,2023,PADI,0.0,HA
1677,5029,35,JAWA TIMUR,3520,KABUPATEN MAGETAN,2023-08,2023,JAGUNG,0.0,HA
1677,5030,35,JAWA TIMUR,3520,KABUPATEN MAGETAN,2023-08,2023,KEDELAI,0.0,HA
1677,5031,35,JAWA TIMUR,3520,KABUPATEN MAGETAN,2023-08,2023,PADI,0.0,HA
1678,5032,35,JAWA TIMUR,3521,KABUPATEN NGAWI,2023-08,2023,JAGUNG,0.0,HA
1678,5033,35,JAWA TIMUR,3521,KABUPATEN NGAWI,2023-08,2023,KEDELAI,0.0,HA
1678,5034,35,JAWA TIMUR,3521,KABUPATEN NGAWI,2023-08,2023,PADI,2.75,HA
1679,5035,35,JAWA TIMUR,3522,KABUPATEN BOJONEGORO,2023-08,2023,JAGUNG,0.0,HA
1679,5036,35,JAWA TIMUR,3522,KABUPATEN BOJONEGORO,2023-08,2023,KEDELAI,0.0,HA
1679,5037,35,JAWA TIMUR,3522,KABUPATEN BOJONEGORO,2023-08,2023,PADI,0.0,HA
1680,5038,35,JAWA TIMUR,3523,KABUPATEN TUBAN,2023-08,2023,JAGUNG,4.5,HA
1680,5039,35,JAWA TIMUR,3523,KABUPATEN TUBAN,2023-08,2023,KEDELAI,0.0,HA
1680,5040,35,JAWA TIMUR,3523,KABUPATEN TUBAN,2023-08,2023,PADI,0.3,HA
1681,5041,35,JAWA TIMUR,3524,KABUPATEN LAMONGAN,2023-08,2023,JAGUNG,2.1,HA
1681,5042,35,JAWA TIMUR,3524,KABUPATEN LAMONGAN,2023-08,2023,KEDELAI,2.0,HA
1681,5043,35,JAWA TIMUR,3524,KABUPATEN LAMONGAN,2023-08,2023,PADI,2.5,HA
1682,5044,35,JAWA TIMUR,3525,KABUPATEN GRESIK,2023-08,2023,JAGUNG,0.0,HA
1682,5045,35,JAWA TIMUR,3525,KABUPATEN GRESIK,2023-08,2023,KEDELAI,0.0,HA
1682,5046,35,JAWA TIMUR,3525,KABUPATEN GRESIK,2023-08,2023,PADI,0.0,HA
1683,5047,35,JAWA TIMUR,3526,KABUPATEN BANGKALAN,2023-08,2023,JAGUNG,0.0,HA
1683,5048,35,JAWA TIMUR,3526,KABUPATEN BANGKALAN,2023-08,2023,KEDELAI,0.0,HA
1683,5049,35,JAWA TIMUR,3526,KABUPATEN BANGKALAN,2023-08,2023,PADI,0.0,HA
1684,5050,35,JAWA TIMUR,3527,KABUPATEN SAMPANG,2023-08,2023,JAGUNG,0.0,HA
1684,5051,35,JAWA TIMUR,3527,KABUPATEN SAMPANG,2023-08,2023,KEDELAI,0.0,HA
1684,5052,35,JAWA TIMUR,3527,KABUPATEN SAMPANG,2023-08,2023,PADI,0.0,HA
1685,5053,35,JAWA TIMUR,3528,KABUPATEN PAMEKASAN,2023-08,2023,JAGUNG,0.0,HA
1685,5054,35,JAWA TIMUR,3528,KABUPATEN PAMEKASAN,2023-08,2023,KEDELAI,0.0,HA
1685,5055,35,JAWA TIMUR,3528,KABUPATEN PAMEKASAN,2023-08,2023,PADI,0.0,HA
1686,5056,35,JAWA TIMUR,3529,KABUPATEN SUMENEP,2023-08,2023,JAGUNG,0.0,HA
1686,5057,35,JAWA TIMUR,3529,KABUPATEN SUMENEP,2023-08,2023,KEDELAI,0.0,HA
1686,5058,35,JAWA TIMUR,3529,KABUPATEN SUMENEP,2023-08,2023,PADI,0.0,HA
1687,5059,35,JAWA TIMUR,3571,KOTA KEDIRI,2023-08,2023,JAGUNG,0.0,HA
1687,5060,35,JAWA TIMUR,3571,KOTA KEDIRI,2023-08,2023,KEDELAI,0.0,HA
1687,5061,35,JAWA TIMUR,3571,KOTA KEDIRI,2023-08,2023,PADI,0.0,HA
1692,5074,35,JAWA TIMUR,3572,KOTA BLITAR,2023-08,2023,JAGUNG,0.0,HA
1692,5075,35,JAWA TIMUR,3572,KOTA BLITAR,2023-08,2023,KEDELAI,0.0,HA
1692,5076,35,JAWA TIMUR,3572,KOTA BLITAR,2023-08,2023,PADI,0.0,HA
1693,5077,35,JAWA TIMUR,3573,KOTA MALANG,2023-08,2023,JAGUNG,0.0,HA
1693,5078,35,JAWA TIMUR,3573,KOTA MALANG,2023-08,2023,KEDELAI,0.0,HA
1693,5079,35,JAWA TIMUR,3573,KOTA MALANG,2023-08,2023,PADI,0.0,HA
1688,5062,35,JAWA TIMUR,3574,KOTA PROBOLINGGO,2023-08,2023,JAGUNG,0.0,HA
1688,5063,35,JAWA TIMUR,3574,KOTA PROBOLINGGO,2023-08,2023,KEDELAI,0.0,HA
1688,5064,35,JAWA TIMUR,3574,KOTA PROBOLINGGO,2023-08,2023,PADI,0.0,HA
1689,5065,35,JAWA TIMUR,3575,KOTA PASURUAN,2023-08,2023,JAGUNG,0.0,HA
1689,5066,35,JAWA TIMUR,3575,KOTA PASURUAN,2023-08,2023,KEDELAI,0.0,HA
1689,5067,35,JAWA TIMUR,3575,KOTA PASURUAN,2023-08,2023,PADI,0.0,HA
1694,5080,35,JAWA TIMUR,3576,KOTA MOJOKERTO,2023-08,2023,JAGUNG,0.0,HA
1694,5081,35,JAWA TIMUR,3576,KOTA MOJOKERTO,2023-08,2023,KEDELAI,0.0,HA
1694,5082,35,JAWA TIMUR,3576,KOTA MOJOKERTO,2023-08,2023,PADI,0.0,HA
1690,5068,35,JAWA TIMUR,3577,KOTA MADIUN,2023-08,2023,JAGUNG,0.0,HA
1690,5069,35,JAWA TIMUR,3577,KOTA MADIUN,2023-08,2023,KEDELAI,0.0,HA
1690,5070,35,JAWA TIMUR,3577,KOTA MADIUN,2023-08,2023,PADI,0.0,HA
1695,5083,35,JAWA TIMUR,3578,KOTA SURABAYA,2023-08,2023,JAGUNG,0.0,HA
1695,5084,35,JAWA TIMUR,3578,KOTA SURABAYA,2023-08,2023,KEDELAI,0.0,HA
1695,5085,35,JAWA TIMUR,3578,KOTA SURABAYA,2023-08,2023,PADI,0.0,HA
1691,5071,35,JAWA TIMUR,3579,KOTA BATU,2023-08,2023,JAGUNG,0.0,HA
1691,5072,35,JAWA TIMUR,3579,KOTA BATU,2023-08,2023,KEDELAI,0.0,HA
1691,5073,35,JAWA TIMUR,3579,KOTA BATU,2023-08,2023,PADI,0.0,HA
1697,5089,35,JAWA TIMUR,3501,KABUPATEN PACITAN,2023-09,2023,JAGUNG,0.0,HA
1697,5090,35,JAWA TIMUR,3501,KABUPATEN PACITAN,2023-09,2023,KEDELAI,0.0,HA
1697,5091,35,JAWA TIMUR,3501,KABUPATEN PACITAN,2023-09,2023,PADI,24.5,HA
1698,5092,35,JAWA TIMUR,3502,KABUPATEN PONOROGO,2023-09,2023,JAGUNG,0.0,HA
1698,5093,35,JAWA TIMUR,3502,KABUPATEN PONOROGO,2023-09,2023,KEDELAI,0.0,HA
1698,5094,35,JAWA TIMUR,3502,KABUPATEN PONOROGO,2023-09,2023,PADI,0.0,HA
1699,5095,35,JAWA TIMUR,3503,KABUPATEN TRENGGALEK,2023-09,2023,JAGUNG,6.0,HA
1699,5096,35,JAWA TIMUR,3503,KABUPATEN TRENGGALEK,2023-09,2023,KEDELAI,0.0,HA
1699,5097,35,JAWA TIMUR,3503,KABUPATEN TRENGGALEK,2023-09,2023,PADI,62.0,HA
1700,5098,35,JAWA TIMUR,3504,KABUPATEN TULUNGAGUNG,2023-09,2023,JAGUNG,0.0,HA
1700,5099,35,JAWA TIMUR,3504,KABUPATEN TULUNGAGUNG,2023-09,2023,KEDELAI,0.0,HA
1700,5100,35,JAWA TIMUR,3504,KABUPATEN TULUNGAGUNG,2023-09,2023,PADI,472.0,HA
1701,5101,35,JAWA TIMUR,3505,KABUPATEN BLITAR,2023-09,2023,JAGUNG,0.0,HA
1701,5102,35,JAWA TIMUR,3505,KABUPATEN BLITAR,2023-09,2023,KEDELAI,0.0,HA
1701,5103,35,JAWA TIMUR,3505,KABUPATEN BLITAR,2023-09,2023,PADI,0.0,HA
1702,5104,35,JAWA TIMUR,3506,KABUPATEN KEDIRI,2023-09,2023,JAGUNG,0.0,HA
1702,5105,35,JAWA TIMUR,3506,KABUPATEN KEDIRI,2023-09,2023,KEDELAI,0.0,HA
1702,5106,35,JAWA TIMUR,3506,KABUPATEN KEDIRI,2023-09,2023,PADI,0.0,HA
1703,5107,35,JAWA TIMUR,3507,KABUPATEN MALANG,2023-09,2023,JAGUNG,0.0,HA
1703,5108,35,JAWA TIMUR,3507,KABUPATEN MALANG,2023-09,2023,KEDELAI,0.0,HA
1703,5109,35,JAWA TIMUR,3507,KABUPATEN MALANG,2023-09,2023,PADI,0.0,HA
1704,5110,35,JAWA TIMUR,3508,KABUPATEN LUMAJANG,2023-09,2023,JAGUNG,0.0,HA
1704,5111,35,JAWA TIMUR,3508,KABUPATEN LUMAJANG,2023-09,2023,KEDELAI,0.0,HA
1704,5112,35,JAWA TIMUR,3508,KABUPATEN LUMAJANG,2023-09,2023,PADI,2.5,HA
1705,5113,35,JAWA TIMUR,3509,KABUPATEN JEMBER,2023-09,2023,JAGUNG,0.0,HA
1705,5114,35,JAWA TIMUR,3509,KABUPATEN JEMBER,2023-09,2023,KEDELAI,0.0,HA
1705,5115,35,JAWA TIMUR,3509,KABUPATEN JEMBER,2023-09,2023,PADI,0.0,HA
1706,5116,35,JAWA TIMUR,3510,KABUPATEN BANYUWANGI,2023-09,2023,JAGUNG,0.0,HA
1706,5117,35,JAWA TIMUR,3510,KABUPATEN BANYUWANGI,2023-09,2023,KEDELAI,0.0,HA
1706,5118,35,JAWA TIMUR,3510,KABUPATEN BANYUWANGI,2023-09,2023,PADI,0.0,HA
1707,5119,35,JAWA TIMUR,3511,KABUPATEN BONDOWOSO,2023-09,2023,JAGUNG,0.0,HA
1707,5120,35,JAWA TIMUR,3511,KABUPATEN BONDOWOSO,2023-09,2023,KEDELAI,0.0,HA
1707,5121,35,JAWA TIMUR,3511,KABUPATEN BONDOWOSO,2023-09,2023,PADI,0.0,HA
1708,5122,35,JAWA TIMUR,3512,KABUPATEN SITUBONDO,2023-09,2023,JAGUNG,0.0,HA
1708,5123,35,JAWA TIMUR,3512,KABUPATEN SITUBONDO,2023-09,2023,KEDELAI,0.0,HA
1708,5124,35,JAWA TIMUR,3512,KABUPATEN SITUBONDO,2023-09,2023,PADI,0.0,HA
1709,5125,35,JAWA TIMUR,3513,KABUPATEN PROBOLINGGO,2023-09,2023,JAGUNG,0.0,HA
1709,5126,35,JAWA TIMUR,3513,KABUPATEN PROBOLINGGO,2023-09,2023,KEDELAI,0.0,HA
1709,5127,35,JAWA TIMUR,3513,KABUPATEN PROBOLINGGO,2023-09,2023,PADI,0.0,HA
1710,5128,35,JAWA TIMUR,3514,KABUPATEN PASURUAN,2023-09,2023,JAGUNG,0.0,HA
1710,5129,35,JAWA TIMUR,3514,KABUPATEN PASURUAN,2023-09,2023,KEDELAI,0.0,HA
1710,5130,35,JAWA TIMUR,3514,KABUPATEN PASURUAN,2023-09,2023,PADI,0.0,HA
1711,5131,35,JAWA TIMUR,3515,KABUPATEN SIDOARJO,2023-09,2023,JAGUNG,0.0,HA
1711,5132,35,JAWA TIMUR,3515,KABUPATEN SIDOARJO,2023-09,2023,KEDELAI,0.0,HA
1711,5133,35,JAWA TIMUR,3515,KABUPATEN SIDOARJO,2023-09,2023,PADI,0.6,HA
1712,5134,35,JAWA TIMUR,3516,KABUPATEN MOJOKERTO,2023-09,2023,JAGUNG,0.0,HA
1712,5135,35,JAWA TIMUR,3516,KABUPATEN MOJOKERTO,2023-09,2023,KEDELAI,0.0,HA
1712,5136,35,JAWA TIMUR,3516,KABUPATEN MOJOKERTO,2023-09,2023,PADI,0.0,HA
1713,5137,35,JAWA TIMUR,3517,KABUPATEN JOMBANG,2023-09,2023,JAGUNG,0.0,HA
1713,5138,35,JAWA TIMUR,3517,KABUPATEN JOMBANG,2023-09,2023,KEDELAI,0.0,HA
1713,5139,35,JAWA TIMUR,3517,KABUPATEN JOMBANG,2023-09,2023,PADI,0.0,HA
1714,5140,35,JAWA TIMUR,3518,KABUPATEN NGANJUK,2023-09,2023,JAGUNG,0.0,HA
1714,5141,35,JAWA TIMUR,3518,KABUPATEN NGANJUK,2023-09,2023,KEDELAI,0.0,HA
1714,5142,35,JAWA TIMUR,3518,KABUPATEN NGANJUK,2023-09,2023,PADI,0.0,HA
1715,5143,35,JAWA TIMUR,3519,KABUPATEN MADIUN,2023-09,2023,JAGUNG,0.0,HA
1715,5144,35,JAWA TIMUR,3519,KABUPATEN MADIUN,2023-09,2023,KEDELAI,0.0,HA
1715,5145,35,JAWA TIMUR,3519,KABUPATEN MADIUN,2023-09,2023,PADI,0.0,HA
1716,5146,35,JAWA TIMUR,3520,KABUPATEN MAGETAN,2023-09,2023,JAGUNG,0.0,HA
1716,5147,35,JAWA TIMUR,3520,KABUPATEN MAGETAN,2023-09,2023,KEDELAI,0.0,HA
1716,5148,35,JAWA TIMUR,3520,KABUPATEN MAGETAN,2023-09,2023,PADI,0.0,HA
1717,5149,35,JAWA TIMUR,3521,KABUPATEN NGAWI,2023-09,2023,JAGUNG,0.0,HA
1717,5150,35,JAWA TIMUR,3521,KABUPATEN NGAWI,2023-09,2023,KEDELAI,0.0,HA
1717,5151,35,JAWA TIMUR,3521,KABUPATEN NGAWI,2023-09,2023,PADI,0.0,HA
1718,5152,35,JAWA TIMUR,3522,KABUPATEN BOJONEGORO,2023-09,2023,JAGUNG,0.0,HA
1718,5153,35,JAWA TIMUR,3522,KABUPATEN BOJONEGORO,2023-09,2023,KEDELAI,0.0,HA
1718,5154,35,JAWA TIMUR,3522,KABUPATEN BOJONEGORO,2023-09,2023,PADI,2.7,HA
1719,5155,35,JAWA TIMUR,3523,KABUPATEN TUBAN,2023-09,2023,JAGUNG,0.0,HA
1719,5156,35,JAWA TIMUR,3523,KABUPATEN TUBAN,2023-09,2023,KEDELAI,0.0,HA
1719,5157,35,JAWA TIMUR,3523,KABUPATEN TUBAN,2023-09,2023,PADI,3.3,HA
1720,5158,35,JAWA TIMUR,3524,KABUPATEN LAMONGAN,2023-09,2023,JAGUNG,0.5,HA
1720,5159,35,JAWA TIMUR,3524,KABUPATEN LAMONGAN,2023-09,2023,KEDELAI,0.0,HA
1720,5160,35,JAWA TIMUR,3524,KABUPATEN LAMONGAN,2023-09,2023,PADI,0.7,HA
1721,5161,35,JAWA TIMUR,3525,KABUPATEN GRESIK,2023-09,2023,JAGUNG,6.0,HA
1721,5162,35,JAWA TIMUR,3525,KABUPATEN GRESIK,2023-09,2023,KEDELAI,0.0,HA
1721,5163,35,JAWA TIMUR,3525,KABUPATEN GRESIK,2023-09,2023,PADI,0.7,HA
1722,5164,35,JAWA TIMUR,3526,KABUPATEN BANGKALAN,2023-09,2023,JAGUNG,0.0,HA
1722,5165,35,JAWA TIMUR,3526,KABUPATEN BANGKALAN,2023-09,2023,KEDELAI,0.0,HA
1722,5166,35,JAWA TIMUR,3526,KABUPATEN BANGKALAN,2023-09,2023,PADI,0.0,HA
1723,5167,35,JAWA TIMUR,3527,KABUPATEN SAMPANG,2023-09,2023,JAGUNG,0.0,HA
1723,5168,35,JAWA TIMUR,3527,KABUPATEN SAMPANG,2023-09,2023,KEDELAI,0.0,HA
1723,5169,35,JAWA TIMUR,3527,KABUPATEN SAMPANG,2023-09,2023,PADI,0.0,HA
1724,5170,35,JAWA TIMUR,3528,KABUPATEN PAMEKASAN,2023-09,2023,JAGUNG,0.0,HA
1724,5171,35,JAWA TIMUR,3528,KABUPATEN PAMEKASAN,2023-09,2023,KEDELAI,0.0,HA
1724,5172,35,JAWA TIMUR,3528,KABUPATEN PAMEKASAN,2023-09,2023,PADI,0.0,HA
1725,5173,35,JAWA TIMUR,3529,KABUPATEN SUMENEP,2023-09,2023,JAGUNG,0.0,HA
1725,5174,35,JAWA TIMUR,3529,KABUPATEN SUMENEP,2023-09,2023,KEDELAI,0.0,HA
1725,5175,35,JAWA TIMUR,3529,KABUPATEN SUMENEP,2023-09,2023,PADI,0.0,HA
1726,5176,35,JAWA TIMUR,3571,KOTA KEDIRI,2023-09,2023,JAGUNG,0.0,HA
1726,5177,35,JAWA TIMUR,3571,KOTA KEDIRI,2023-09,2023,KEDELAI,0.0,HA
1726,5178,35,JAWA TIMUR,3571,KOTA KEDIRI,2023-09,2023,PADI,0.0,HA
1731,5191,35,JAWA TIMUR,3572,KOTA BLITAR,2023-09,2023,JAGUNG,0.0,HA
1731,5192,35,JAWA TIMUR,3572,KOTA BLITAR,2023-09,2023,KEDELAI,0.0,HA
1731,5193,35,JAWA TIMUR,3572,KOTA BLITAR,2023-09,2023,PADI,0.0,HA
1732,5194,35,JAWA TIMUR,3573,KOTA MALANG,2023-09,2023,JAGUNG,0.0,HA
1732,5195,35,JAWA TIMUR,3573,KOTA MALANG,2023-09,2023,KEDELAI,0.0,HA
1732,5196,35,JAWA TIMUR,3573,KOTA MALANG,2023-09,2023,PADI,0.0,HA
1727,5179,35,JAWA TIMUR,3574,KOTA PROBOLINGGO,2023-09,2023,JAGUNG,0.0,HA
1727,5180,35,JAWA TIMUR,3574,KOTA PROBOLINGGO,2023-09,2023,KEDELAI,0.0,HA
1727,5181,35,JAWA TIMUR,3574,KOTA PROBOLINGGO,2023-09,2023,PADI,0.0,HA
1728,5182,35,JAWA TIMUR,3575,KOTA PASURUAN,2023-09,2023,JAGUNG,0.0,HA
1728,5183,35,JAWA TIMUR,3575,KOTA PASURUAN,2023-09,2023,KEDELAI,0.0,HA
1728,5184,35,JAWA TIMUR,3575,KOTA PASURUAN,2023-09,2023,PADI,0.0,HA
1733,5197,35,JAWA TIMUR,3576,KOTA MOJOKERTO,2023-09,2023,JAGUNG,0.0,HA
1733,5198,35,JAWA TIMUR,3576,KOTA MOJOKERTO,2023-09,2023,KEDELAI,0.0,HA
1733,5199,35,JAWA TIMUR,3576,KOTA MOJOKERTO,2023-09,2023,PADI,0.0,HA
1729,5185,35,JAWA TIMUR,3577,KOTA MADIUN,2023-09,2023,JAGUNG,0.0,HA
1729,5186,35,JAWA TIMUR,3577,KOTA MADIUN,2023-09,2023,KEDELAI,0.0,HA
1729,5187,35,JAWA TIMUR,3577,KOTA MADIUN,2023-09,2023,PADI,0.0,HA
1734,5200,35,JAWA TIMUR,3578,KOTA SURABAYA,2023-09,2023,JAGUNG,0.0,HA
1734,5201,35,JAWA TIMUR,3578,KOTA SURABAYA,2023-09,2023,KEDELAI,0.0,HA
1734,5202,35,JAWA TIMUR,3578,KOTA SURABAYA,2023-09,2023,PADI,0.0,HA
1730,5188,35,JAWA TIMUR,3579,KOTA BATU,2023-09,2023,JAGUNG,0.0,HA
1730,5189,35,JAWA TIMUR,3579,KOTA BATU,2023-09,2023,KEDELAI,0.0,HA
1730,5190,35,JAWA TIMUR,3579,KOTA BATU,2023-09,2023,PADI,0.0,HA
1736,5206,35,JAWA TIMUR,3501,KABUPATEN PACITAN,2023-10,2023,JAGUNG,0.0,HA
1736,5207,35,JAWA TIMUR,3501,KABUPATEN PACITAN,2023-10,2023,KEDELAI,0.0,HA
1736,5208,35,JAWA TIMUR,3501,KABUPATEN PACITAN,2023-10,2023,PADI,3.7,HA
1737,5209,35,JAWA TIMUR,3502,KABUPATEN PONOROGO,2023-10,2023,JAGUNG,0.0,HA
1737,5210,35,JAWA TIMUR,3502,KABUPATEN PONOROGO,2023-10,2023,KEDELAI,0.0,HA
1737,5211,35,JAWA TIMUR,3502,KABUPATEN PONOROGO,2023-10,2023,PADI,0.0,HA
1738,5212,35,JAWA TIMUR,3503,KABUPATEN TRENGGALEK,2023-10,2023,JAGUNG,0.9,HA
1738,5213,35,JAWA TIMUR,3503,KABUPATEN TRENGGALEK,2023-10,2023,KEDELAI,0.0,HA
1738,5214,35,JAWA TIMUR,3503,KABUPATEN TRENGGALEK,2023-10,2023,PADI,16.05,HA
1739,5215,35,JAWA TIMUR,3504,KABUPATEN TULUNGAGUNG,2023-10,2023,JAGUNG,0.0,HA
1739,5216,35,JAWA TIMUR,3504,KABUPATEN TULUNGAGUNG,2023-10,2023,KEDELAI,0.0,HA
1739,5217,35,JAWA TIMUR,3504,KABUPATEN TULUNGAGUNG,2023-10,2023,PADI,0.0,HA
1740,5218,35,JAWA TIMUR,3505,KABUPATEN BLITAR,2023-10,2023,JAGUNG,0.0,HA
1740,5219,35,JAWA TIMUR,3505,KABUPATEN BLITAR,2023-10,2023,KEDELAI,0.0,HA
1740,5220,35,JAWA TIMUR,3505,KABUPATEN BLITAR,2023-10,2023,PADI,0.0,HA
1741,5221,35,JAWA TIMUR,3506,KABUPATEN KEDIRI,2023-10,2023,JAGUNG,0.1,HA
1741,5222,35,JAWA TIMUR,3506,KABUPATEN KEDIRI,2023-10,2023,KEDELAI,0.0,HA
1741,5223,35,JAWA TIMUR,3506,KABUPATEN KEDIRI,2023-10,2023,PADI,0.49,HA
1742,5224,35,JAWA TIMUR,3507,KABUPATEN MALANG,2023-10,2023,JAGUNG,0.0,HA
1742,5225,35,JAWA TIMUR,3507,KABUPATEN MALANG,2023-10,2023,KEDELAI,0.0,HA
1742,5226,35,JAWA TIMUR,3507,KABUPATEN MALANG,2023-10,2023,PADI,0.0,HA
1743,5227,35,JAWA TIMUR,3508,KABUPATEN LUMAJANG,2023-10,2023,JAGUNG,0.0,HA
1743,5228,35,JAWA TIMUR,3508,KABUPATEN LUMAJANG,2023-10,2023,KEDELAI,0.0,HA
1743,5229,35,JAWA TIMUR,3508,KABUPATEN LUMAJANG,2023-10,2023,PADI,5.0,HA
1744,5230,35,JAWA TIMUR,3509,KABUPATEN JEMBER,2023-10,2023,JAGUNG,0.0,HA
1744,5231,35,JAWA TIMUR,3509,KABUPATEN JEMBER,2023-10,2023,KEDELAI,0.0,HA
1744,5232,35,JAWA TIMUR,3509,KABUPATEN JEMBER,2023-10,2023,PADI,0.0,HA
1745,5233,35,JAWA TIMUR,3510,KABUPATEN BANYUWANGI,2023-10,2023,JAGUNG,0.0,HA
1745,5234,35,JAWA TIMUR,3510,KABUPATEN BANYUWANGI,2023-10,2023,KEDELAI,0.0,HA
1745,5235,35,JAWA TIMUR,3510,KABUPATEN BANYUWANGI,2023-10,2023,PADI,51.5,HA
1746,5236,35,JAWA TIMUR,3511,KABUPATEN BONDOWOSO,2023-10,2023,JAGUNG,0.0,HA
1746,5237,35,JAWA TIMUR,3511,KABUPATEN BONDOWOSO,2023-10,2023,KEDELAI,0.0,HA
1746,5238,35,JAWA TIMUR,3511,KABUPATEN BONDOWOSO,2023-10,2023,PADI,0.0,HA
1747,5239,35,JAWA TIMUR,3512,KABUPATEN SITUBONDO,2023-10,2023,JAGUNG,0.0,HA
1747,5240,35,JAWA TIMUR,3512,KABUPATEN SITUBONDO,2023-10,2023,KEDELAI,0.0,HA
1747,5241,35,JAWA TIMUR,3512,KABUPATEN SITUBONDO,2023-10,2023,PADI,0.0,HA
1748,5242,35,JAWA TIMUR,3513,KABUPATEN PROBOLINGGO,2023-10,2023,JAGUNG,0.0,HA
1748,5243,35,JAWA TIMUR,3513,KABUPATEN PROBOLINGGO,2023-10,2023,KEDELAI,0.0,HA
1748,5244,35,JAWA TIMUR,3513,KABUPATEN PROBOLINGGO,2023-10,2023,PADI,0.0,HA
1749,5245,35,JAWA TIMUR,3514,KABUPATEN PASURUAN,2023-10,2023,JAGUNG,0.0,HA
1749,5246,35,JAWA TIMUR,3514,KABUPATEN PASURUAN,2023-10,2023,KEDELAI,0.0,HA
1749,5247,35,JAWA TIMUR,3514,KABUPATEN PASURUAN,2023-10,2023,PADI,0.0,HA
1750,5248,35,JAWA TIMUR,3515,KABUPATEN SIDOARJO,2023-10,2023,JAGUNG,0.0,HA
1750,5249,35,JAWA TIMUR,3515,KABUPATEN SIDOARJO,2023-10,2023,KEDELAI,0.0,HA
1750,5250,35,JAWA TIMUR,3515,KABUPATEN SIDOARJO,2023-10,2023,PADI,0.0,HA
1751,5251,35,JAWA TIMUR,3516,KABUPATEN MOJOKERTO,2023-10,2023,JAGUNG,0.0,HA
1751,5252,35,JAWA TIMUR,3516,KABUPATEN MOJOKERTO,2023-10,2023,KEDELAI,0.0,HA
1751,5253,35,JAWA TIMUR,3516,KABUPATEN MOJOKERTO,2023-10,2023,PADI,14.0,HA
1752,5254,35,JAWA TIMUR,3517,KABUPATEN JOMBANG,2023-10,2023,JAGUNG,0.0,HA
1752,5255,35,JAWA TIMUR,3517,KABUPATEN JOMBANG,2023-10,2023,KEDELAI,0.0,HA
1752,5256,35,JAWA TIMUR,3517,KABUPATEN JOMBANG,2023-10,2023,PADI,511.0,HA
1753,5257,35,JAWA TIMUR,3518,KABUPATEN NGANJUK,2023-10,2023,JAGUNG,0.0,HA
1753,5258,35,JAWA TIMUR,3518,KABUPATEN NGANJUK,2023-10,2023,KEDELAI,0.0,HA
1753,5259,35,JAWA TIMUR,3518,KABUPATEN NGANJUK,2023-10,2023,PADI,0.0,HA
1754,5260,35,JAWA TIMUR,3519,KABUPATEN MADIUN,2023-10,2023,JAGUNG,0.0,HA
1754,5261,35,JAWA TIMUR,3519,KABUPATEN MADIUN,2023-10,2023,KEDELAI,0.0,HA
1754,5262,35,JAWA TIMUR,3519,KABUPATEN MADIUN,2023-10,2023,PADI,0.78,HA
1755,5263,35,JAWA TIMUR,3520,KABUPATEN MAGETAN,2023-10,2023,JAGUNG,32.0,HA
1755,5264,35,JAWA TIMUR,3520,KABUPATEN MAGETAN,2023-10,2023,KEDELAI,0.0,HA
1755,5265,35,JAWA TIMUR,3520,KABUPATEN MAGETAN,2023-10,2023,PADI,2.5,HA
1756,5266,35,JAWA TIMUR,3521,KABUPATEN NGAWI,2023-10,2023,JAGUNG,0.0,HA
1756,5267,35,JAWA TIMUR,3521,KABUPATEN NGAWI,2023-10,2023,KEDELAI,0.0,HA
1756,5268,35,JAWA TIMUR,3521,KABUPATEN NGAWI,2023-10,2023,PADI,25.7,HA
1757,5269,35,JAWA TIMUR,3522,KABUPATEN BOJONEGORO,2023-10,2023,JAGUNG,0.0,HA
1757,5270,35,JAWA TIMUR,3522,KABUPATEN BOJONEGORO,2023-10,2023,KEDELAI,0.0,HA
1757,5271,35,JAWA TIMUR,3522,KABUPATEN BOJONEGORO,2023-10,2023,PADI,11.0,HA
1758,5272,35,JAWA TIMUR,3523,KABUPATEN TUBAN,2023-10,2023,JAGUNG,0.0,HA
1758,5273,35,JAWA TIMUR,3523,KABUPATEN TUBAN,2023-10,2023,KEDELAI,0.0,HA
1758,5274,35,JAWA TIMUR,3523,KABUPATEN TUBAN,2023-10,2023,PADI,2.75,HA
1759,5275,35,JAWA TIMUR,3524,KABUPATEN LAMONGAN,2023-10,2023,JAGUNG,0.6,HA
1759,5276,35,JAWA TIMUR,3524,KABUPATEN LAMONGAN,2023-10,2023,KEDELAI,0.0,HA
1759,5277,35,JAWA TIMUR,3524,KABUPATEN LAMONGAN,2023-10,2023,PADI,103.0,HA
1760,5278,35,JAWA TIMUR,3525,KABUPATEN GRESIK,2023-10,2023,JAGUNG,0.0,HA
1760,5279,35,JAWA TIMUR,3525,KABUPATEN GRESIK,2023-10,2023,KEDELAI,0.0,HA
1760,5280,35,JAWA TIMUR,3525,KABUPATEN GRESIK,2023-10,2023,PADI,13.3,HA
1761,5281,35,JAWA TIMUR,3526,KABUPATEN BANGKALAN,2023-10,2023,JAGUNG,0.0,HA
1761,5282,35,JAWA TIMUR,3526,KABUPATEN BANGKALAN,2023-10,2023,KEDELAI,0.0,HA
1761,5283,35,JAWA TIMUR,3526,KABUPATEN BANGKALAN,2023-10,2023,PADI,0.0,HA
1762,5284,35,JAWA TIMUR,3527,KABUPATEN SAMPANG,2023-10,2023,JAGUNG,0.0,HA
1762,5285,35,JAWA TIMUR,3527,KABUPATEN SAMPANG,2023-10,2023,KEDELAI,0.0,HA
1762,5286,35,JAWA TIMUR,3527,KABUPATEN SAMPANG,2023-10,2023,PADI,0.0,HA
1763,5287,35,JAWA TIMUR,3528,KABUPATEN PAMEKASAN,2023-10,2023,JAGUNG,0.0,HA
1763,5288,35,JAWA TIMUR,3528,KABUPATEN PAMEKASAN,2023-10,2023,KEDELAI,0.0,HA
1763,5289,35,JAWA TIMUR,3528,KABUPATEN PAMEKASAN,2023-10,2023,PADI,0.0,HA
1764,5290,35,JAWA TIMUR,3529,KABUPATEN SUMENEP,2023-10,2023,JAGUNG,0.0,HA
1764,5291,35,JAWA TIMUR,3529,KABUPATEN SUMENEP,2023-10,2023,KEDELAI,0.0,HA
1764,5292,35,JAWA TIMUR,3529,KABUPATEN SUMENEP,2023-10,2023,PADI,0.0,HA
1765,5293,35,JAWA TIMUR,3571,KOTA KEDIRI,2023-10,2023,JAGUNG,0.0,HA
1765,5294,35,JAWA TIMUR,3571,KOTA KEDIRI,2023-10,2023,KEDELAI,0.0,HA
1765,5295,35,JAWA TIMUR,3571,KOTA KEDIRI,2023-10,2023,PADI,0.0,HA
1770,5308,35,JAWA TIMUR,3572,KOTA BLITAR,2023-10,2023,JAGUNG,0.0,HA
1770,5309,35,JAWA TIMUR,3572,KOTA BLITAR,2023-10,2023,KEDELAI,0.0,HA
1770,5310,35,JAWA TIMUR,3572,KOTA BLITAR,2023-10,2023,PADI,0.0,HA
1771,5311,35,JAWA TIMUR,3573,KOTA MALANG,2023-10,2023,JAGUNG,0.0,HA
1771,5312,35,JAWA TIMUR,3573,KOTA MALANG,2023-10,2023,KEDELAI,0.0,HA
1771,5313,35,JAWA TIMUR,3573,KOTA MALANG,2023-10,2023,PADI,0.28,HA
1766,5296,35,JAWA TIMUR,3574,KOTA PROBOLINGGO,2023-10,2023,JAGUNG,0.0,HA
1766,5297,35,JAWA TIMUR,3574,KOTA PROBOLINGGO,2023-10,2023,KEDELAI,0.0,HA
1766,5298,35,JAWA TIMUR,3574,KOTA PROBOLINGGO,2023-10,2023,PADI,0.0,HA
1767,5299,35,JAWA TIMUR,3575,KOTA PASURUAN,2023-10,2023,JAGUNG,0.0,HA
1767,5300,35,JAWA TIMUR,3575,KOTA PASURUAN,2023-10,2023,KEDELAI,0.0,HA
1767,5301,35,JAWA TIMUR,3575,KOTA PASURUAN,2023-10,2023,PADI,0.0,HA
1772,5314,35,JAWA TIMUR,3576,KOTA MOJOKERTO,2023-10,2023,JAGUNG,0.0,HA
1772,5315,35,JAWA TIMUR,3576,KOTA MOJOKERTO,2023-10,2023,KEDELAI,0.0,HA
1772,5316,35,JAWA TIMUR,3576,KOTA MOJOKERTO,2023-10,2023,PADI,0.0,HA
1768,5302,35,JAWA TIMUR,3577,KOTA MADIUN,2023-10,2023,JAGUNG,0.0,HA
1768,5303,35,JAWA TIMUR,3577,KOTA MADIUN,2023-10,2023,KEDELAI,0.0,HA
1768,5304,35,JAWA TIMUR,3577,KOTA MADIUN,2023-10,2023,PADI,0.0,HA
1773,5317,35,JAWA TIMUR,3578,KOTA SURABAYA,2023-10,2023,JAGUNG,0.0,HA
1773,5318,35,JAWA TIMUR,3578,KOTA SURABAYA,2023-10,2023,KEDELAI,0.0,HA
1773,5319,35,JAWA TIMUR,3578,KOTA SURABAYA,2023-10,2023,PADI,0.0,HA
1769,5305,35,JAWA TIMUR,3579,KOTA BATU,2023-10,2023,JAGUNG,0.0,HA
1769,5306,35,JAWA TIMUR,3579,KOTA BATU,2023-10,2023,KEDELAI,0.0,HA
1769,5307,35,JAWA TIMUR,3579,KOTA BATU,2023-10,2023,PADI,0.0,HA
1775,5323,35,JAWA TIMUR,3501,KABUPATEN PACITAN,2023-11,2023,JAGUNG,0.0,HA
1775,5324,35,JAWA TIMUR,3501,KABUPATEN PACITAN,2023-11,2023,KEDELAI,0.0,HA
1775,5325,35,JAWA TIMUR,3501,KABUPATEN PACITAN,2023-11,2023,PADI,0.0,HA
1776,5326,35,JAWA TIMUR,3502,KABUPATEN PONOROGO,2023-11,2023,JAGUNG,0.0,HA
1776,5327,35,JAWA TIMUR,3502,KABUPATEN PONOROGO,2023-11,2023,KEDELAI,0.0,HA
1776,5328,35,JAWA TIMUR,3502,KABUPATEN PONOROGO,2023-11,2023,PADI,0.0,HA
1777,5329,35,JAWA TIMUR,3503,KABUPATEN TRENGGALEK,2023-11,2023,JAGUNG,0.0,HA
1777,5330,35,JAWA TIMUR,3503,KABUPATEN TRENGGALEK,2023-11,2023,KEDELAI,0.0,HA
1777,5331,35,JAWA TIMUR,3503,KABUPATEN TRENGGALEK,2023-11,2023,PADI,0.8,HA
1778,5332,35,JAWA TIMUR,3504,KABUPATEN TULUNGAGUNG,2023-11,2023,JAGUNG,0.0,HA
1778,5333,35,JAWA TIMUR,3504,KABUPATEN TULUNGAGUNG,2023-11,2023,KEDELAI,0.0,HA
1778,5334,35,JAWA TIMUR,3504,KABUPATEN TULUNGAGUNG,2023-11,2023,PADI,8.0,HA
1779,5335,35,JAWA TIMUR,3505,KABUPATEN BLITAR,2023-11,2023,JAGUNG,0.0,HA
1779,5336,35,JAWA TIMUR,3505,KABUPATEN BLITAR,2023-11,2023,KEDELAI,0.0,HA
1779,5337,35,JAWA TIMUR,3505,KABUPATEN BLITAR,2023-11,2023,PADI,0.0,HA
1780,5338,35,JAWA TIMUR,3506,KABUPATEN KEDIRI,2023-11,2023,JAGUNG,0.0,HA
1780,5339,35,JAWA TIMUR,3506,KABUPATEN KEDIRI,2023-11,2023,KEDELAI,0.0,HA
1780,5340,35,JAWA TIMUR,3506,KABUPATEN KEDIRI,2023-11,2023,PADI,0.0,HA
1781,5341,35,JAWA TIMUR,3507,KABUPATEN MALANG,2023-11,2023,JAGUNG,0.0,HA
1781,5342,35,JAWA TIMUR,3507,KABUPATEN MALANG,2023-11,2023,KEDELAI,0.0,HA
1781,5343,35,JAWA TIMUR,3507,KABUPATEN MALANG,2023-11,2023,PADI,0.0,HA
1782,5344,35,JAWA TIMUR,3508,KABUPATEN LUMAJANG,2023-11,2023,JAGUNG,0.0,HA
1782,5345,35,JAWA TIMUR,3508,KABUPATEN LUMAJANG,2023-11,2023,KEDELAI,0.0,HA
1782,5346,35,JAWA TIMUR,3508,KABUPATEN LUMAJANG,2023-11,2023,PADI,2.0,HA
1783,5347,35,JAWA TIMUR,3509,KABUPATEN JEMBER,2023-11,2023,JAGUNG,0.0,HA
1783,5348,35,JAWA TIMUR,3509,KABUPATEN JEMBER,2023-11,2023,KEDELAI,0.0,HA
1783,5349,35,JAWA TIMUR,3509,KABUPATEN JEMBER,2023-11,2023,PADI,0.0,HA
1784,5350,35,JAWA TIMUR,3510,KABUPATEN BANYUWANGI,2023-11,2023,JAGUNG,8.0,HA
1784,5351,35,JAWA TIMUR,3510,KABUPATEN BANYUWANGI,2023-11,2023,KEDELAI,0.0,HA
1784,5352,35,JAWA TIMUR,3510,KABUPATEN BANYUWANGI,2023-11,2023,PADI,35.5,HA
1785,5353,35,JAWA TIMUR,3511,KABUPATEN BONDOWOSO,2023-11,2023,JAGUNG,0.0,HA
1785,5354,35,JAWA TIMUR,3511,KABUPATEN BONDOWOSO,2023-11,2023,KEDELAI,0.0,HA
1785,5355,35,JAWA TIMUR,3511,KABUPATEN BONDOWOSO,2023-11,2023,PADI,0.0,HA
1786,5356,35,JAWA TIMUR,3512,KABUPATEN SITUBONDO,2023-11,2023,JAGUNG,0.0,HA
1786,5357,35,JAWA TIMUR,3512,KABUPATEN SITUBONDO,2023-11,2023,KEDELAI,0.0,HA
1786,5358,35,JAWA TIMUR,3512,KABUPATEN SITUBONDO,2023-11,2023,PADI,0.0,HA
1787,5359,35,JAWA TIMUR,3513,KABUPATEN PROBOLINGGO,2023-11,2023,JAGUNG,0.0,HA
1787,5360,35,JAWA TIMUR,3513,KABUPATEN PROBOLINGGO,2023-11,2023,KEDELAI,0.0,HA
1787,5361,35,JAWA TIMUR,3513,KABUPATEN PROBOLINGGO,2023-11,2023,PADI,0.0,HA
1788,5362,35,JAWA TIMUR,3514,KABUPATEN PASURUAN,2023-11,2023,JAGUNG,0.0,HA
1788,5363,35,JAWA TIMUR,3514,KABUPATEN PASURUAN,2023-11,2023,KEDELAI,0.0,HA
1788,5364,35,JAWA TIMUR,3514,KABUPATEN PASURUAN,2023-11,2023,PADI,0.0,HA
1789,5365,35,JAWA TIMUR,3515,KABUPATEN SIDOARJO,2023-11,2023,JAGUNG,0.0,HA
1789,5366,35,JAWA TIMUR,3515,KABUPATEN SIDOARJO,2023-11,2023,KEDELAI,0.0,HA
1789,5367,35,JAWA TIMUR,3515,KABUPATEN SIDOARJO,2023-11,2023,PADI,0.0,HA
1790,5368,35,JAWA TIMUR,3516,KABUPATEN MOJOKERTO,2023-11,2023,JAGUNG,0.0,HA
1790,5369,35,JAWA TIMUR,3516,KABUPATEN MOJOKERTO,2023-11,2023,KEDELAI,0.0,HA
1790,5370,35,JAWA TIMUR,3516,KABUPATEN MOJOKERTO,2023-11,2023,PADI,0.0,HA
1791,5371,35,JAWA TIMUR,3517,KABUPATEN JOMBANG,2023-11,2023,JAGUNG,0.0,HA
1791,5372,35,JAWA TIMUR,3517,KABUPATEN JOMBANG,2023-11,2023,KEDELAI,0.0,HA
1791,5373,35,JAWA TIMUR,3517,KABUPATEN JOMBANG,2023-11,2023,PADI,0.0,HA
1792,5374,35,JAWA TIMUR,3518,KABUPATEN NGANJUK,2023-11,2023,JAGUNG,0.0,HA
1792,5375,35,JAWA TIMUR,3518,KABUPATEN NGANJUK,2023-11,2023,KEDELAI,0.0,HA
1792,5376,35,JAWA TIMUR,3518,KABUPATEN NGANJUK,2023-11,2023,PADI,0.37,HA
1793,5377,35,JAWA TIMUR,3519,KABUPATEN MADIUN,2023-11,2023,JAGUNG,0.0,HA
1793,5378,35,JAWA TIMUR,3519,KABUPATEN MADIUN,2023-11,2023,KEDELAI,0.0,HA
1793,5379,35,JAWA TIMUR,3519,KABUPATEN MADIUN,2023-11,2023,PADI,0.0,HA
1794,5380,35,JAWA TIMUR,3520,KABUPATEN MAGETAN,2023-11,2023,JAGUNG,0.0,HA
1794,5381,35,JAWA TIMUR,3520,KABUPATEN MAGETAN,2023-11,2023,KEDELAI,0.0,HA
1794,5382,35,JAWA TIMUR,3520,KABUPATEN MAGETAN,2023-11,2023,PADI,0.0,HA
1795,5383,35,JAWA TIMUR,3521,KABUPATEN NGAWI,2023-11,2023,JAGUNG,0.0,HA
1795,5384,35,JAWA TIMUR,3521,KABUPATEN NGAWI,2023-11,2023,KEDELAI,0.0,HA
1795,5385,35,JAWA TIMUR,3521,KABUPATEN NGAWI,2023-11,2023,PADI,0.0,HA
1796,5386,35,JAWA TIMUR,3522,KABUPATEN BOJONEGORO,2023-11,2023,JAGUNG,0.0,HA
1796,5387,35,JAWA TIMUR,3522,KABUPATEN BOJONEGORO,2023-11,2023,KEDELAI,0.0,HA
1796,5388,35,JAWA TIMUR,3522,KABUPATEN BOJONEGORO,2023-11,2023,PADI,0.0,HA
1797,5389,35,JAWA TIMUR,3523,KABUPATEN TUBAN,2023-11,2023,JAGUNG,0.0,HA
1797,5390,35,JAWA TIMUR,3523,KABUPATEN TUBAN,2023-11,2023,KEDELAI,0.0,HA
1797,5391,35,JAWA TIMUR,3523,KABUPATEN TUBAN,2023-11,2023,PADI,0.0,HA
1798,5392,35,JAWA TIMUR,3524,KABUPATEN LAMONGAN,2023-11,2023,JAGUNG,0.3,HA
1798,5393,35,JAWA TIMUR,3524,KABUPATEN LAMONGAN,2023-11,2023,KEDELAI,0.0,HA
1798,5394,35,JAWA TIMUR,3524,KABUPATEN LAMONGAN,2023-11,2023,PADI,1.0,HA
1799,5395,35,JAWA TIMUR,3525,KABUPATEN GRESIK,2023-11,2023,JAGUNG,0.0,HA
1799,5396,35,JAWA TIMUR,3525,KABUPATEN GRESIK,2023-11,2023,KEDELAI,0.0,HA
1799,5397,35,JAWA TIMUR,3525,KABUPATEN GRESIK,2023-11,2023,PADI,0.7,HA
1800,5398,35,JAWA TIMUR,3526,KABUPATEN BANGKALAN,2023-11,2023,JAGUNG,0.0,HA
1800,5399,35,JAWA TIMUR,3526,KABUPATEN BANGKALAN,2023-11,2023,KEDELAI,0.0,HA
1800,5400,35,JAWA TIMUR,3526,KABUPATEN BANGKALAN,2023-11,2023,PADI,0.0,HA
1801,5401,35,JAWA TIMUR,3527,KABUPATEN SAMPANG,2023-11,2023,JAGUNG,0.0,HA
1801,5402,35,JAWA TIMUR,3527,KABUPATEN SAMPANG,2023-11,2023,KEDELAI,0.0,HA
1801,5403,35,JAWA TIMUR,3527,KABUPATEN SAMPANG,2023-11,2023,PADI,0.0,HA
1802,5404,35,JAWA TIMUR,3528,KABUPATEN PAMEKASAN,2023-11,2023,JAGUNG,0.0,HA
1802,5405,35,JAWA TIMUR,3528,KABUPATEN PAMEKASAN,2023-11,2023,KEDELAI,0.0,HA
1802,5406,35,JAWA TIMUR,3528,KABUPATEN PAMEKASAN,2023-11,2023,PADI,0.0,HA
1803,5407,35,JAWA TIMUR,3529,KABUPATEN SUMENEP,2023-11,2023,JAGUNG,0.0,HA
1803,5408,35,JAWA TIMUR,3529,KABUPATEN SUMENEP,2023-11,2023,KEDELAI,0.0,HA
1803,5409,35,JAWA TIMUR,3529,KABUPATEN SUMENEP,2023-11,2023,PADI,0.0,HA
1804,5410,35,JAWA TIMUR,3571,KOTA KEDIRI,2023-11,2023,JAGUNG,0.0,HA
1804,5411,35,JAWA TIMUR,3571,KOTA KEDIRI,2023-11,2023,KEDELAI,0.0,HA
1804,5412,35,JAWA TIMUR,3571,KOTA KEDIRI,2023-11,2023,PADI,0.0,HA
1809,5425,35,JAWA TIMUR,3572,KOTA BLITAR,2023-11,2023,JAGUNG,0.0,HA
1809,5426,35,JAWA TIMUR,3572,KOTA BLITAR,2023-11,2023,KEDELAI,0.0,HA
1809,5427,35,JAWA TIMUR,3572,KOTA BLITAR,2023-11,2023,PADI,0.0,HA
1810,5428,35,JAWA TIMUR,3573,KOTA MALANG,2023-11,2023,JAGUNG,0.0,HA
1810,5429,35,JAWA TIMUR,3573,KOTA MALANG,2023-11,2023,KEDELAI,0.0,HA
1810,5430,35,JAWA TIMUR,3573,KOTA MALANG,2023-11,2023,PADI,0.0,HA
1805,5413,35,JAWA TIMUR,3574,KOTA PROBOLINGGO,2023-11,2023,JAGUNG,0.0,HA
1805,5414,35,JAWA TIMUR,3574,KOTA PROBOLINGGO,2023-11,2023,KEDELAI,0.0,HA
1805,5415,35,JAWA TIMUR,3574,KOTA PROBOLINGGO,2023-11,2023,PADI,0.0,HA
1806,5416,35,JAWA TIMUR,3575,KOTA PASURUAN,2023-11,2023,JAGUNG,0.0,HA
1806,5417,35,JAWA TIMUR,3575,KOTA PASURUAN,2023-11,2023,KEDELAI,0.0,HA
1806,5418,35,JAWA TIMUR,3575,KOTA PASURUAN,2023-11,2023,PADI,0.0,HA
1811,5431,35,JAWA TIMUR,3576,KOTA MOJOKERTO,2023-11,2023,JAGUNG,0.0,HA
1811,5432,35,JAWA TIMUR,3576,KOTA MOJOKERTO,2023-11,2023,KEDELAI,0.0,HA
1811,5433,35,JAWA TIMUR,3576,KOTA MOJOKERTO,2023-11,2023,PADI,0.0,HA
1807,5419,35,JAWA TIMUR,3577,KOTA MADIUN,2023-11,2023,JAGUNG,0.0,HA
1807,5420,35,JAWA TIMUR,3577,KOTA MADIUN,2023-11,2023,KEDELAI,0.0,HA
1807,5421,35,JAWA TIMUR,3577,KOTA MADIUN,2023-11,2023,PADI,0.0,HA
1812,5434,35,JAWA TIMUR,3578,KOTA SURABAYA,2023-11,2023,JAGUNG,0.0,HA
1812,5435,35,JAWA TIMUR,3578,KOTA SURABAYA,2023-11,2023,KEDELAI,0.0,HA
1812,5436,35,JAWA TIMUR,3578,KOTA SURABAYA,2023-11,2023,PADI,0.0,HA
1808,5422,35,JAWA TIMUR,3579,KOTA BATU,2023-11,2023,JAGUNG,0.0,HA
1808,5423,35,JAWA TIMUR,3579,KOTA BATU,2023-11,2023,KEDELAI,0.0,HA
1808,5424,35,JAWA TIMUR,3579,KOTA BATU,2023-11,2023,PADI,0.0,HA
1814,5440,35,JAWA TIMUR,3501,KABUPATEN PACITAN,2023-12,2023,JAGUNG,0.0,HA
1814,5441,35,JAWA TIMUR,3501,KABUPATEN PACITAN,2023-12,2023,KEDELAI,0.0,HA
1814,5442,35,JAWA TIMUR,3501,KABUPATEN PACITAN,2023-12,2023,PADI,5.7,HA
1815,5443,35,JAWA TIMUR,3502,KABUPATEN PONOROGO,2023-12,2023,JAGUNG,701.2,HA
1815,5444,35,JAWA TIMUR,3502,KABUPATEN PONOROGO,2023-12,2023,KEDELAI,0.0,HA
1815,5445,35,JAWA TIMUR,3502,KABUPATEN PONOROGO,2023-12,2023,PADI,5.2,HA
1816,5446,35,JAWA TIMUR,3503,KABUPATEN TRENGGALEK,2023-12,2023,JAGUNG,0.0,HA
1816,5447,35,JAWA TIMUR,3503,KABUPATEN TRENGGALEK,2023-12,2023,KEDELAI,0.0,HA
1816,5448,35,JAWA TIMUR,3503,KABUPATEN TRENGGALEK,2023-12,2023,PADI,0.0,HA
1817,5449,35,JAWA TIMUR,3504,KABUPATEN TULUNGAGUNG,2023-12,2023,JAGUNG,3760.0,HA
1817,5450,35,JAWA TIMUR,3504,KABUPATEN TULUNGAGUNG,2023-12,2023,KEDELAI,0.0,HA
1817,5451,35,JAWA TIMUR,3504,KABUPATEN TULUNGAGUNG,2023-12,2023,PADI,0.0,HA
1818,5452,35,JAWA TIMUR,3505,KABUPATEN BLITAR,2023-12,2023,JAGUNG,0.0,HA
1818,5453,35,JAWA TIMUR,3505,KABUPATEN BLITAR,2023-12,2023,KEDELAI,0.0,HA
1818,5454,35,JAWA TIMUR,3505,KABUPATEN BLITAR,2023-12,2023,PADI,0.0,HA
1819,5455,35,JAWA TIMUR,3506,KABUPATEN KEDIRI,2023-12,2023,JAGUNG,0.0,HA
1819,5456,35,JAWA TIMUR,3506,KABUPATEN KEDIRI,2023-12,2023,KEDELAI,0.0,HA
1819,5457,35,JAWA TIMUR,3506,KABUPATEN KEDIRI,2023-12,2023,PADI,0.0,HA
1820,5458,35,JAWA TIMUR,3507,KABUPATEN MALANG,2023-12,2023,JAGUNG,0.0,HA
1820,5459,35,JAWA TIMUR,3507,KABUPATEN MALANG,2023-12,2023,KEDELAI,0.0,HA
1820,5460,35,JAWA TIMUR,3507,KABUPATEN MALANG,2023-12,2023,PADI,0.0,HA
1821,5461,35,JAWA TIMUR,3508,KABUPATEN LUMAJANG,2023-12,2023,JAGUNG,0.0,HA
1821,5462,35,JAWA TIMUR,3508,KABUPATEN LUMAJANG,2023-12,2023,KEDELAI,0.0,HA
1821,5463,35,JAWA TIMUR,3508,KABUPATEN LUMAJANG,2023-12,2023,PADI,0.0,HA
1822,5464,35,JAWA TIMUR,3509,KABUPATEN JEMBER,2023-12,2023,JAGUNG,0.0,HA
1822,5465,35,JAWA TIMUR,3509,KABUPATEN JEMBER,2023-12,2023,KEDELAI,0.0,HA
1822,5466,35,JAWA TIMUR,3509,KABUPATEN JEMBER,2023-12,2023,PADI,0.0,HA
1823,5467,35,JAWA TIMUR,3510,KABUPATEN BANYUWANGI,2023-12,2023,JAGUNG,0.0,HA
1823,5468,35,JAWA TIMUR,3510,KABUPATEN BANYUWANGI,2023-12,2023,KEDELAI,0.0,HA
1823,5469,35,JAWA TIMUR,3510,KABUPATEN BANYUWANGI,2023-12,2023,PADI,0.0,HA
1824,5470,35,JAWA TIMUR,3511,KABUPATEN BONDOWOSO,2023-12,2023,JAGUNG,0.0,HA
1824,5471,35,JAWA TIMUR,3511,KABUPATEN BONDOWOSO,2023-12,2023,KEDELAI,0.0,HA
1824,5472,35,JAWA TIMUR,3511,KABUPATEN BONDOWOSO,2023-12,2023,PADI,0.0,HA
1825,5473,35,JAWA TIMUR,3512,KABUPATEN SITUBONDO,2023-12,2023,JAGUNG,0.0,HA
1825,5474,35,JAWA TIMUR,3512,KABUPATEN SITUBONDO,2023-12,2023,KEDELAI,0.0,HA
1825,5475,35,JAWA TIMUR,3512,KABUPATEN SITUBONDO,2023-12,2023,PADI,0.0,HA
1826,5476,35,JAWA TIMUR,3513,KABUPATEN PROBOLINGGO,2023-12,2023,JAGUNG,0.0,HA
1826,5477,35,JAWA TIMUR,3513,KABUPATEN PROBOLINGGO,2023-12,2023,KEDELAI,0.0,HA
1826,5478,35,JAWA TIMUR,3513,KABUPATEN PROBOLINGGO,2023-12,2023,PADI,0.0,HA
1827,5479,35,JAWA TIMUR,3514,KABUPATEN PASURUAN,2023-12,2023,JAGUNG,1.0,HA
1827,5480,35,JAWA TIMUR,3514,KABUPATEN PASURUAN,2023-12,2023,KEDELAI,0.0,HA
1827,5481,35,JAWA TIMUR,3514,KABUPATEN PASURUAN,2023-12,2023,PADI,1.0,HA
1828,5482,35,JAWA TIMUR,3515,KABUPATEN SIDOARJO,2023-12,2023,JAGUNG,0.0,HA
1828,5483,35,JAWA TIMUR,3515,KABUPATEN SIDOARJO,2023-12,2023,KEDELAI,0.0,HA
1828,5484,35,JAWA TIMUR,3515,KABUPATEN SIDOARJO,2023-12,2023,PADI,0.0,HA
1829,5485,35,JAWA TIMUR,3516,KABUPATEN MOJOKERTO,2023-12,2023,JAGUNG,0.0,HA
1829,5486,35,JAWA TIMUR,3516,KABUPATEN MOJOKERTO,2023-12,2023,KEDELAI,0.0,HA
1829,5487,35,JAWA TIMUR,3516,KABUPATEN MOJOKERTO,2023-12,2023,PADI,0.0,HA
1830,5488,35,JAWA TIMUR,3517,KABUPATEN JOMBANG,2023-12,2023,JAGUNG,0.0,HA
1830,5489,35,JAWA TIMUR,3517,KABUPATEN JOMBANG,2023-12,2023,KEDELAI,0.0,HA
1830,5490,35,JAWA TIMUR,3517,KABUPATEN JOMBANG,2023-12,2023,PADI,0.0,HA
1831,5491,35,JAWA TIMUR,3518,KABUPATEN NGANJUK,2023-12,2023,JAGUNG,0.0,HA
1831,5492,35,JAWA TIMUR,3518,KABUPATEN NGANJUK,2023-12,2023,KEDELAI,0.0,HA
1831,5493,35,JAWA TIMUR,3518,KABUPATEN NGANJUK,2023-12,2023,PADI,5.14,HA
1832,5494,35,JAWA TIMUR,3519,KABUPATEN MADIUN,2023-12,2023,JAGUNG,0.0,HA
1832,5495,35,JAWA TIMUR,3519,KABUPATEN MADIUN,2023-12,2023,KEDELAI,0.0,HA
1832,5496,35,JAWA TIMUR,3519,KABUPATEN MADIUN,2023-12,2023,PADI,0.0,HA
1833,5497,35,JAWA TIMUR,3520,KABUPATEN MAGETAN,2023-12,2023,JAGUNG,0.0,HA
1833,5498,35,JAWA TIMUR,3520,KABUPATEN MAGETAN,2023-12,2023,KEDELAI,0.0,HA
1833,5499,35,JAWA TIMUR,3520,KABUPATEN MAGETAN,2023-12,2023,PADI,2.1,HA
1834,5500,35,JAWA TIMUR,3521,KABUPATEN NGAWI,2023-12,2023,JAGUNG,0.0,HA
1834,5501,35,JAWA TIMUR,3521,KABUPATEN NGAWI,2023-12,2023,KEDELAI,0.0,HA
1834,5502,35,JAWA TIMUR,3521,KABUPATEN NGAWI,2023-12,2023,PADI,20.0,HA
1835,5503,35,JAWA TIMUR,3522,KABUPATEN BOJONEGORO,2023-12,2023,JAGUNG,0.0,HA
1835,5504,35,JAWA TIMUR,3522,KABUPATEN BOJONEGORO,2023-12,2023,KEDELAI,0.0,HA
1835,5505,35,JAWA TIMUR,3522,KABUPATEN BOJONEGORO,2023-12,2023,PADI,0.0,HA
1836,5506,35,JAWA TIMUR,3523,KABUPATEN TUBAN,2023-12,2023,JAGUNG,0.0,HA
1836,5507,35,JAWA TIMUR,3523,KABUPATEN TUBAN,2023-12,2023,KEDELAI,0.0,HA
1836,5508,35,JAWA TIMUR,3523,KABUPATEN TUBAN,2023-12,2023,PADI,0.0,HA
1837,5509,35,JAWA TIMUR,3524,KABUPATEN LAMONGAN,2023-12,2023,JAGUNG,0.0,HA
1837,5510,35,JAWA TIMUR,3524,KABUPATEN LAMONGAN,2023-12,2023,KEDELAI,0.0,HA
1837,5511,35,JAWA TIMUR,3524,KABUPATEN LAMONGAN,2023-12,2023,PADI,0.0,HA
1838,5512,35,JAWA TIMUR,3525,KABUPATEN GRESIK,2023-12,2023,JAGUNG,0.0,HA
1838,5513,35,JAWA TIMUR,3525,KABUPATEN GRESIK,2023-12,2023,KEDELAI,0.0,HA
1838,5514,35,JAWA TIMUR,3525,KABUPATEN GRESIK,2023-12,2023,PADI,0.0,HA
1839,5515,35,JAWA TIMUR,3526,KABUPATEN BANGKALAN,2023-12,2023,JAGUNG,5.0,HA
1839,5516,35,JAWA TIMUR,3526,KABUPATEN BANGKALAN,2023-12,2023,KEDELAI,0.0,HA
1839,5517,35,JAWA TIMUR,3526,KABUPATEN BANGKALAN,2023-12,2023,PADI,14.8,HA
1840,5518,35,JAWA TIMUR,3527,KABUPATEN SAMPANG,2023-12,2023,JAGUNG,0.0,HA
1840,5519,35,JAWA TIMUR,3527,KABUPATEN SAMPANG,2023-12,2023,KEDELAI,0.0,HA
1840,5520,35,JAWA TIMUR,3527,KABUPATEN SAMPANG,2023-12,2023,PADI,5.0,HA
1841,5521,35,JAWA TIMUR,3528,KABUPATEN PAMEKASAN,2023-12,2023,JAGUNG,0.0,HA
1841,5522,35,JAWA TIMUR,3528,KABUPATEN PAMEKASAN,2023-12,2023,KEDELAI,0.0,HA
1841,5523,35,JAWA TIMUR,3528,KABUPATEN PAMEKASAN,2023-12,2023,PADI,0.0,HA
1842,5524,35,JAWA TIMUR,3529,KABUPATEN SUMENEP,2023-12,2023,JAGUNG,0.0,HA
1842,5525,35,JAWA TIMUR,3529,KABUPATEN SUMENEP,2023-12,2023,KEDELAI,0.0,HA
1842,5526,35,JAWA TIMUR,3529,KABUPATEN SUMENEP,2023-12,2023,PADI,0.0,HA
1843,5527,35,JAWA TIMUR,3571,KOTA KEDIRI,2023-12,2023,JAGUNG,0.0,HA
1843,5528,35,JAWA TIMUR,3571,KOTA KEDIRI,2023-12,2023,KEDELAI,0.0,HA
1843,5529,35,JAWA TIMUR,3571,KOTA KEDIRI,2023-12,2023,PADI,0.0,HA
1848,5542,35,JAWA TIMUR,3572,KOTA BLITAR,2023-12,2023,JAGUNG,0.0,HA
1848,5543,35,JAWA TIMUR,3572,KOTA BLITAR,2023-12,2023,KEDELAI,0.0,HA
1848,5544,35,JAWA TIMUR,3572,KOTA BLITAR,2023-12,2023,PADI,0.0,HA
1849,5545,35,JAWA TIMUR,3573,KOTA MALANG,2023-12,2023,JAGUNG,0.0,HA
1849,5546,35,JAWA TIMUR,3573,KOTA MALANG,2023-12,2023,KEDELAI,0.0,HA
1849,5547,35,JAWA TIMUR,3573,KOTA MALANG,2023-12,2023,PADI,0.0,HA
1844,5530,35,JAWA TIMUR,3574,KOTA PROBOLINGGO,2023-12,2023,JAGUNG,0.0,HA
1844,5531,35,JAWA TIMUR,3574,KOTA PROBOLINGGO,2023-12,2023,KEDELAI,0.0,HA
1844,5532,35,JAWA TIMUR,3574,KOTA PROBOLINGGO,2023-12,2023,PADI,0.0,HA
1845,5533,35,JAWA TIMUR,3575,KOTA PASURUAN,2023-12,2023,JAGUNG,0.0,HA
1845,5534,35,JAWA TIMUR,3575,KOTA PASURUAN,2023-12,2023,KEDELAI,0.0,HA
1845,5535,35,JAWA TIMUR,3575,KOTA PASURUAN,2023-12,2023,PADI,0.0,HA
1850,5548,35,JAWA TIMUR,3576,KOTA MOJOKERTO,2023-12,2023,JAGUNG,0.0,HA
1850,5549,35,JAWA TIMUR,3576,KOTA MOJOKERTO,2023-12,2023,KEDELAI,0.0,HA
1850,5550,35,JAWA TIMUR,3576,KOTA MOJOKERTO,2023-12,2023,PADI,0.0,HA
1846,5536,35,JAWA TIMUR,3577,KOTA MADIUN,2023-12,2023,JAGUNG,0.0,HA
1846,5537,35,JAWA TIMUR,3577,KOTA MADIUN,2023-12,2023,KEDELAI,0.0,HA
1846,5538,35,JAWA TIMUR,3577,KOTA MADIUN,2023-12,2023,PADI,0.0,HA
1851,5551,35,JAWA TIMUR,3578,KOTA SURABAYA,2023-12,2023,JAGUNG,0.0,HA
1851,5552,35,JAWA TIMUR,3578,KOTA SURABAYA,2023-12,2023,KEDELAI,0.0,HA
1851,5553,35,JAWA TIMUR,3578,KOTA SURABAYA,2023-12,2023,PADI,0.0,HA
1847,5539,35,JAWA TIMUR,3579,KOTA BATU,2023-12,2023,JAGUNG,0.0,HA
1847,5540,35,JAWA TIMUR,3579,KOTA BATU,2023-12,2023,KEDELAI,0.0,HA
1847,5541,35,JAWA TIMUR,3579,KOTA BATU,2023-12,2023,PADI,0.0,HA
1853,5557,35,JAWA TIMUR,3501,KABUPATEN PACITAN,2024-01,2024,JAGUNG,0.0,HA
1853,5558,35,JAWA TIMUR,3501,KABUPATEN PACITAN,2024-01,2024,KEDELAI,0.0,HA
1853,5559,35,JAWA TIMUR,3501,KABUPATEN PACITAN,2024-01,2024,PADI,5719.0,HA
1854,5560,35,JAWA TIMUR,3502,KABUPATEN PONOROGO,2024-01,2024,JAGUNG,0.0,HA
1854,5561,35,JAWA TIMUR,3502,KABUPATEN PONOROGO,2024-01,2024,KEDELAI,0.0,HA
1854,5562,35,JAWA TIMUR,3502,KABUPATEN PONOROGO,2024-01,2024,PADI,0.0,HA
1855,5563,35,JAWA TIMUR,3503,KABUPATEN TRENGGALEK,2024-01,2024,JAGUNG,0.0,HA
1855,5564,35,JAWA TIMUR,3503,KABUPATEN TRENGGALEK,2024-01,2024,KEDELAI,0.0,HA
1855,5565,35,JAWA TIMUR,3503,KABUPATEN TRENGGALEK,2024-01,2024,PADI,0.0,HA
1856,5566,35,JAWA TIMUR,3504,KABUPATEN TULUNGAGUNG,2024-01,2024,JAGUNG,0.0,HA
1856,5567,35,JAWA TIMUR,3504,KABUPATEN TULUNGAGUNG,2024-01,2024,KEDELAI,0.0,HA
1856,5568,35,JAWA TIMUR,3504,KABUPATEN TULUNGAGUNG,2024-01,2024,PADI,0.0,HA
1857,5569,35,JAWA TIMUR,3505,KABUPATEN BLITAR,2024-01,2024,JAGUNG,0.0,HA
1857,5570,35,JAWA TIMUR,3505,KABUPATEN BLITAR,2024-01,2024,KEDELAI,0.0,HA
1857,5571,35,JAWA TIMUR,3505,KABUPATEN BLITAR,2024-01,2024,PADI,0.0,HA
1858,5572,35,JAWA TIMUR,3506,KABUPATEN KEDIRI,2024-01,2024,JAGUNG,0.0,HA
1858,5573,35,JAWA TIMUR,3506,KABUPATEN KEDIRI,2024-01,2024,KEDELAI,0.0,HA
1858,5574,35,JAWA TIMUR,3506,KABUPATEN KEDIRI,2024-01,2024,PADI,0.0,HA
1859,5575,35,JAWA TIMUR,3507,KABUPATEN MALANG,2024-01,2024,JAGUNG,0.0,HA
1859,5576,35,JAWA TIMUR,3507,KABUPATEN MALANG,2024-01,2024,KEDELAI,0.0,HA
1859,5577,35,JAWA TIMUR,3507,KABUPATEN MALANG,2024-01,2024,PADI,0.0,HA
1860,5578,35,JAWA TIMUR,3508,KABUPATEN LUMAJANG,2024-01,2024,JAGUNG,0.0,HA
1860,5579,35,JAWA TIMUR,3508,KABUPATEN LUMAJANG,2024-01,2024,KEDELAI,0.0,HA
1860,5580,35,JAWA TIMUR,3508,KABUPATEN LUMAJANG,2024-01,2024,PADI,0.0,HA
1861,5581,35,JAWA TIMUR,3509,KABUPATEN JEMBER,2024-01,2024,JAGUNG,0.0,HA
1861,5582,35,JAWA TIMUR,3509,KABUPATEN JEMBER,2024-01,2024,KEDELAI,0.0,HA
1861,5583,35,JAWA TIMUR,3509,KABUPATEN JEMBER,2024-01,2024,PADI,0.0,HA
1862,5584,35,JAWA TIMUR,3510,KABUPATEN BANYUWANGI,2024-01,2024,JAGUNG,0.0,HA
1862,5585,35,JAWA TIMUR,3510,KABUPATEN BANYUWANGI,2024-01,2024,KEDELAI,0.0,HA
1862,5586,35,JAWA TIMUR,3510,KABUPATEN BANYUWANGI,2024-01,2024,PADI,0.0,HA
1863,5587,35,JAWA TIMUR,3511,KABUPATEN BONDOWOSO,2024-01,2024,JAGUNG,0.0,HA
1863,5588,35,JAWA TIMUR,3511,KABUPATEN BONDOWOSO,2024-01,2024,KEDELAI,0.0,HA
1863,5589,35,JAWA TIMUR,3511,KABUPATEN BONDOWOSO,2024-01,2024,PADI,0.0,HA
1864,5590,35,JAWA TIMUR,3512,KABUPATEN SITUBONDO,2024-01,2024,JAGUNG,0.0,HA
1864,5591,35,JAWA TIMUR,3512,KABUPATEN SITUBONDO,2024-01,2024,KEDELAI,0.0,HA
1864,5592,35,JAWA TIMUR,3512,KABUPATEN SITUBONDO,2024-01,2024,PADI,0.0,HA
1865,5593,35,JAWA TIMUR,3513,KABUPATEN PROBOLINGGO,2024-01,2024,JAGUNG,0.0,HA
1865,5594,35,JAWA TIMUR,3513,KABUPATEN PROBOLINGGO,2024-01,2024,KEDELAI,0.0,HA
1865,5595,35,JAWA TIMUR,3513,KABUPATEN PROBOLINGGO,2024-01,2024,PADI,0.0,HA
1866,5596,35,JAWA TIMUR,3514,KABUPATEN PASURUAN,2024-01,2024,JAGUNG,0.0,HA
1866,5597,35,JAWA TIMUR,3514,KABUPATEN PASURUAN,2024-01,2024,KEDELAI,0.0,HA
1866,5598,35,JAWA TIMUR,3514,KABUPATEN PASURUAN,2024-01,2024,PADI,0.0,HA
1867,5599,35,JAWA TIMUR,3515,KABUPATEN SIDOARJO,2024-01,2024,JAGUNG,0.0,HA
1867,5600,35,JAWA TIMUR,3515,KABUPATEN SIDOARJO,2024-01,2024,KEDELAI,0.0,HA
1867,5601,35,JAWA TIMUR,3515,KABUPATEN SIDOARJO,2024-01,2024,PADI,0.0,HA
1868,5602,35,JAWA TIMUR,3516,KABUPATEN MOJOKERTO,2024-01,2024,JAGUNG,0.0,HA
1868,5603,35,JAWA TIMUR,3516,KABUPATEN MOJOKERTO,2024-01,2024,KEDELAI,0.0,HA
1868,5604,35,JAWA TIMUR,3516,KABUPATEN MOJOKERTO,2024-01,2024,PADI,0.0,HA
1869,5605,35,JAWA TIMUR,3517,KABUPATEN JOMBANG,2024-01,2024,JAGUNG,0.0,HA
1869,5606,35,JAWA TIMUR,3517,KABUPATEN JOMBANG,2024-01,2024,KEDELAI,0.0,HA
1869,5607,35,JAWA TIMUR,3517,KABUPATEN JOMBANG,2024-01,2024,PADI,0.0,HA
1870,5608,35,JAWA TIMUR,3518,KABUPATEN NGANJUK,2024-01,2024,JAGUNG,0.0,HA
1870,5609,35,JAWA TIMUR,3518,KABUPATEN NGANJUK,2024-01,2024,KEDELAI,0.0,HA
1870,5610,35,JAWA TIMUR,3518,KABUPATEN NGANJUK,2024-01,2024,PADI,0.0,HA
1871,5611,35,JAWA TIMUR,3519,KABUPATEN MADIUN,2024-01,2024,JAGUNG,0.0,HA
1871,5612,35,JAWA TIMUR,3519,KABUPATEN MADIUN,2024-01,2024,KEDELAI,0.0,HA
1871,5613,35,JAWA TIMUR,3519,KABUPATEN MADIUN,2024-01,2024,PADI,0.0,HA
1872,5614,35,JAWA TIMUR,3520,KABUPATEN MAGETAN,2024-01,2024,JAGUNG,0.0,HA
1872,5615,35,JAWA TIMUR,3520,KABUPATEN MAGETAN,2024-01,2024,KEDELAI,0.0,HA
1872,5616,35,JAWA TIMUR,3520,KABUPATEN MAGETAN,2024-01,2024,PADI,0.0,HA
1873,5617,35,JAWA TIMUR,3521,KABUPATEN NGAWI,2024-01,2024,JAGUNG,0.0,HA
1873,5618,35,JAWA TIMUR,3521,KABUPATEN NGAWI,2024-01,2024,KEDELAI,0.0,HA
1873,5619,35,JAWA TIMUR,3521,KABUPATEN NGAWI,2024-01,2024,PADI,0.0,HA
1874,5620,35,JAWA TIMUR,3522,KABUPATEN BOJONEGORO,2024-01,2024,JAGUNG,0.0,HA
1874,5621,35,JAWA TIMUR,3522,KABUPATEN BOJONEGORO,2024-01,2024,KEDELAI,0.0,HA
1874,5622,35,JAWA TIMUR,3522,KABUPATEN BOJONEGORO,2024-01,2024,PADI,0.0,HA
1875,5623,35,JAWA TIMUR,3523,KABUPATEN TUBAN,2024-01,2024,JAGUNG,0.0,HA
1875,5624,35,JAWA TIMUR,3523,KABUPATEN TUBAN,2024-01,2024,KEDELAI,0.0,HA
1875,5625,35,JAWA TIMUR,3523,KABUPATEN TUBAN,2024-01,2024,PADI,0.0,HA
1876,5626,35,JAWA TIMUR,3524,KABUPATEN LAMONGAN,2024-01,2024,JAGUNG,0.0,HA
1876,5627,35,JAWA TIMUR,3524,KABUPATEN LAMONGAN,2024-01,2024,KEDELAI,0.0,HA
1876,5628,35,JAWA TIMUR,3524,KABUPATEN LAMONGAN,2024-01,2024,PADI,13.0,HA
1877,5629,35,JAWA TIMUR,3525,KABUPATEN GRESIK,2024-01,2024,JAGUNG,0.0,HA
1877,5630,35,JAWA TIMUR,3525,KABUPATEN GRESIK,2024-01,2024,KEDELAI,0.0,HA
1877,5631,35,JAWA TIMUR,3525,KABUPATEN GRESIK,2024-01,2024,PADI,0.0,HA
1878,5632,35,JAWA TIMUR,3526,KABUPATEN BANGKALAN,2024-01,2024,JAGUNG,0.0,HA
1878,5633,35,JAWA TIMUR,3526,KABUPATEN BANGKALAN,2024-01,2024,KEDELAI,0.0,HA
1878,5634,35,JAWA TIMUR,3526,KABUPATEN BANGKALAN,2024-01,2024,PADI,0.0,HA
1879,5635,35,JAWA TIMUR,3527,KABUPATEN SAMPANG,2024-01,2024,JAGUNG,0.0,HA
1879,5636,35,JAWA TIMUR,3527,KABUPATEN SAMPANG,2024-01,2024,KEDELAI,0.0,HA
1879,5637,35,JAWA TIMUR,3527,KABUPATEN SAMPANG,2024-01,2024,PADI,15.0,HA
1880,5638,35,JAWA TIMUR,3528,KABUPATEN PAMEKASAN,2024-01,2024,JAGUNG,0.0,HA
1880,5639,35,JAWA TIMUR,3528,KABUPATEN PAMEKASAN,2024-01,2024,KEDELAI,0.0,HA
1880,5640,35,JAWA TIMUR,3528,KABUPATEN PAMEKASAN,2024-01,2024,PADI,0.0,HA
1881,5641,35,JAWA TIMUR,3529,KABUPATEN SUMENEP,2024-01,2024,JAGUNG,0.0,HA
1881,5642,35,JAWA TIMUR,3529,KABUPATEN SUMENEP,2024-01,2024,KEDELAI,0.0,HA
1881,5643,35,JAWA TIMUR,3529,KABUPATEN SUMENEP,2024-01,2024,PADI,0.0,HA
1882,5644,35,JAWA TIMUR,3571,KOTA KEDIRI,2024-01,2024,JAGUNG,0.0,HA
1882,5645,35,JAWA TIMUR,3571,KOTA KEDIRI,2024-01,2024,KEDELAI,0.0,HA
1882,5646,35,JAWA TIMUR,3571,KOTA KEDIRI,2024-01,2024,PADI,0.0,HA
1887,5659,35,JAWA TIMUR,3572,KOTA BLITAR,2024-01,2024,JAGUNG,0.0,HA
1887,5660,35,JAWA TIMUR,3572,KOTA BLITAR,2024-01,2024,KEDELAI,0.0,HA
1887,5661,35,JAWA TIMUR,3572,KOTA BLITAR,2024-01,2024,PADI,0.0,HA
1888,5662,35,JAWA TIMUR,3573,KOTA MALANG,2024-01,2024,JAGUNG,0.0,HA
1888,5663,35,JAWA TIMUR,3573,KOTA MALANG,2024-01,2024,KEDELAI,0.0,HA
1888,5664,35,JAWA TIMUR,3573,KOTA MALANG,2024-01,2024,PADI,0.0,HA
1883,5647,35,JAWA TIMUR,3574,KOTA PROBOLINGGO,2024-01,2024,JAGUNG,0.0,HA
1883,5648,35,JAWA TIMUR,3574,KOTA PROBOLINGGO,2024-01,2024,KEDELAI,0.0,HA
1883,5649,35,JAWA TIMUR,3574,KOTA PROBOLINGGO,2024-01,2024,PADI,0.0,HA
1884,5650,35,JAWA TIMUR,3575,KOTA PASURUAN,2024-01,2024,JAGUNG,0.0,HA
1884,5651,35,JAWA TIMUR,3575,KOTA PASURUAN,2024-01,2024,KEDELAI,0.0,HA
1884,5652,35,JAWA TIMUR,3575,KOTA PASURUAN,2024-01,2024,PADI,0.0,HA
1889,5665,35,JAWA TIMUR,3576,KOTA MOJOKERTO,2024-01,2024,JAGUNG,0.0,HA
1889,5666,35,JAWA TIMUR,3576,KOTA MOJOKERTO,2024-01,2024,KEDELAI,0.0,HA
1889,5667,35,JAWA TIMUR,3576,KOTA MOJOKERTO,2024-01,2024,PADI,0.0,HA
1885,5653,35,JAWA TIMUR,3577,KOTA MADIUN,2024-01,2024,JAGUNG,0.0,HA
1885,5654,35,JAWA TIMUR,3577,KOTA MADIUN,2024-01,2024,KEDELAI,0.0,HA
1885,5655,35,JAWA TIMUR,3577,KOTA MADIUN,2024-01,2024,PADI,0.0,HA
1890,5668,35,JAWA TIMUR,3578,KOTA SURABAYA,2024-01,2024,JAGUNG,0.0,HA
1890,5669,35,JAWA TIMUR,3578,KOTA SURABAYA,2024-01,2024,KEDELAI,0.0,HA
1890,5670,35,JAWA TIMUR,3578,KOTA SURABAYA,2024-01,2024,PADI,0.0,HA
1886,5656,35,JAWA TIMUR,3579,KOTA BATU,2024-01,2024,JAGUNG,0.0,HA
1886,5657,35,JAWA TIMUR,3579,KOTA BATU,2024-01,2024,KEDELAI,0.0,HA
1886,5658,35,JAWA TIMUR,3579,KOTA BATU,2024-01,2024,PADI,0.0,HA
1892,5674,35,JAWA TIMUR,3501,KABUPATEN PACITAN,2024-02,2024,JAGUNG,0.0,HA
1892,5675,35,JAWA TIMUR,3501,KABUPATEN PACITAN,2024-02,2024,KEDELAI,0.0,HA
1892,5676,35,JAWA TIMUR,3501,KABUPATEN PACITAN,2024-02,2024,PADI,0.0,HA
1893,5677,35,JAWA TIMUR,3502,KABUPATEN PONOROGO,2024-02,2024,JAGUNG,0.0,HA
1893,5678,35,JAWA TIMUR,3502,KABUPATEN PONOROGO,2024-02,2024,KEDELAI,0.0,HA
1893,5679,35,JAWA TIMUR,3502,KABUPATEN PONOROGO,2024-02,2024,PADI,0.0,HA
1894,5680,35,JAWA TIMUR,3503,KABUPATEN TRENGGALEK,2024-02,2024,JAGUNG,0.0,HA
1894,5681,35,JAWA TIMUR,3503,KABUPATEN TRENGGALEK,2024-02,2024,KEDELAI,0.0,HA
1894,5682,35,JAWA TIMUR,3503,KABUPATEN TRENGGALEK,2024-02,2024,PADI,0.0,HA
1895,5683,35,JAWA TIMUR,3504,KABUPATEN TULUNGAGUNG,2024-02,2024,JAGUNG,0.0,HA
1895,5684,35,JAWA TIMUR,3504,KABUPATEN TULUNGAGUNG,2024-02,2024,KEDELAI,0.0,HA
1895,5685,35,JAWA TIMUR,3504,KABUPATEN TULUNGAGUNG,2024-02,2024,PADI,0.0,HA
1896,5686,35,JAWA TIMUR,3505,KABUPATEN BLITAR,2024-02,2024,JAGUNG,0.0,HA
1896,5687,35,JAWA TIMUR,3505,KABUPATEN BLITAR,2024-02,2024,KEDELAI,0.0,HA
1896,5688,35,JAWA TIMUR,3505,KABUPATEN BLITAR,2024-02,2024,PADI,0.0,HA
1897,5689,35,JAWA TIMUR,3506,KABUPATEN KEDIRI,2024-02,2024,JAGUNG,0.0,HA
1897,5690,35,JAWA TIMUR,3506,KABUPATEN KEDIRI,2024-02,2024,KEDELAI,0.0,HA
1897,5691,35,JAWA TIMUR,3506,KABUPATEN KEDIRI,2024-02,2024,PADI,0.0,HA
1898,5692,35,JAWA TIMUR,3507,KABUPATEN MALANG,2024-02,2024,JAGUNG,0.0,HA
1898,5693,35,JAWA TIMUR,3507,KABUPATEN MALANG,2024-02,2024,KEDELAI,0.0,HA
1898,5694,35,JAWA TIMUR,3507,KABUPATEN MALANG,2024-02,2024,PADI,0.0,HA
1899,5695,35,JAWA TIMUR,3508,KABUPATEN LUMAJANG,2024-02,2024,JAGUNG,0.0,HA
1899,5696,35,JAWA TIMUR,3508,KABUPATEN LUMAJANG,2024-02,2024,KEDELAI,0.0,HA
1899,5697,35,JAWA TIMUR,3508,KABUPATEN LUMAJANG,2024-02,2024,PADI,0.0,HA
1900,5698,35,JAWA TIMUR,3509,KABUPATEN JEMBER,2024-02,2024,JAGUNG,0.0,HA
1900,5699,35,JAWA TIMUR,3509,KABUPATEN JEMBER,2024-02,2024,KEDELAI,0.0,HA
1900,5700,35,JAWA TIMUR,3509,KABUPATEN JEMBER,2024-02,2024,PADI,0.0,HA
1901,5701,35,JAWA TIMUR,3510,KABUPATEN BANYUWANGI,2024-02,2024,JAGUNG,0.0,HA
1901,5702,35,JAWA TIMUR,3510,KABUPATEN BANYUWANGI,2024-02,2024,KEDELAI,0.0,HA
1901,5703,35,JAWA TIMUR,3510,KABUPATEN BANYUWANGI,2024-02,2024,PADI,0.0,HA
1902,5704,35,JAWA TIMUR,3511,KABUPATEN BONDOWOSO,2024-02,2024,JAGUNG,0.0,HA
1902,5705,35,JAWA TIMUR,3511,KABUPATEN BONDOWOSO,2024-02,2024,KEDELAI,0.0,HA
1902,5706,35,JAWA TIMUR,3511,KABUPATEN BONDOWOSO,2024-02,2024,PADI,0.0,HA
1903,5707,35,JAWA TIMUR,3512,KABUPATEN SITUBONDO,2024-02,2024,JAGUNG,0.0,HA
1903,5708,35,JAWA TIMUR,3512,KABUPATEN SITUBONDO,2024-02,2024,KEDELAI,0.0,HA
1903,5709,35,JAWA TIMUR,3512,KABUPATEN SITUBONDO,2024-02,2024,PADI,0.0,HA
1904,5710,35,JAWA TIMUR,3513,KABUPATEN PROBOLINGGO,2024-02,2024,JAGUNG,0.0,HA
1904,5711,35,JAWA TIMUR,3513,KABUPATEN PROBOLINGGO,2024-02,2024,KEDELAI,0.0,HA
1904,5712,35,JAWA TIMUR,3513,KABUPATEN PROBOLINGGO,2024-02,2024,PADI,0.0,HA
1905,5713,35,JAWA TIMUR,3514,KABUPATEN PASURUAN,2024-02,2024,JAGUNG,0.0,HA
1905,5714,35,JAWA TIMUR,3514,KABUPATEN PASURUAN,2024-02,2024,KEDELAI,0.0,HA
1905,5715,35,JAWA TIMUR,3514,KABUPATEN PASURUAN,2024-02,2024,PADI,0.0,HA
1906,5716,35,JAWA TIMUR,3515,KABUPATEN SIDOARJO,2024-02,2024,JAGUNG,0.0,HA
1906,5717,35,JAWA TIMUR,3515,KABUPATEN SIDOARJO,2024-02,2024,KEDELAI,0.0,HA
1906,5718,35,JAWA TIMUR,3515,KABUPATEN SIDOARJO,2024-02,2024,PADI,0.0,HA
1907,5719,35,JAWA TIMUR,3516,KABUPATEN MOJOKERTO,2024-02,2024,JAGUNG,0.0,HA
1907,5720,35,JAWA TIMUR,3516,KABUPATEN MOJOKERTO,2024-02,2024,KEDELAI,0.0,HA
1907,5721,35,JAWA TIMUR,3516,KABUPATEN MOJOKERTO,2024-02,2024,PADI,0.0,HA
1908,5722,35,JAWA TIMUR,3517,KABUPATEN JOMBANG,2024-02,2024,JAGUNG,0.0,HA
1908,5723,35,JAWA TIMUR,3517,KABUPATEN JOMBANG,2024-02,2024,KEDELAI,0.0,HA
1908,5724,35,JAWA TIMUR,3517,KABUPATEN JOMBANG,2024-02,2024,PADI,0.0,HA
1909,5725,35,JAWA TIMUR,3518,KABUPATEN NGANJUK,2024-02,2024,JAGUNG,0.0,HA
1909,5726,35,JAWA TIMUR,3518,KABUPATEN NGANJUK,2024-02,2024,KEDELAI,0.0,HA
1909,5727,35,JAWA TIMUR,3518,KABUPATEN NGANJUK,2024-02,2024,PADI,0.0,HA
1910,5728,35,JAWA TIMUR,3519,KABUPATEN MADIUN,2024-02,2024,JAGUNG,0.0,HA
1910,5729,35,JAWA TIMUR,3519,KABUPATEN MADIUN,2024-02,2024,KEDELAI,0.0,HA
1910,5730,35,JAWA TIMUR,3519,KABUPATEN MADIUN,2024-02,2024,PADI,0.0,HA
1911,5731,35,JAWA TIMUR,3520,KABUPATEN MAGETAN,2024-02,2024,JAGUNG,0.0,HA
1911,5732,35,JAWA TIMUR,3520,KABUPATEN MAGETAN,2024-02,2024,KEDELAI,0.0,HA
1911,5733,35,JAWA TIMUR,3520,KABUPATEN MAGETAN,2024-02,2024,PADI,0.0,HA
1912,5734,35,JAWA TIMUR,3521,KABUPATEN NGAWI,2024-02,2024,JAGUNG,0.0,HA
1912,5735,35,JAWA TIMUR,3521,KABUPATEN NGAWI,2024-02,2024,KEDELAI,0.0,HA
1912,5736,35,JAWA TIMUR,3521,KABUPATEN NGAWI,2024-02,2024,PADI,0.0,HA
1913,5737,35,JAWA TIMUR,3522,KABUPATEN BOJONEGORO,2024-02,2024,JAGUNG,0.0,HA
1913,5738,35,JAWA TIMUR,3522,KABUPATEN BOJONEGORO,2024-02,2024,KEDELAI,0.0,HA
1913,5739,35,JAWA TIMUR,3522,KABUPATEN BOJONEGORO,2024-02,2024,PADI,0.0,HA
1914,5740,35,JAWA TIMUR,3523,KABUPATEN TUBAN,2024-02,2024,JAGUNG,0.0,HA
1914,5741,35,JAWA TIMUR,3523,KABUPATEN TUBAN,2024-02,2024,KEDELAI,0.0,HA
1914,5742,35,JAWA TIMUR,3523,KABUPATEN TUBAN,2024-02,2024,PADI,0.0,HA
1915,5743,35,JAWA TIMUR,3524,KABUPATEN LAMONGAN,2024-02,2024,JAGUNG,0.0,HA
1915,5744,35,JAWA TIMUR,3524,KABUPATEN LAMONGAN,2024-02,2024,KEDELAI,0.0,HA
1915,5745,35,JAWA TIMUR,3524,KABUPATEN LAMONGAN,2024-02,2024,PADI,0.0,HA
1916,5746,35,JAWA TIMUR,3525,KABUPATEN GRESIK,2024-02,2024,JAGUNG,0.0,HA
1916,5747,35,JAWA TIMUR,3525,KABUPATEN GRESIK,2024-02,2024,KEDELAI,0.0,HA
1916,5748,35,JAWA TIMUR,3525,KABUPATEN GRESIK,2024-02,2024,PADI,0.0,HA
1917,5749,35,JAWA TIMUR,3526,KABUPATEN BANGKALAN,2024-02,2024,JAGUNG,0.0,HA
1917,5750,35,JAWA TIMUR,3526,KABUPATEN BANGKALAN,2024-02,2024,KEDELAI,0.0,HA
1917,5751,35,JAWA TIMUR,3526,KABUPATEN BANGKALAN,2024-02,2024,PADI,0.0,HA
1918,5752,35,JAWA TIMUR,3527,KABUPATEN SAMPANG,2024-02,2024,JAGUNG,0.0,HA
1918,5753,35,JAWA TIMUR,3527,KABUPATEN SAMPANG,2024-02,2024,KEDELAI,0.0,HA
1918,5754,35,JAWA TIMUR,3527,KABUPATEN SAMPANG,2024-02,2024,PADI,0.0,HA
1919,5755,35,JAWA TIMUR,3528,KABUPATEN PAMEKASAN,2024-02,2024,JAGUNG,0.0,HA
1919,5756,35,JAWA TIMUR,3528,KABUPATEN PAMEKASAN,2024-02,2024,KEDELAI,0.0,HA
1919,5757,35,JAWA TIMUR,3528,KABUPATEN PAMEKASAN,2024-02,2024,PADI,0.0,HA
1920,5758,35,JAWA TIMUR,3529,KABUPATEN SUMENEP,2024-02,2024,JAGUNG,0.0,HA
1920,5759,35,JAWA TIMUR,3529,KABUPATEN SUMENEP,2024-02,2024,KEDELAI,0.0,HA
1920,5760,35,JAWA TIMUR,3529,KABUPATEN SUMENEP,2024-02,2024,PADI,0.0,HA
1921,5761,35,JAWA TIMUR,3571,KOTA KEDIRI,2024-02,2024,JAGUNG,0.0,HA
1921,5762,35,JAWA TIMUR,3571,KOTA KEDIRI,2024-02,2024,KEDELAI,0.0,HA
1921,5763,35,JAWA TIMUR,3571,KOTA KEDIRI,2024-02,2024,PADI,0.0,HA
1926,5776,35,JAWA TIMUR,3572,KOTA BLITAR,2024-02,2024,JAGUNG,0.0,HA
1926,5777,35,JAWA TIMUR,3572,KOTA BLITAR,2024-02,2024,KEDELAI,0.0,HA
1926,5778,35,JAWA TIMUR,3572,KOTA BLITAR,2024-02,2024,PADI,0.0,HA
1927,5779,35,JAWA TIMUR,3573,KOTA MALANG,2024-02,2024,JAGUNG,0.0,HA
1927,5780,35,JAWA TIMUR,3573,KOTA MALANG,2024-02,2024,KEDELAI,0.0,HA
1927,5781,35,JAWA TIMUR,3573,KOTA MALANG,2024-02,2024,PADI,0.0,HA
1922,5764,35,JAWA TIMUR,3574,KOTA PROBOLINGGO,2024-02,2024,JAGUNG,0.0,HA
1922,5765,35,JAWA TIMUR,3574,KOTA PROBOLINGGO,2024-02,2024,KEDELAI,0.0,HA
1922,5766,35,JAWA TIMUR,3574,KOTA PROBOLINGGO,2024-02,2024,PADI,0.0,HA
1923,5767,35,JAWA TIMUR,3575,KOTA PASURUAN,2024-02,2024,JAGUNG,0.0,HA
1923,5768,35,JAWA TIMUR,3575,KOTA PASURUAN,2024-02,2024,KEDELAI,0.0,HA
1923,5769,35,JAWA TIMUR,3575,KOTA PASURUAN,2024-02,2024,PADI,0.0,HA
1928,5782,35,JAWA TIMUR,3576,KOTA MOJOKERTO,2024-02,2024,JAGUNG,0.0,HA
1928,5783,35,JAWA TIMUR,3576,KOTA MOJOKERTO,2024-02,2024,KEDELAI,0.0,HA
1928,5784,35,JAWA TIMUR,3576,KOTA MOJOKERTO,2024-02,2024,PADI,0.0,HA
1924,5770,35,JAWA TIMUR,3577,KOTA MADIUN,2024-02,2024,JAGUNG,0.0,HA
1924,5771,35,JAWA TIMUR,3577,KOTA MADIUN,2024-02,2024,KEDELAI,0.0,HA
1924,5772,35,JAWA TIMUR,3577,KOTA MADIUN,2024-02,2024,PADI,0.0,HA
1929,5785,35,JAWA TIMUR,3578,KOTA SURABAYA,2024-02,2024,JAGUNG,0.0,HA
1929,5786,35,JAWA TIMUR,3578,KOTA SURABAYA,2024-02,2024,KEDELAI,0.0,HA
1929,5787,35,JAWA TIMUR,3578,KOTA SURABAYA,2024-02,2024,PADI,0.0,HA
1925,5773,35,JAWA TIMUR,3579,KOTA BATU,2024-02,2024,JAGUNG,0.0,HA
1925,5774,35,JAWA TIMUR,3579,KOTA BATU,2024-02,2024,KEDELAI,0.0,HA
1925,5775,35,JAWA TIMUR,3579,KOTA BATU,2024-02,2024,PADI,0.0,HA
1931,5791,35,JAWA TIMUR,3501,KABUPATEN PACITAN,2024-03,2024,JAGUNG,0.0,HA
1931,5792,35,JAWA TIMUR,3501,KABUPATEN PACITAN,2024-03,2024,KEDELAI,0.0,HA
1931,5793,35,JAWA TIMUR,3501,KABUPATEN PACITAN,2024-03,2024,PADI,0.0,HA
1932,5794,35,JAWA TIMUR,3502,KABUPATEN PONOROGO,2024-03,2024,JAGUNG,0.0,HA
1932,5795,35,JAWA TIMUR,3502,KABUPATEN PONOROGO,2024-03,2024,KEDELAI,0.0,HA
1932,5796,35,JAWA TIMUR,3502,KABUPATEN PONOROGO,2024-03,2024,PADI,0.0,HA
1933,5797,35,JAWA TIMUR,3503,KABUPATEN TRENGGALEK,2024-03,2024,JAGUNG,0.0,HA
1933,5798,35,JAWA TIMUR,3503,KABUPATEN TRENGGALEK,2024-03,2024,KEDELAI,0.0,HA
1933,5799,35,JAWA TIMUR,3503,KABUPATEN TRENGGALEK,2024-03,2024,PADI,0.0,HA
1934,5800,35,JAWA TIMUR,3504,KABUPATEN TULUNGAGUNG,2024-03,2024,JAGUNG,0.0,HA
1934,5801,35,JAWA TIMUR,3504,KABUPATEN TULUNGAGUNG,2024-03,2024,KEDELAI,0.0,HA
1934,5802,35,JAWA TIMUR,3504,KABUPATEN TULUNGAGUNG,2024-03,2024,PADI,0.0,HA
1935,5803,35,JAWA TIMUR,3505,KABUPATEN BLITAR,2024-03,2024,JAGUNG,0.0,HA
1935,5804,35,JAWA TIMUR,3505,KABUPATEN BLITAR,2024-03,2024,KEDELAI,0.0,HA
1935,5805,35,JAWA TIMUR,3505,KABUPATEN BLITAR,2024-03,2024,PADI,0.0,HA
1936,5806,35,JAWA TIMUR,3506,KABUPATEN KEDIRI,2024-03,2024,JAGUNG,0.0,HA
1936,5807,35,JAWA TIMUR,3506,KABUPATEN KEDIRI,2024-03,2024,KEDELAI,0.0,HA
1936,5808,35,JAWA TIMUR,3506,KABUPATEN KEDIRI,2024-03,2024,PADI,0.0,HA
1937,5809,35,JAWA TIMUR,3507,KABUPATEN MALANG,2024-03,2024,JAGUNG,0.0,HA
1937,5810,35,JAWA TIMUR,3507,KABUPATEN MALANG,2024-03,2024,KEDELAI,0.0,HA
1937,5811,35,JAWA TIMUR,3507,KABUPATEN MALANG,2024-03,2024,PADI,0.0,HA
1938,5812,35,JAWA TIMUR,3508,KABUPATEN LUMAJANG,2024-03,2024,JAGUNG,0.0,HA
1938,5813,35,JAWA TIMUR,3508,KABUPATEN LUMAJANG,2024-03,2024,KEDELAI,0.0,HA
1938,5814,35,JAWA TIMUR,3508,KABUPATEN LUMAJANG,2024-03,2024,PADI,0.0,HA
1939,5815,35,JAWA TIMUR,3509,KABUPATEN JEMBER,2024-03,2024,JAGUNG,0.0,HA
1939,5816,35,JAWA TIMUR,3509,KABUPATEN JEMBER,2024-03,2024,KEDELAI,0.0,HA
1939,5817,35,JAWA TIMUR,3509,KABUPATEN JEMBER,2024-03,2024,PADI,0.0,HA
1940,5818,35,JAWA TIMUR,3510,KABUPATEN BANYUWANGI,2024-03,2024,JAGUNG,0.0,HA
1940,5819,35,JAWA TIMUR,3510,KABUPATEN BANYUWANGI,2024-03,2024,KEDELAI,0.0,HA
1940,5820,35,JAWA TIMUR,3510,KABUPATEN BANYUWANGI,2024-03,2024,PADI,0.0,HA
1941,5821,35,JAWA TIMUR,3511,KABUPATEN BONDOWOSO,2024-03,2024,JAGUNG,0.0,HA
1941,5822,35,JAWA TIMUR,3511,KABUPATEN BONDOWOSO,2024-03,2024,KEDELAI,0.0,HA
1941,5823,35,JAWA TIMUR,3511,KABUPATEN BONDOWOSO,2024-03,2024,PADI,0.0,HA
1942,5824,35,JAWA TIMUR,3512,KABUPATEN SITUBONDO,2024-03,2024,JAGUNG,0.0,HA
1942,5825,35,JAWA TIMUR,3512,KABUPATEN SITUBONDO,2024-03,2024,KEDELAI,0.0,HA
1942,5826,35,JAWA TIMUR,3512,KABUPATEN SITUBONDO,2024-03,2024,PADI,0.0,HA
1943,5827,35,JAWA TIMUR,3513,KABUPATEN PROBOLINGGO,2024-03,2024,JAGUNG,0.0,HA
1943,5828,35,JAWA TIMUR,3513,KABUPATEN PROBOLINGGO,2024-03,2024,KEDELAI,0.0,HA
1943,5829,35,JAWA TIMUR,3513,KABUPATEN PROBOLINGGO,2024-03,2024,PADI,0.0,HA
1944,5830,35,JAWA TIMUR,3514,KABUPATEN PASURUAN,2024-03,2024,JAGUNG,0.0,HA
1944,5831,35,JAWA TIMUR,3514,KABUPATEN PASURUAN,2024-03,2024,KEDELAI,0.0,HA
1944,5832,35,JAWA TIMUR,3514,KABUPATEN PASURUAN,2024-03,2024,PADI,0.0,HA
1945,5833,35,JAWA TIMUR,3515,KABUPATEN SIDOARJO,2024-03,2024,JAGUNG,0.0,HA
1945,5834,35,JAWA TIMUR,3515,KABUPATEN SIDOARJO,2024-03,2024,KEDELAI,0.0,HA
1945,5835,35,JAWA TIMUR,3515,KABUPATEN SIDOARJO,2024-03,2024,PADI,0.0,HA
1946,5836,35,JAWA TIMUR,3516,KABUPATEN MOJOKERTO,2024-03,2024,JAGUNG,0.0,HA
1946,5837,35,JAWA TIMUR,3516,KABUPATEN MOJOKERTO,2024-03,2024,KEDELAI,0.0,HA
1946,5838,35,JAWA TIMUR,3516,KABUPATEN MOJOKERTO,2024-03,2024,PADI,0.0,HA
1947,5839,35,JAWA TIMUR,3517,KABUPATEN JOMBANG,2024-03,2024,JAGUNG,0.0,HA
1947,5840,35,JAWA TIMUR,3517,KABUPATEN JOMBANG,2024-03,2024,KEDELAI,0.0,HA
1947,5841,35,JAWA TIMUR,3517,KABUPATEN JOMBANG,2024-03,2024,PADI,0.0,HA
1948,5842,35,JAWA TIMUR,3518,KABUPATEN NGANJUK,2024-03,2024,JAGUNG,0.0,HA
1948,5843,35,JAWA TIMUR,3518,KABUPATEN NGANJUK,2024-03,2024,KEDELAI,0.0,HA
1948,5844,35,JAWA TIMUR,3518,KABUPATEN NGANJUK,2024-03,2024,PADI,0.0,HA
1949,5845,35,JAWA TIMUR,3519,KABUPATEN MADIUN,2024-03,2024,JAGUNG,0.0,HA
1949,5846,35,JAWA TIMUR,3519,KABUPATEN MADIUN,2024-03,2024,KEDELAI,0.0,HA
1949,5847,35,JAWA TIMUR,3519,KABUPATEN MADIUN,2024-03,2024,PADI,0.0,HA
1950,5848,35,JAWA TIMUR,3520,KABUPATEN MAGETAN,2024-03,2024,JAGUNG,0.0,HA
1950,5849,35,JAWA TIMUR,3520,KABUPATEN MAGETAN,2024-03,2024,KEDELAI,0.0,HA
1950,5850,35,JAWA TIMUR,3520,KABUPATEN MAGETAN,2024-03,2024,PADI,0.0,HA
1951,5851,35,JAWA TIMUR,3521,KABUPATEN NGAWI,2024-03,2024,JAGUNG,0.0,HA
1951,5852,35,JAWA TIMUR,3521,KABUPATEN NGAWI,2024-03,2024,KEDELAI,0.0,HA
1951,5853,35,JAWA TIMUR,3521,KABUPATEN NGAWI,2024-03,2024,PADI,0.0,HA
1952,5854,35,JAWA TIMUR,3522,KABUPATEN BOJONEGORO,2024-03,2024,JAGUNG,0.0,HA
1952,5855,35,JAWA TIMUR,3522,KABUPATEN BOJONEGORO,2024-03,2024,KEDELAI,0.0,HA
1952,5856,35,JAWA TIMUR,3522,KABUPATEN BOJONEGORO,2024-03,2024,PADI,0.0,HA
1953,5857,35,JAWA TIMUR,3523,KABUPATEN TUBAN,2024-03,2024,JAGUNG,0.0,HA
1953,5858,35,JAWA TIMUR,3523,KABUPATEN TUBAN,2024-03,2024,KEDELAI,0.0,HA
1953,5859,35,JAWA TIMUR,3523,KABUPATEN TUBAN,2024-03,2024,PADI,0.0,HA
1954,5860,35,JAWA TIMUR,3524,KABUPATEN LAMONGAN,2024-03,2024,JAGUNG,0.0,HA
1954,5861,35,JAWA TIMUR,3524,KABUPATEN LAMONGAN,2024-03,2024,KEDELAI,0.0,HA
1954,5862,35,JAWA TIMUR,3524,KABUPATEN LAMONGAN,2024-03,2024,PADI,0.0,HA
1955,5863,35,JAWA TIMUR,3525,KABUPATEN GRESIK,2024-03,2024,JAGUNG,0.0,HA
1955,5864,35,JAWA TIMUR,3525,KABUPATEN GRESIK,2024-03,2024,KEDELAI,0.0,HA
1955,5865,35,JAWA TIMUR,3525,KABUPATEN GRESIK,2024-03,2024,PADI,0.0,HA
1956,5866,35,JAWA TIMUR,3526,KABUPATEN BANGKALAN,2024-03,2024,JAGUNG,0.0,HA
1956,5867,35,JAWA TIMUR,3526,KABUPATEN BANGKALAN,2024-03,2024,KEDELAI,0.0,HA
1956,5868,35,JAWA TIMUR,3526,KABUPATEN BANGKALAN,2024-03,2024,PADI,0.0,HA
1957,5869,35,JAWA TIMUR,3527,KABUPATEN SAMPANG,2024-03,2024,JAGUNG,0.0,HA
1957,5870,35,JAWA TIMUR,3527,KABUPATEN SAMPANG,2024-03,2024,KEDELAI,0.0,HA
1957,5871,35,JAWA TIMUR,3527,KABUPATEN SAMPANG,2024-03,2024,PADI,0.0,HA
1958,5872,35,JAWA TIMUR,3528,KABUPATEN PAMEKASAN,2024-03,2024,JAGUNG,0.0,HA
1958,5873,35,JAWA TIMUR,3528,KABUPATEN PAMEKASAN,2024-03,2024,KEDELAI,0.0,HA
1958,5874,35,JAWA TIMUR,3528,KABUPATEN PAMEKASAN,2024-03,2024,PADI,0.0,HA
1959,5875,35,JAWA TIMUR,3529,KABUPATEN SUMENEP,2024-03,2024,JAGUNG,0.0,HA
1959,5876,35,JAWA TIMUR,3529,KABUPATEN SUMENEP,2024-03,2024,KEDELAI,0.0,HA
1959,5877,35,JAWA TIMUR,3529,KABUPATEN SUMENEP,2024-03,2024,PADI,0.0,HA
1960,5878,35,JAWA TIMUR,3571,KOTA KEDIRI,2024-03,2024,JAGUNG,0.0,HA
1960,5879,35,JAWA TIMUR,3571,KOTA KEDIRI,2024-03,2024,KEDELAI,0.0,HA
1960,5880,35,JAWA TIMUR,3571,KOTA KEDIRI,2024-03,2024,PADI,0.0,HA
1965,5893,35,JAWA TIMUR,3572,KOTA BLITAR,2024-03,2024,JAGUNG,0.0,HA
1965,5894,35,JAWA TIMUR,3572,KOTA BLITAR,2024-03,2024,KEDELAI,0.0,HA
1965,5895,35,JAWA TIMUR,3572,KOTA BLITAR,2024-03,2024,PADI,0.0,HA
1966,5896,35,JAWA TIMUR,3573,KOTA MALANG,2024-03,2024,JAGUNG,0.0,HA
1966,5897,35,JAWA TIMUR,3573,KOTA MALANG,2024-03,2024,KEDELAI,0.0,HA
1966,5898,35,JAWA TIMUR,3573,KOTA MALANG,2024-03,2024,PADI,0.0,HA
1961,5881,35,JAWA TIMUR,3574,KOTA PROBOLINGGO,2024-03,2024,JAGUNG,0.0,HA
1961,5882,35,JAWA TIMUR,3574,KOTA PROBOLINGGO,2024-03,2024,KEDELAI,0.0,HA
1961,5883,35,JAWA TIMUR,3574,KOTA PROBOLINGGO,2024-03,2024,PADI,0.0,HA
1962,5884,35,JAWA TIMUR,3575,KOTA PASURUAN,2024-03,2024,JAGUNG,0.0,HA
1962,5885,35,JAWA TIMUR,3575,KOTA PASURUAN,2024-03,2024,KEDELAI,0.0,HA
1962,5886,35,JAWA TIMUR,3575,KOTA PASURUAN,2024-03,2024,PADI,0.0,HA
1967,5899,35,JAWA TIMUR,3576,KOTA MOJOKERTO,2024-03,2024,JAGUNG,0.0,HA
1967,5900,35,JAWA TIMUR,3576,KOTA MOJOKERTO,2024-03,2024,KEDELAI,0.0,HA
1967,5901,35,JAWA TIMUR,3576,KOTA MOJOKERTO,2024-03,2024,PADI,0.0,HA
1963,5887,35,JAWA TIMUR,3577,KOTA MADIUN,2024-03,2024,JAGUNG,0.0,HA
1963,5888,35,JAWA TIMUR,3577,KOTA MADIUN,2024-03,2024,KEDELAI,0.0,HA
1963,5889,35,JAWA TIMUR,3577,KOTA MADIUN,2024-03,2024,PADI,0.0,HA
1968,5902,35,JAWA TIMUR,3578,KOTA SURABAYA,2024-03,2024,JAGUNG,0.0,HA
1968,5903,35,JAWA TIMUR,3578,KOTA SURABAYA,2024-03,2024,KEDELAI,0.0,HA
1968,5904,35,JAWA TIMUR,3578,KOTA SURABAYA,2024-03,2024,PADI,0.0,HA
1964,5890,35,JAWA TIMUR,3579,KOTA BATU,2024-03,2024,JAGUNG,0.0,HA
1964,5891,35,JAWA TIMUR,3579,KOTA BATU,2024-03,2024,KEDELAI,0.0,HA
1964,5892,35,JAWA TIMUR,3579,KOTA BATU,2024-03,2024,PADI,0.0,HA
1970,5908,35,JAWA TIMUR,3501,KABUPATEN PACITAN,2024-04,2024,JAGUNG,0.0,HA
1970,5909,35,JAWA TIMUR,3501,KABUPATEN PACITAN,2024-04,2024,KEDELAI,0.0,HA
1970,5910,35,JAWA TIMUR,3501,KABUPATEN PACITAN,2024-04,2024,PADI,0.0,HA
1971,5911,35,JAWA TIMUR,3502,KABUPATEN PONOROGO,2024-04,2024,JAGUNG,0.0,HA
1971,5912,35,JAWA TIMUR,3502,KABUPATEN PONOROGO,2024-04,2024,KEDELAI,0.0,HA
1971,5913,35,JAWA TIMUR,3502,KABUPATEN PONOROGO,2024-04,2024,PADI,0.0,HA
1972,5914,35,JAWA TIMUR,3503,KABUPATEN TRENGGALEK,2024-04,2024,JAGUNG,0.0,HA
1972,5915,35,JAWA TIMUR,3503,KABUPATEN TRENGGALEK,2024-04,2024,KEDELAI,0.0,HA
1972,5916,35,JAWA TIMUR,3503,KABUPATEN TRENGGALEK,2024-04,2024,PADI,0.0,HA
1973,5917,35,JAWA TIMUR,3504,KABUPATEN TULUNGAGUNG,2024-04,2024,JAGUNG,0.0,HA
1973,5918,35,JAWA TIMUR,3504,KABUPATEN TULUNGAGUNG,2024-04,2024,KEDELAI,0.0,HA
1973,5919,35,JAWA TIMUR,3504,KABUPATEN TULUNGAGUNG,2024-04,2024,PADI,0.0,HA
1974,5920,35,JAWA TIMUR,3505,KABUPATEN BLITAR,2024-04,2024,JAGUNG,0.0,HA
1974,5921,35,JAWA TIMUR,3505,KABUPATEN BLITAR,2024-04,2024,KEDELAI,0.0,HA
1974,5922,35,JAWA TIMUR,3505,KABUPATEN BLITAR,2024-04,2024,PADI,0.0,HA
1975,5923,35,JAWA TIMUR,3506,KABUPATEN KEDIRI,2024-04,2024,JAGUNG,0.0,HA
1975,5924,35,JAWA TIMUR,3506,KABUPATEN KEDIRI,2024-04,2024,KEDELAI,0.0,HA
1975,5925,35,JAWA TIMUR,3506,KABUPATEN KEDIRI,2024-04,2024,PADI,0.0,HA
1976,5926,35,JAWA TIMUR,3507,KABUPATEN MALANG,2024-04,2024,JAGUNG,0.0,HA
1976,5927,35,JAWA TIMUR,3507,KABUPATEN MALANG,2024-04,2024,KEDELAI,0.0,HA
1976,5928,35,JAWA TIMUR,3507,KABUPATEN MALANG,2024-04,2024,PADI,0.0,HA
1977,5929,35,JAWA TIMUR,3508,KABUPATEN LUMAJANG,2024-04,2024,JAGUNG,0.0,HA
1977,5930,35,JAWA TIMUR,3508,KABUPATEN LUMAJANG,2024-04,2024,KEDELAI,0.0,HA
1977,5931,35,JAWA TIMUR,3508,KABUPATEN LUMAJANG,2024-04,2024,PADI,0.0,HA
1978,5932,35,JAWA TIMUR,3509,KABUPATEN JEMBER,2024-04,2024,JAGUNG,0.0,HA
1978,5933,35,JAWA TIMUR,3509,KABUPATEN JEMBER,2024-04,2024,KEDELAI,0.0,HA
1978,5934,35,JAWA TIMUR,3509,KABUPATEN JEMBER,2024-04,2024,PADI,0.0,HA
1979,5935,35,JAWA TIMUR,3510,KABUPATEN BANYUWANGI,2024-04,2024,JAGUNG,0.0,HA
1979,5936,35,JAWA TIMUR,3510,KABUPATEN BANYUWANGI,2024-04,2024,KEDELAI,0.0,HA
1979,5937,35,JAWA TIMUR,3510,KABUPATEN BANYUWANGI,2024-04,2024,PADI,0.0,HA
1980,5938,35,JAWA TIMUR,3511,KABUPATEN BONDOWOSO,2024-04,2024,JAGUNG,0.0,HA
1980,5939,35,JAWA TIMUR,3511,KABUPATEN BONDOWOSO,2024-04,2024,KEDELAI,0.0,HA
1980,5940,35,JAWA TIMUR,3511,KABUPATEN BONDOWOSO,2024-04,2024,PADI,0.0,HA
1981,5941,35,JAWA TIMUR,3512,KABUPATEN SITUBONDO,2024-04,2024,JAGUNG,0.0,HA
1981,5942,35,JAWA TIMUR,3512,KABUPATEN SITUBONDO,2024-04,2024,KEDELAI,0.0,HA
1981,5943,35,JAWA TIMUR,3512,KABUPATEN SITUBONDO,2024-04,2024,PADI,0.0,HA
1982,5944,35,JAWA TIMUR,3513,KABUPATEN PROBOLINGGO,2024-04,2024,JAGUNG,0.0,HA
1982,5945,35,JAWA TIMUR,3513,KABUPATEN PROBOLINGGO,2024-04,2024,KEDELAI,0.0,HA
1982,5946,35,JAWA TIMUR,3513,KABUPATEN PROBOLINGGO,2024-04,2024,PADI,0.0,HA
1983,5947,35,JAWA TIMUR,3514,KABUPATEN PASURUAN,2024-04,2024,JAGUNG,0.0,HA
1983,5948,35,JAWA TIMUR,3514,KABUPATEN PASURUAN,2024-04,2024,KEDELAI,0.0,HA
1983,5949,35,JAWA TIMUR,3514,KABUPATEN PASURUAN,2024-04,2024,PADI,0.0,HA
1984,5950,35,JAWA TIMUR,3515,KABUPATEN SIDOARJO,2024-04,2024,JAGUNG,0.0,HA
1984,5951,35,JAWA TIMUR,3515,KABUPATEN SIDOARJO,2024-04,2024,KEDELAI,0.0,HA
1984,5952,35,JAWA TIMUR,3515,KABUPATEN SIDOARJO,2024-04,2024,PADI,0.0,HA
1985,5953,35,JAWA TIMUR,3516,KABUPATEN MOJOKERTO,2024-04,2024,JAGUNG,0.0,HA
1985,5954,35,JAWA TIMUR,3516,KABUPATEN MOJOKERTO,2024-04,2024,KEDELAI,0.0,HA
1985,5955,35,JAWA TIMUR,3516,KABUPATEN MOJOKERTO,2024-04,2024,PADI,0.0,HA
1986,5956,35,JAWA TIMUR,3517,KABUPATEN JOMBANG,2024-04,2024,JAGUNG,0.0,HA
1986,5957,35,JAWA TIMUR,3517,KABUPATEN JOMBANG,2024-04,2024,KEDELAI,0.0,HA
1986,5958,35,JAWA TIMUR,3517,KABUPATEN JOMBANG,2024-04,2024,PADI,0.0,HA
1987,5959,35,JAWA TIMUR,3518,KABUPATEN NGANJUK,2024-04,2024,JAGUNG,0.0,HA
1987,5960,35,JAWA TIMUR,3518,KABUPATEN NGANJUK,2024-04,2024,KEDELAI,0.0,HA
1987,5961,35,JAWA TIMUR,3518,KABUPATEN NGANJUK,2024-04,2024,PADI,0.0,HA
1988,5962,35,JAWA TIMUR,3519,KABUPATEN MADIUN,2024-04,2024,JAGUNG,0.0,HA
1988,5963,35,JAWA TIMUR,3519,KABUPATEN MADIUN,2024-04,2024,KEDELAI,0.0,HA
1988,5964,35,JAWA TIMUR,3519,KABUPATEN MADIUN,2024-04,2024,PADI,0.0,HA
1989,5965,35,JAWA TIMUR,3520,KABUPATEN MAGETAN,2024-04,2024,JAGUNG,0.0,HA
1989,5966,35,JAWA TIMUR,3520,KABUPATEN MAGETAN,2024-04,2024,KEDELAI,0.0,HA
1989,5967,35,JAWA TIMUR,3520,KABUPATEN MAGETAN,2024-04,2024,PADI,0.0,HA
1990,5968,35,JAWA TIMUR,3521,KABUPATEN NGAWI,2024-04,2024,JAGUNG,0.0,HA
1990,5969,35,JAWA TIMUR,3521,KABUPATEN NGAWI,2024-04,2024,KEDELAI,0.0,HA
1990,5970,35,JAWA TIMUR,3521,KABUPATEN NGAWI,2024-04,2024,PADI,0.0,HA
1991,5971,35,JAWA TIMUR,3522,KABUPATEN BOJONEGORO,2024-04,2024,JAGUNG,0.0,HA
1991,5972,35,JAWA TIMUR,3522,KABUPATEN BOJONEGORO,2024-04,2024,KEDELAI,0.0,HA
1991,5973,35,JAWA TIMUR,3522,KABUPATEN BOJONEGORO,2024-04,2024,PADI,0.0,HA
1992,5974,35,JAWA TIMUR,3523,KABUPATEN TUBAN,2024-04,2024,JAGUNG,0.0,HA
1992,5975,35,JAWA TIMUR,3523,KABUPATEN TUBAN,2024-04,2024,KEDELAI,0.0,HA
1992,5976,35,JAWA TIMUR,3523,KABUPATEN TUBAN,2024-04,2024,PADI,0.0,HA
1993,5977,35,JAWA TIMUR,3524,KABUPATEN LAMONGAN,2024-04,2024,JAGUNG,0.0,HA
1993,5978,35,JAWA TIMUR,3524,KABUPATEN LAMONGAN,2024-04,2024,KEDELAI,0.0,HA
1993,5979,35,JAWA TIMUR,3524,KABUPATEN LAMONGAN,2024-04,2024,PADI,0.0,HA
1994,5980,35,JAWA TIMUR,3525,KABUPATEN GRESIK,2024-04,2024,JAGUNG,0.0,HA
1994,5981,35,JAWA TIMUR,3525,KABUPATEN GRESIK,2024-04,2024,KEDELAI,0.0,HA
1994,5982,35,JAWA TIMUR,3525,KABUPATEN GRESIK,2024-04,2024,PADI,0.0,HA
1995,5983,35,JAWA TIMUR,3526,KABUPATEN BANGKALAN,2024-04,2024,JAGUNG,0.0,HA
1995,5984,35,JAWA TIMUR,3526,KABUPATEN BANGKALAN,2024-04,2024,KEDELAI,0.0,HA
1995,5985,35,JAWA TIMUR,3526,KABUPATEN BANGKALAN,2024-04,2024,PADI,0.0,HA
1996,5986,35,JAWA TIMUR,3527,KABUPATEN SAMPANG,2024-04,2024,JAGUNG,0.0,HA
1996,5987,35,JAWA TIMUR,3527,KABUPATEN SAMPANG,2024-04,2024,KEDELAI,0.0,HA
1996,5988,35,JAWA TIMUR,3527,KABUPATEN SAMPANG,2024-04,2024,PADI,0.0,HA
1997,5989,35,JAWA TIMUR,3528,KABUPATEN PAMEKASAN,2024-04,2024,JAGUNG,0.0,HA
1997,5990,35,JAWA TIMUR,3528,KABUPATEN PAMEKASAN,2024-04,2024,KEDELAI,0.0,HA
1997,5991,35,JAWA TIMUR,3528,KABUPATEN PAMEKASAN,2024-04,2024,PADI,0.0,HA
1998,5992,35,JAWA TIMUR,3529,KABUPATEN SUMENEP,2024-04,2024,JAGUNG,0.0,HA
1998,5993,35,JAWA TIMUR,3529,KABUPATEN SUMENEP,2024-04,2024,KEDELAI,0.0,HA
1998,5994,35,JAWA TIMUR,3529,KABUPATEN SUMENEP,2024-04,2024,PADI,0.0,HA
1999,5995,35,JAWA TIMUR,3571,KOTA KEDIRI,2024-04,2024,JAGUNG,0.0,HA
1999,5996,35,JAWA TIMUR,3571,KOTA KEDIRI,2024-04,2024,KEDELAI,0.0,HA
1999,5997,35,JAWA TIMUR,3571,KOTA KEDIRI,2024-04,2024,PADI,0.0,HA
2004,6010,35,JAWA TIMUR,3572,KOTA BLITAR,2024-04,2024,JAGUNG,0.0,HA
2004,6011,35,JAWA TIMUR,3572,KOTA BLITAR,2024-04,2024,KEDELAI,0.0,HA
2004,6012,35,JAWA TIMUR,3572,KOTA BLITAR,2024-04,2024,PADI,0.0,HA
2005,6013,35,JAWA TIMUR,3573,KOTA MALANG,2024-04,2024,JAGUNG,0.0,HA
2005,6014,35,JAWA TIMUR,3573,KOTA MALANG,2024-04,2024,KEDELAI,0.0,HA
2005,6015,35,JAWA TIMUR,3573,KOTA MALANG,2024-04,2024,PADI,0.0,HA
2000,5998,35,JAWA TIMUR,3574,KOTA PROBOLINGGO,2024-04,2024,JAGUNG,0.0,HA
2000,5999,35,JAWA TIMUR,3574,KOTA PROBOLINGGO,2024-04,2024,KEDELAI,0.0,HA
2000,6000,35,JAWA TIMUR,3574,KOTA PROBOLINGGO,2024-04,2024,PADI,0.0,HA
2001,6001,35,JAWA TIMUR,3575,KOTA PASURUAN,2024-04,2024,JAGUNG,0.0,HA
2001,6002,35,JAWA TIMUR,3575,KOTA PASURUAN,2024-04,2024,KEDELAI,0.0,HA
2001,6003,35,JAWA TIMUR,3575,KOTA PASURUAN,2024-04,2024,PADI,0.0,HA
2006,6016,35,JAWA TIMUR,3576,KOTA MOJOKERTO,2024-04,2024,JAGUNG,0.0,HA
2006,6017,35,JAWA TIMUR,3576,KOTA MOJOKERTO,2024-04,2024,KEDELAI,0.0,HA
2006,6018,35,JAWA TIMUR,3576,KOTA MOJOKERTO,2024-04,2024,PADI,0.0,HA
2002,6004,35,JAWA TIMUR,3577,KOTA MADIUN,2024-04,2024,JAGUNG,0.0,HA
2002,6005,35,JAWA TIMUR,3577,KOTA MADIUN,2024-04,2024,KEDELAI,0.0,HA
2002,6006,35,JAWA TIMUR,3577,KOTA MADIUN,2024-04,2024,PADI,0.0,HA
2007,6019,35,JAWA TIMUR,3578,KOTA SURABAYA,2024-04,2024,JAGUNG,0.0,HA
2007,6020,35,JAWA TIMUR,3578,KOTA SURABAYA,2024-04,2024,KEDELAI,0.0,HA
2007,6021,35,JAWA TIMUR,3578,KOTA SURABAYA,2024-04,2024,PADI,0.0,HA
2003,6007,35,JAWA TIMUR,3579,KOTA BATU,2024-04,2024,JAGUNG,0.0,HA
2003,6008,35,JAWA TIMUR,3579,KOTA BATU,2024-04,2024,KEDELAI,0.0,HA
2003,6009,35,JAWA TIMUR,3579,KOTA BATU,2024-04,2024,PADI,0.0,HA
2009,6025,35,JAWA TIMUR,3501,KABUPATEN PACITAN,2024-05,2024,JAGUNG,17.0,HA
2009,6026,35,JAWA TIMUR,3501,KABUPATEN PACITAN,2024-05,2024,KEDELAI,42.0,HA
2009,6027,35,JAWA TIMUR,3501,KABUPATEN PACITAN,2024-05,2024,PADI,63.0,HA
2010,6028,35,JAWA TIMUR,3502,KABUPATEN PONOROGO,2024-05,2024,JAGUNG,0.0,HA
2010,6029,35,JAWA TIMUR,3502,KABUPATEN PONOROGO,2024-05,2024,KEDELAI,0.0,HA
2010,6030,35,JAWA TIMUR,3502,KABUPATEN PONOROGO,2024-05,2024,PADI,0.78,HA
2011,6031,35,JAWA TIMUR,3503,KABUPATEN TRENGGALEK,2024-05,2024,JAGUNG,0.0,HA
2011,6032,35,JAWA TIMUR,3503,KABUPATEN TRENGGALEK,2024-05,2024,KEDELAI,0.0,HA
2011,6033,35,JAWA TIMUR,3503,KABUPATEN TRENGGALEK,2024-05,2024,PADI,0.15,HA
2012,6034,35,JAWA TIMUR,3504,KABUPATEN TULUNGAGUNG,2024-05,2024,JAGUNG,0.0,HA
2012,6035,35,JAWA TIMUR,3504,KABUPATEN TULUNGAGUNG,2024-05,2024,KEDELAI,0.0,HA
2012,6036,35,JAWA TIMUR,3504,KABUPATEN TULUNGAGUNG,2024-05,2024,PADI,0.0,HA
2013,6037,35,JAWA TIMUR,3505,KABUPATEN BLITAR,2024-05,2024,JAGUNG,0.0,HA
2013,6038,35,JAWA TIMUR,3505,KABUPATEN BLITAR,2024-05,2024,KEDELAI,0.0,HA
2013,6039,35,JAWA TIMUR,3505,KABUPATEN BLITAR,2024-05,2024,PADI,0.0,HA
2014,6040,35,JAWA TIMUR,3506,KABUPATEN KEDIRI,2024-05,2024,JAGUNG,0.0,HA
2014,6041,35,JAWA TIMUR,3506,KABUPATEN KEDIRI,2024-05,2024,KEDELAI,0.0,HA
2014,6042,35,JAWA TIMUR,3506,KABUPATEN KEDIRI,2024-05,2024,PADI,0.0,HA
2015,6043,35,JAWA TIMUR,3507,KABUPATEN MALANG,2024-05,2024,JAGUNG,0.0,HA
2015,6044,35,JAWA TIMUR,3507,KABUPATEN MALANG,2024-05,2024,KEDELAI,0.0,HA
2015,6045,35,JAWA TIMUR,3507,KABUPATEN MALANG,2024-05,2024,PADI,0.0,HA
2016,6046,35,JAWA TIMUR,3508,KABUPATEN LUMAJANG,2024-05,2024,JAGUNG,0.0,HA
2016,6047,35,JAWA TIMUR,3508,KABUPATEN LUMAJANG,2024-05,2024,KEDELAI,0.0,HA
2016,6048,35,JAWA TIMUR,3508,KABUPATEN LUMAJANG,2024-05,2024,PADI,0.0,HA
2017,6049,35,JAWA TIMUR,3509,KABUPATEN JEMBER,2024-05,2024,JAGUNG,0.0,HA
2017,6050,35,JAWA TIMUR,3509,KABUPATEN JEMBER,2024-05,2024,KEDELAI,0.0,HA
2017,6051,35,JAWA TIMUR,3509,KABUPATEN JEMBER,2024-05,2024,PADI,0.0,HA
2018,6052,35,JAWA TIMUR,3510,KABUPATEN BANYUWANGI,2024-05,2024,JAGUNG,0.0,HA
2018,6053,35,JAWA TIMUR,3510,KABUPATEN BANYUWANGI,2024-05,2024,KEDELAI,0.0,HA
2018,6054,35,JAWA TIMUR,3510,KABUPATEN BANYUWANGI,2024-05,2024,PADI,0.0,HA
2019,6055,35,JAWA TIMUR,3511,KABUPATEN BONDOWOSO,2024-05,2024,JAGUNG,0.0,HA
2019,6056,35,JAWA TIMUR,3511,KABUPATEN BONDOWOSO,2024-05,2024,KEDELAI,0.0,HA
2019,6057,35,JAWA TIMUR,3511,KABUPATEN BONDOWOSO,2024-05,2024,PADI,0.0,HA
2020,6058,35,JAWA TIMUR,3512,KABUPATEN SITUBONDO,2024-05,2024,JAGUNG,0.0,HA
2020,6059,35,JAWA TIMUR,3512,KABUPATEN SITUBONDO,2024-05,2024,KEDELAI,0.0,HA
2020,6060,35,JAWA TIMUR,3512,KABUPATEN SITUBONDO,2024-05,2024,PADI,0.0,HA
2021,6061,35,JAWA TIMUR,3513,KABUPATEN PROBOLINGGO,2024-05,2024,JAGUNG,0.0,HA
2021,6062,35,JAWA TIMUR,3513,KABUPATEN PROBOLINGGO,2024-05,2024,KEDELAI,0.0,HA
2021,6063,35,JAWA TIMUR,3513,KABUPATEN PROBOLINGGO,2024-05,2024,PADI,0.0,HA
2022,6064,35,JAWA TIMUR,3514,KABUPATEN PASURUAN,2024-05,2024,JAGUNG,0.0,HA
2022,6065,35,JAWA TIMUR,3514,KABUPATEN PASURUAN,2024-05,2024,KEDELAI,0.0,HA
2022,6066,35,JAWA TIMUR,3514,KABUPATEN PASURUAN,2024-05,2024,PADI,0.0,HA
2023,6067,35,JAWA TIMUR,3515,KABUPATEN SIDOARJO,2024-05,2024,JAGUNG,0.0,HA
2023,6068,35,JAWA TIMUR,3515,KABUPATEN SIDOARJO,2024-05,2024,KEDELAI,0.0,HA
2023,6069,35,JAWA TIMUR,3515,KABUPATEN SIDOARJO,2024-05,2024,PADI,5.0,HA
2024,6070,35,JAWA TIMUR,3516,KABUPATEN MOJOKERTO,2024-05,2024,JAGUNG,0.0,HA
2024,6071,35,JAWA TIMUR,3516,KABUPATEN MOJOKERTO,2024-05,2024,KEDELAI,0.0,HA
2024,6072,35,JAWA TIMUR,3516,KABUPATEN MOJOKERTO,2024-05,2024,PADI,7.5,HA
2025,6073,35,JAWA TIMUR,3517,KABUPATEN JOMBANG,2024-05,2024,JAGUNG,0.0,HA
2025,6074,35,JAWA TIMUR,3517,KABUPATEN JOMBANG,2024-05,2024,KEDELAI,0.0,HA
2025,6075,35,JAWA TIMUR,3517,KABUPATEN JOMBANG,2024-05,2024,PADI,90.0,HA
2026,6076,35,JAWA TIMUR,3518,KABUPATEN NGANJUK,2024-05,2024,JAGUNG,0.0,HA
2026,6077,35,JAWA TIMUR,3518,KABUPATEN NGANJUK,2024-05,2024,KEDELAI,0.0,HA
2026,6078,35,JAWA TIMUR,3518,KABUPATEN NGANJUK,2024-05,2024,PADI,0.0,HA
2027,6079,35,JAWA TIMUR,3519,KABUPATEN MADIUN,2024-05,2024,JAGUNG,0.0,HA
2027,6080,35,JAWA TIMUR,3519,KABUPATEN MADIUN,2024-05,2024,KEDELAI,0.0,HA
2027,6081,35,JAWA TIMUR,3519,KABUPATEN MADIUN,2024-05,2024,PADI,0.8,HA
2028,6082,35,JAWA TIMUR,3520,KABUPATEN MAGETAN,2024-05,2024,JAGUNG,0.0,HA
2028,6083,35,JAWA TIMUR,3520,KABUPATEN MAGETAN,2024-05,2024,KEDELAI,0.0,HA
2028,6084,35,JAWA TIMUR,3520,KABUPATEN MAGETAN,2024-05,2024,PADI,23.8,HA
2029,6085,35,JAWA TIMUR,3521,KABUPATEN NGAWI,2024-05,2024,JAGUNG,0.0,HA
2029,6086,35,JAWA TIMUR,3521,KABUPATEN NGAWI,2024-05,2024,KEDELAI,0.0,HA
2029,6087,35,JAWA TIMUR,3521,KABUPATEN NGAWI,2024-05,2024,PADI,0.0,HA
2030,6088,35,JAWA TIMUR,3522,KABUPATEN BOJONEGORO,2024-05,2024,JAGUNG,20.0,HA
2030,6089,35,JAWA TIMUR,3522,KABUPATEN BOJONEGORO,2024-05,2024,KEDELAI,0.0,HA
2030,6090,35,JAWA TIMUR,3522,KABUPATEN BOJONEGORO,2024-05,2024,PADI,5168.0,HA
2031,6091,35,JAWA TIMUR,3523,KABUPATEN TUBAN,2024-05,2024,JAGUNG,2276.0,HA
2031,6092,35,JAWA TIMUR,3523,KABUPATEN TUBAN,2024-05,2024,KEDELAI,0.0,HA
2031,6093,35,JAWA TIMUR,3523,KABUPATEN TUBAN,2024-05,2024,PADI,1089.0,HA
2032,6094,35,JAWA TIMUR,3524,KABUPATEN LAMONGAN,2024-05,2024,JAGUNG,29.5,HA
2032,6095,35,JAWA TIMUR,3524,KABUPATEN LAMONGAN,2024-05,2024,KEDELAI,0.0,HA
2032,6096,35,JAWA TIMUR,3524,KABUPATEN LAMONGAN,2024-05,2024,PADI,9964.0,HA
2033,6097,35,JAWA TIMUR,3525,KABUPATEN GRESIK,2024-05,2024,JAGUNG,0.0,HA
2033,6098,35,JAWA TIMUR,3525,KABUPATEN GRESIK,2024-05,2024,KEDELAI,0.0,HA
2033,6099,35,JAWA TIMUR,3525,KABUPATEN GRESIK,2024-05,2024,PADI,3855.5,HA
2034,6100,35,JAWA TIMUR,3526,KABUPATEN BANGKALAN,2024-05,2024,JAGUNG,0.0,HA
2034,6101,35,JAWA TIMUR,3526,KABUPATEN BANGKALAN,2024-05,2024,KEDELAI,0.0,HA
2034,6102,35,JAWA TIMUR,3526,KABUPATEN BANGKALAN,2024-05,2024,PADI,0.0,HA
2035,6103,35,JAWA TIMUR,3527,KABUPATEN SAMPANG,2024-05,2024,JAGUNG,0.0,HA
2035,6104,35,JAWA TIMUR,3527,KABUPATEN SAMPANG,2024-05,2024,KEDELAI,0.0,HA
2035,6105,35,JAWA TIMUR,3527,KABUPATEN SAMPANG,2024-05,2024,PADI,16.0,HA
2036,6106,35,JAWA TIMUR,3528,KABUPATEN PAMEKASAN,2024-05,2024,JAGUNG,0.0,HA
2036,6107,35,JAWA TIMUR,3528,KABUPATEN PAMEKASAN,2024-05,2024,KEDELAI,0.0,HA
2036,6108,35,JAWA TIMUR,3528,KABUPATEN PAMEKASAN,2024-05,2024,PADI,0.0,HA
2037,6109,35,JAWA TIMUR,3529,KABUPATEN SUMENEP,2024-05,2024,JAGUNG,0.0,HA
2037,6110,35,JAWA TIMUR,3529,KABUPATEN SUMENEP,2024-05,2024,KEDELAI,0.0,HA
2037,6111,35,JAWA TIMUR,3529,KABUPATEN SUMENEP,2024-05,2024,PADI,0.0,HA
2038,6112,35,JAWA TIMUR,3571,KOTA KEDIRI,2024-05,2024,JAGUNG,0.0,HA
2038,6113,35,JAWA TIMUR,3571,KOTA KEDIRI,2024-05,2024,KEDELAI,0.0,HA
2038,6114,35,JAWA TIMUR,3571,KOTA KEDIRI,2024-05,2024,PADI,0.0,HA
2043,6127,35,JAWA TIMUR,3572,KOTA BLITAR,2024-05,2024,JAGUNG,0.0,HA
2043,6128,35,JAWA TIMUR,3572,KOTA BLITAR,2024-05,2024,KEDELAI,0.0,HA
2043,6129,35,JAWA TIMUR,3572,KOTA BLITAR,2024-05,2024,PADI,0.0,HA
2044,6130,35,JAWA TIMUR,3573,KOTA MALANG,2024-05,2024,JAGUNG,0.0,HA
2044,6131,35,JAWA TIMUR,3573,KOTA MALANG,2024-05,2024,KEDELAI,0.0,HA
2044,6132,35,JAWA TIMUR,3573,KOTA MALANG,2024-05,2024,PADI,0.0,HA
2039,6115,35,JAWA TIMUR,3574,KOTA PROBOLINGGO,2024-05,2024,JAGUNG,0.0,HA
2039,6116,35,JAWA TIMUR,3574,KOTA PROBOLINGGO,2024-05,2024,KEDELAI,0.0,HA
2039,6117,35,JAWA TIMUR,3574,KOTA PROBOLINGGO,2024-05,2024,PADI,0.0,HA
2040,6118,35,JAWA TIMUR,3575,KOTA PASURUAN,2024-05,2024,JAGUNG,0.0,HA
2040,6119,35,JAWA TIMUR,3575,KOTA PASURUAN,2024-05,2024,KEDELAI,0.0,HA
2040,6120,35,JAWA TIMUR,3575,KOTA PASURUAN,2024-05,2024,PADI,0.0,HA
2045,6133,35,JAWA TIMUR,3576,KOTA MOJOKERTO,2024-05,2024,JAGUNG,0.0,HA
2045,6134,35,JAWA TIMUR,3576,KOTA MOJOKERTO,2024-05,2024,KEDELAI,0.0,HA
2045,6135,35,JAWA TIMUR,3576,KOTA MOJOKERTO,2024-05,2024,PADI,0.0,HA
2041,6121,35,JAWA TIMUR,3577,KOTA MADIUN,2024-05,2024,JAGUNG,0.0,HA
2041,6122,35,JAWA TIMUR,3577,KOTA MADIUN,2024-05,2024,KEDELAI,0.0,HA
2041,6123,35,JAWA TIMUR,3577,KOTA MADIUN,2024-05,2024,PADI,0.0,HA
2046,6136,35,JAWA TIMUR,3578,KOTA SURABAYA,2024-05,2024,JAGUNG,0.0,HA
2046,6137,35,JAWA TIMUR,3578,KOTA SURABAYA,2024-05,2024,KEDELAI,0.0,HA
2046,6138,35,JAWA TIMUR,3578,KOTA SURABAYA,2024-05,2024,PADI,0.0,HA
2042,6124,35,JAWA TIMUR,3579,KOTA BATU,2024-05,2024,JAGUNG,0.0,HA
2042,6125,35,JAWA TIMUR,3579,KOTA BATU,2024-05,2024,KEDELAI,0.0,HA
2042,6126,35,JAWA TIMUR,3579,KOTA BATU,2024-05,2024,PADI,0.0,HA
2048,6142,35,JAWA TIMUR,3501,KABUPATEN PACITAN,2024-06,2024,JAGUNG,0.0,HA
2048,6143,35,JAWA TIMUR,3501,KABUPATEN PACITAN,2024-06,2024,KEDELAI,0.0,HA
2048,6144,35,JAWA TIMUR,3501,KABUPATEN PACITAN,2024-06,2024,PADI,3.5,HA
2049,6145,35,JAWA TIMUR,3502,KABUPATEN PONOROGO,2024-06,2024,JAGUNG,0.0,HA
2049,6146,35,JAWA TIMUR,3502,KABUPATEN PONOROGO,2024-06,2024,KEDELAI,0.0,HA
2049,6147,35,JAWA TIMUR,3502,KABUPATEN PONOROGO,2024-06,2024,PADI,60.9,HA
2050,6148,35,JAWA TIMUR,3503,KABUPATEN TRENGGALEK,2024-06,2024,JAGUNG,0.0,HA
2050,6149,35,JAWA TIMUR,3503,KABUPATEN TRENGGALEK,2024-06,2024,KEDELAI,0.0,HA
2050,6150,35,JAWA TIMUR,3503,KABUPATEN TRENGGALEK,2024-06,2024,PADI,0.15,HA
2051,6151,35,JAWA TIMUR,3504,KABUPATEN TULUNGAGUNG,2024-06,2024,JAGUNG,0.0,HA
2051,6152,35,JAWA TIMUR,3504,KABUPATEN TULUNGAGUNG,2024-06,2024,KEDELAI,0.0,HA
2051,6153,35,JAWA TIMUR,3504,KABUPATEN TULUNGAGUNG,2024-06,2024,PADI,0.0,HA
2052,6154,35,JAWA TIMUR,3505,KABUPATEN BLITAR,2024-06,2024,JAGUNG,0.0,HA
2052,6155,35,JAWA TIMUR,3505,KABUPATEN BLITAR,2024-06,2024,KEDELAI,0.0,HA
2052,6156,35,JAWA TIMUR,3505,KABUPATEN BLITAR,2024-06,2024,PADI,0.0,HA
2053,6157,35,JAWA TIMUR,3506,KABUPATEN KEDIRI,2024-06,2024,JAGUNG,0.0,HA
2053,6158,35,JAWA TIMUR,3506,KABUPATEN KEDIRI,2024-06,2024,KEDELAI,0.0,HA
2053,6159,35,JAWA TIMUR,3506,KABUPATEN KEDIRI,2024-06,2024,PADI,0.0,HA
2054,6160,35,JAWA TIMUR,3507,KABUPATEN MALANG,2024-06,2024,JAGUNG,0.0,HA
2054,6161,35,JAWA TIMUR,3507,KABUPATEN MALANG,2024-06,2024,KEDELAI,0.0,HA
2054,6162,35,JAWA TIMUR,3507,KABUPATEN MALANG,2024-06,2024,PADI,0.0,HA
2055,6163,35,JAWA TIMUR,3508,KABUPATEN LUMAJANG,2024-06,2024,JAGUNG,0.0,HA
2055,6164,35,JAWA TIMUR,3508,KABUPATEN LUMAJANG,2024-06,2024,KEDELAI,0.0,HA
2055,6165,35,JAWA TIMUR,3508,KABUPATEN LUMAJANG,2024-06,2024,PADI,0.0,HA
2056,6166,35,JAWA TIMUR,3509,KABUPATEN JEMBER,2024-06,2024,JAGUNG,0.0,HA
2056,6167,35,JAWA TIMUR,3509,KABUPATEN JEMBER,2024-06,2024,KEDELAI,0.0,HA
2056,6168,35,JAWA TIMUR,3509,KABUPATEN JEMBER,2024-06,2024,PADI,0.0,HA
2057,6169,35,JAWA TIMUR,3510,KABUPATEN BANYUWANGI,2024-06,2024,JAGUNG,0.0,HA
2057,6170,35,JAWA TIMUR,3510,KABUPATEN BANYUWANGI,2024-06,2024,KEDELAI,0.0,HA
2057,6171,35,JAWA TIMUR,3510,KABUPATEN BANYUWANGI,2024-06,2024,PADI,0.0,HA
2058,6172,35,JAWA TIMUR,3511,KABUPATEN BONDOWOSO,2024-06,2024,JAGUNG,0.0,HA
2058,6173,35,JAWA TIMUR,3511,KABUPATEN BONDOWOSO,2024-06,2024,KEDELAI,0.0,HA
2058,6174,35,JAWA TIMUR,3511,KABUPATEN BONDOWOSO,2024-06,2024,PADI,0.0,HA
2059,6175,35,JAWA TIMUR,3512,KABUPATEN SITUBONDO,2024-06,2024,JAGUNG,0.0,HA
2059,6176,35,JAWA TIMUR,3512,KABUPATEN SITUBONDO,2024-06,2024,KEDELAI,0.0,HA
2059,6177,35,JAWA TIMUR,3512,KABUPATEN SITUBONDO,2024-06,2024,PADI,0.0,HA
2060,6178,35,JAWA TIMUR,3513,KABUPATEN PROBOLINGGO,2024-06,2024,JAGUNG,0.0,HA
2060,6179,35,JAWA TIMUR,3513,KABUPATEN PROBOLINGGO,2024-06,2024,KEDELAI,0.0,HA
2060,6180,35,JAWA TIMUR,3513,KABUPATEN PROBOLINGGO,2024-06,2024,PADI,0.0,HA
2061,6181,35,JAWA TIMUR,3514,KABUPATEN PASURUAN,2024-06,2024,JAGUNG,5.0,HA
2061,6182,35,JAWA TIMUR,3514,KABUPATEN PASURUAN,2024-06,2024,KEDELAI,0.0,HA
2061,6183,35,JAWA TIMUR,3514,KABUPATEN PASURUAN,2024-06,2024,PADI,6.0,HA
2062,6184,35,JAWA TIMUR,3515,KABUPATEN SIDOARJO,2024-06,2024,JAGUNG,0.0,HA
2062,6185,35,JAWA TIMUR,3515,KABUPATEN SIDOARJO,2024-06,2024,KEDELAI,0.0,HA
2062,6186,35,JAWA TIMUR,3515,KABUPATEN SIDOARJO,2024-06,2024,PADI,0.0,HA
2063,6187,35,JAWA TIMUR,3516,KABUPATEN MOJOKERTO,2024-06,2024,JAGUNG,0.0,HA
2063,6188,35,JAWA TIMUR,3516,KABUPATEN MOJOKERTO,2024-06,2024,KEDELAI,0.0,HA
2063,6189,35,JAWA TIMUR,3516,KABUPATEN MOJOKERTO,2024-06,2024,PADI,140.0,HA
2064,6190,35,JAWA TIMUR,3517,KABUPATEN JOMBANG,2024-06,2024,JAGUNG,0.0,HA
2064,6191,35,JAWA TIMUR,3517,KABUPATEN JOMBANG,2024-06,2024,KEDELAI,0.0,HA
2064,6192,35,JAWA TIMUR,3517,KABUPATEN JOMBANG,2024-06,2024,PADI,40.0,HA
2065,6193,35,JAWA TIMUR,3518,KABUPATEN NGANJUK,2024-06,2024,JAGUNG,0.0,HA
2065,6194,35,JAWA TIMUR,3518,KABUPATEN NGANJUK,2024-06,2024,KEDELAI,0.0,HA
2065,6195,35,JAWA TIMUR,3518,KABUPATEN NGANJUK,2024-06,2024,PADI,698.0,HA
2066,6196,35,JAWA TIMUR,3519,KABUPATEN MADIUN,2024-06,2024,JAGUNG,0.0,HA
2066,6197,35,JAWA TIMUR,3519,KABUPATEN MADIUN,2024-06,2024,KEDELAI,0.0,HA
2066,6198,35,JAWA TIMUR,3519,KABUPATEN MADIUN,2024-06,2024,PADI,0.0,HA
2067,6199,35,JAWA TIMUR,3520,KABUPATEN MAGETAN,2024-06,2024,JAGUNG,0.0,HA
2067,6200,35,JAWA TIMUR,3520,KABUPATEN MAGETAN,2024-06,2024,KEDELAI,0.0,HA
2067,6201,35,JAWA TIMUR,3520,KABUPATEN MAGETAN,2024-06,2024,PADI,13.61,HA
2068,6202,35,JAWA TIMUR,3521,KABUPATEN NGAWI,2024-06,2024,JAGUNG,0.0,HA
2068,6203,35,JAWA TIMUR,3521,KABUPATEN NGAWI,2024-06,2024,KEDELAI,0.0,HA
2068,6204,35,JAWA TIMUR,3521,KABUPATEN NGAWI,2024-06,2024,PADI,19.0,HA
2069,6205,35,JAWA TIMUR,3522,KABUPATEN BOJONEGORO,2024-06,2024,JAGUNG,0.0,HA
2069,6206,35,JAWA TIMUR,3522,KABUPATEN BOJONEGORO,2024-06,2024,KEDELAI,0.0,HA
2069,6207,35,JAWA TIMUR,3522,KABUPATEN BOJONEGORO,2024-06,2024,PADI,545.0,HA
2070,6208,35,JAWA TIMUR,3523,KABUPATEN TUBAN,2024-06,2024,JAGUNG,10.0,HA
2070,6209,35,JAWA TIMUR,3523,KABUPATEN TUBAN,2024-06,2024,KEDELAI,0.0,HA
2070,6210,35,JAWA TIMUR,3523,KABUPATEN TUBAN,2024-06,2024,PADI,0.4,HA
2071,6211,35,JAWA TIMUR,3524,KABUPATEN LAMONGAN,2024-06,2024,JAGUNG,36.5,HA
2071,6212,35,JAWA TIMUR,3524,KABUPATEN LAMONGAN,2024-06,2024,KEDELAI,0.0,HA
2071,6213,35,JAWA TIMUR,3524,KABUPATEN LAMONGAN,2024-06,2024,PADI,139.0,HA
2072,6214,35,JAWA TIMUR,3525,KABUPATEN GRESIK,2024-06,2024,JAGUNG,0.0,HA
2072,6215,35,JAWA TIMUR,3525,KABUPATEN GRESIK,2024-06,2024,KEDELAI,0.0,HA
2072,6216,35,JAWA TIMUR,3525,KABUPATEN GRESIK,2024-06,2024,PADI,1624.0,HA
2073,6217,35,JAWA TIMUR,3526,KABUPATEN BANGKALAN,2024-06,2024,JAGUNG,0.0,HA
2073,6218,35,JAWA TIMUR,3526,KABUPATEN BANGKALAN,2024-06,2024,KEDELAI,0.0,HA
2073,6219,35,JAWA TIMUR,3526,KABUPATEN BANGKALAN,2024-06,2024,PADI,0.0,HA
2074,6220,35,JAWA TIMUR,3527,KABUPATEN SAMPANG,2024-06,2024,JAGUNG,0.0,HA
2074,6221,35,JAWA TIMUR,3527,KABUPATEN SAMPANG,2024-06,2024,KEDELAI,0.0,HA
2074,6222,35,JAWA TIMUR,3527,KABUPATEN SAMPANG,2024-06,2024,PADI,21.0,HA
2075,6223,35,JAWA TIMUR,3528,KABUPATEN PAMEKASAN,2024-06,2024,JAGUNG,0.0,HA
2075,6224,35,JAWA TIMUR,3528,KABUPATEN PAMEKASAN,2024-06,2024,KEDELAI,0.0,HA
2075,6225,35,JAWA TIMUR,3528,KABUPATEN PAMEKASAN,2024-06,2024,PADI,0.0,HA
2076,6226,35,JAWA TIMUR,3529,KABUPATEN SUMENEP,2024-06,2024,JAGUNG,0.0,HA
2076,6227,35,JAWA TIMUR,3529,KABUPATEN SUMENEP,2024-06,2024,KEDELAI,0.0,HA
2076,6228,35,JAWA TIMUR,3529,KABUPATEN SUMENEP,2024-06,2024,PADI,0.0,HA
2077,6229,35,JAWA TIMUR,3571,KOTA KEDIRI,2024-06,2024,JAGUNG,0.0,HA
2077,6230,35,JAWA TIMUR,3571,KOTA KEDIRI,2024-06,2024,KEDELAI,0.0,HA
2077,6231,35,JAWA TIMUR,3571,KOTA KEDIRI,2024-06,2024,PADI,0.0,HA
2082,6244,35,JAWA TIMUR,3572,KOTA BLITAR,2024-06,2024,JAGUNG,0.0,HA
2082,6245,35,JAWA TIMUR,3572,KOTA BLITAR,2024-06,2024,KEDELAI,0.0,HA
2082,6246,35,JAWA TIMUR,3572,KOTA BLITAR,2024-06,2024,PADI,0.0,HA
2083,6247,35,JAWA TIMUR,3573,KOTA MALANG,2024-06,2024,JAGUNG,0.0,HA
2083,6248,35,JAWA TIMUR,3573,KOTA MALANG,2024-06,2024,KEDELAI,0.0,HA
2083,6249,35,JAWA TIMUR,3573,KOTA MALANG,2024-06,2024,PADI,0.0,HA
2078,6232,35,JAWA TIMUR,3574,KOTA PROBOLINGGO,2024-06,2024,JAGUNG,0.0,HA
2078,6233,35,JAWA TIMUR,3574,KOTA PROBOLINGGO,2024-06,2024,KEDELAI,0.0,HA
2078,6234,35,JAWA TIMUR,3574,KOTA PROBOLINGGO,2024-06,2024,PADI,0.0,HA
2079,6235,35,JAWA TIMUR,3575,KOTA PASURUAN,2024-06,2024,JAGUNG,0.0,HA
2079,6236,35,JAWA TIMUR,3575,KOTA PASURUAN,2024-06,2024,KEDELAI,0.0,HA
2079,6237,35,JAWA TIMUR,3575,KOTA PASURUAN,2024-06,2024,PADI,0.0,HA
2084,6250,35,JAWA TIMUR,3576,KOTA MOJOKERTO,2024-06,2024,JAGUNG,0.0,HA
2084,6251,35,JAWA TIMUR,3576,KOTA MOJOKERTO,2024-06,2024,KEDELAI,0.0,HA
2084,6252,35,JAWA TIMUR,3576,KOTA MOJOKERTO,2024-06,2024,PADI,0.0,HA
2080,6238,35,JAWA TIMUR,3577,KOTA MADIUN,2024-06,2024,JAGUNG,0.0,HA
2080,6239,35,JAWA TIMUR,3577,KOTA MADIUN,2024-06,2024,KEDELAI,0.0,HA
2080,6240,35,JAWA TIMUR,3577,KOTA MADIUN,2024-06,2024,PADI,0.0,HA
2085,6253,35,JAWA TIMUR,3578,KOTA SURABAYA,2024-06,2024,JAGUNG,0.0,HA
2085,6254,35,JAWA TIMUR,3578,KOTA SURABAYA,2024-06,2024,KEDELAI,0.0,HA
2085,6255,35,JAWA TIMUR,3578,KOTA SURABAYA,2024-06,2024,PADI,0.0,HA
2081,6241,35,JAWA TIMUR,3579,KOTA BATU,2024-06,2024,JAGUNG,0.0,HA
2081,6242,35,JAWA TIMUR,3579,KOTA BATU,2024-06,2024,KEDELAI,0.0,HA
2081,6243,35,JAWA TIMUR,3579,KOTA BATU,2024-06,2024,PADI,0.0,HA
2086,6256,35,JAWA TIMUR,3501,KABUPATEN PACITAN,2024-07,2024,JAGUNG,0.0,HA
2086,6257,35,JAWA TIMUR,3501,KABUPATEN PACITAN,2024-07,2024,KEDELAI,0.0,HA
2086,6258,35,JAWA TIMUR,3501,KABUPATEN PACITAN,2024-07,2024,PADI,0.0,HA
2087,6259,35,JAWA TIMUR,3502,KABUPATEN PONOROGO,2024-07,2024,JAGUNG,0.0,HA
2087,6260,35,JAWA TIMUR,3502,KABUPATEN PONOROGO,2024-07,2024,KEDELAI,0.0,HA
2087,6261,35,JAWA TIMUR,3502,KABUPATEN PONOROGO,2024-07,2024,PADI,17.0,HA
2088,6262,35,JAWA TIMUR,3503,KABUPATEN TRENGGALEK,2024-07,2024,JAGUNG,0.0,HA
2088,6263,35,JAWA TIMUR,3503,KABUPATEN TRENGGALEK,2024-07,2024,KEDELAI,0.0,HA
2088,6264,35,JAWA TIMUR,3503,KABUPATEN TRENGGALEK,2024-07,2024,PADI,0.0,HA
2089,6265,35,JAWA TIMUR,3504,KABUPATEN TULUNGAGUNG,2024-07,2024,JAGUNG,0.0,HA
2089,6266,35,JAWA TIMUR,3504,KABUPATEN TULUNGAGUNG,2024-07,2024,KEDELAI,0.0,HA
2089,6267,35,JAWA TIMUR,3504,KABUPATEN TULUNGAGUNG,2024-07,2024,PADI,0.0,HA
2090,6268,35,JAWA TIMUR,3505,KABUPATEN BLITAR,2024-07,2024,JAGUNG,0.0,HA
2090,6269,35,JAWA TIMUR,3505,KABUPATEN BLITAR,2024-07,2024,KEDELAI,0.0,HA
2090,6270,35,JAWA TIMUR,3505,KABUPATEN BLITAR,2024-07,2024,PADI,0.0,HA
2091,6271,35,JAWA TIMUR,3506,KABUPATEN KEDIRI,2024-07,2024,JAGUNG,0.0,HA
2091,6272,35,JAWA TIMUR,3506,KABUPATEN KEDIRI,2024-07,2024,KEDELAI,0.0,HA
2091,6273,35,JAWA TIMUR,3506,KABUPATEN KEDIRI,2024-07,2024,PADI,1.5,HA
2092,6274,35,JAWA TIMUR,3507,KABUPATEN MALANG,2024-07,2024,JAGUNG,0.0,HA
2092,6275,35,JAWA TIMUR,3507,KABUPATEN MALANG,2024-07,2024,KEDELAI,0.0,HA
2092,6276,35,JAWA TIMUR,3507,KABUPATEN MALANG,2024-07,2024,PADI,0.0,HA
2093,6277,35,JAWA TIMUR,3508,KABUPATEN LUMAJANG,2024-07,2024,JAGUNG,0.0,HA
2093,6278,35,JAWA TIMUR,3508,KABUPATEN LUMAJANG,2024-07,2024,KEDELAI,0.0,HA
2093,6279,35,JAWA TIMUR,3508,KABUPATEN LUMAJANG,2024-07,2024,PADI,0.0,HA
2094,6280,35,JAWA TIMUR,3509,KABUPATEN JEMBER,2024-07,2024,JAGUNG,0.0,HA
2094,6281,35,JAWA TIMUR,3509,KABUPATEN JEMBER,2024-07,2024,KEDELAI,0.0,HA
2094,6282,35,JAWA TIMUR,3509,KABUPATEN JEMBER,2024-07,2024,PADI,0.0,HA
2095,6283,35,JAWA TIMUR,3510,KABUPATEN BANYUWANGI,2024-07,2024,JAGUNG,0.0,HA
2095,6284,35,JAWA TIMUR,3510,KABUPATEN BANYUWANGI,2024-07,2024,KEDELAI,0.0,HA
2095,6285,35,JAWA TIMUR,3510,KABUPATEN BANYUWANGI,2024-07,2024,PADI,0.0,HA
2096,6286,35,JAWA TIMUR,3511,KABUPATEN BONDOWOSO,2024-07,2024,JAGUNG,0.0,HA
2096,6287,35,JAWA TIMUR,3511,KABUPATEN BONDOWOSO,2024-07,2024,KEDELAI,0.0,HA
2096,6288,35,JAWA TIMUR,3511,KABUPATEN BONDOWOSO,2024-07,2024,PADI,0.0,HA
2097,6289,35,JAWA TIMUR,3512,KABUPATEN SITUBONDO,2024-07,2024,JAGUNG,0.0,HA
2097,6290,35,JAWA TIMUR,3512,KABUPATEN SITUBONDO,2024-07,2024,KEDELAI,0.0,HA
2097,6291,35,JAWA TIMUR,3512,KABUPATEN SITUBONDO,2024-07,2024,PADI,0.0,HA
2098,6292,35,JAWA TIMUR,3513,KABUPATEN PROBOLINGGO,2024-07,2024,JAGUNG,0.0,HA
2098,6293,35,JAWA TIMUR,3513,KABUPATEN PROBOLINGGO,2024-07,2024,KEDELAI,0.0,HA
2098,6294,35,JAWA TIMUR,3513,KABUPATEN PROBOLINGGO,2024-07,2024,PADI,0.0,HA
2099,6295,35,JAWA TIMUR,3514,KABUPATEN PASURUAN,2024-07,2024,JAGUNG,0.0,HA
2099,6296,35,JAWA TIMUR,3514,KABUPATEN PASURUAN,2024-07,2024,KEDELAI,0.0,HA
2099,6297,35,JAWA TIMUR,3514,KABUPATEN PASURUAN,2024-07,2024,PADI,0.0,HA
2100,6298,35,JAWA TIMUR,3515,KABUPATEN SIDOARJO,2024-07,2024,JAGUNG,0.0,HA
2100,6299,35,JAWA TIMUR,3515,KABUPATEN SIDOARJO,2024-07,2024,KEDELAI,0.0,HA
2100,6300,35,JAWA TIMUR,3515,KABUPATEN SIDOARJO,2024-07,2024,PADI,0.0,HA
2101,6301,35,JAWA TIMUR,3516,KABUPATEN MOJOKERTO,2024-07,2024,JAGUNG,0.0,HA
2101,6302,35,JAWA TIMUR,3516,KABUPATEN MOJOKERTO,2024-07,2024,KEDELAI,0.0,HA
2101,6303,35,JAWA TIMUR,3516,KABUPATEN MOJOKERTO,2024-07,2024,PADI,130.0,HA
2102,6304,35,JAWA TIMUR,3517,KABUPATEN JOMBANG,2024-07,2024,JAGUNG,0.0,HA
2102,6305,35,JAWA TIMUR,3517,KABUPATEN JOMBANG,2024-07,2024,KEDELAI,0.0,HA
2102,6306,35,JAWA TIMUR,3517,KABUPATEN JOMBANG,2024-07,2024,PADI,0.0,HA
2103,6307,35,JAWA TIMUR,3518,KABUPATEN NGANJUK,2024-07,2024,JAGUNG,0.0,HA
2103,6308,35,JAWA TIMUR,3518,KABUPATEN NGANJUK,2024-07,2024,KEDELAI,0.0,HA
2103,6309,35,JAWA TIMUR,3518,KABUPATEN NGANJUK,2024-07,2024,PADI,10.0,HA
2104,6310,35,JAWA TIMUR,3519,KABUPATEN MADIUN,2024-07,2024,JAGUNG,0.0,HA
2104,6311,35,JAWA TIMUR,3519,KABUPATEN MADIUN,2024-07,2024,KEDELAI,0.0,HA
2104,6312,35,JAWA TIMUR,3519,KABUPATEN MADIUN,2024-07,2024,PADI,0.0,HA
2105,6313,35,JAWA TIMUR,3520,KABUPATEN MAGETAN,2024-07,2024,JAGUNG,0.0,HA
2105,6314,35,JAWA TIMUR,3520,KABUPATEN MAGETAN,2024-07,2024,KEDELAI,0.0,HA
2105,6315,35,JAWA TIMUR,3520,KABUPATEN MAGETAN,2024-07,2024,PADI,0.0,HA
2106,6316,35,JAWA TIMUR,3521,KABUPATEN NGAWI,2024-07,2024,JAGUNG,0.0,HA
2106,6317,35,JAWA TIMUR,3521,KABUPATEN NGAWI,2024-07,2024,KEDELAI,0.0,HA
2106,6318,35,JAWA TIMUR,3521,KABUPATEN NGAWI,2024-07,2024,PADI,20.0,HA
2107,6319,35,JAWA TIMUR,3522,KABUPATEN BOJONEGORO,2024-07,2024,JAGUNG,0.0,HA
2107,6320,35,JAWA TIMUR,3522,KABUPATEN BOJONEGORO,2024-07,2024,KEDELAI,0.0,HA
2107,6321,35,JAWA TIMUR,3522,KABUPATEN BOJONEGORO,2024-07,2024,PADI,0.0,HA
2108,6322,35,JAWA TIMUR,3523,KABUPATEN TUBAN,2024-07,2024,JAGUNG,0.0,HA
2108,6323,35,JAWA TIMUR,3523,KABUPATEN TUBAN,2024-07,2024,KEDELAI,0.0,HA
2108,6324,35,JAWA TIMUR,3523,KABUPATEN TUBAN,2024-07,2024,PADI,0.0,HA
2109,6325,35,JAWA TIMUR,3524,KABUPATEN LAMONGAN,2024-07,2024,JAGUNG,14.0,HA
2109,6326,35,JAWA TIMUR,3524,KABUPATEN LAMONGAN,2024-07,2024,KEDELAI,0.0,HA
2109,6327,35,JAWA TIMUR,3524,KABUPATEN LAMONGAN,2024-07,2024,PADI,1681.0,HA
2110,6328,35,JAWA TIMUR,3525,KABUPATEN GRESIK,2024-07,2024,JAGUNG,0.0,HA
2110,6329,35,JAWA TIMUR,3525,KABUPATEN GRESIK,2024-07,2024,KEDELAI,0.0,HA
2110,6330,35,JAWA TIMUR,3525,KABUPATEN GRESIK,2024-07,2024,PADI,485.0,HA
2111,6331,35,JAWA TIMUR,3526,KABUPATEN BANGKALAN,2024-07,2024,JAGUNG,0.0,HA
2111,6332,35,JAWA TIMUR,3526,KABUPATEN BANGKALAN,2024-07,2024,KEDELAI,0.0,HA
2111,6333,35,JAWA TIMUR,3526,KABUPATEN BANGKALAN,2024-07,2024,PADI,1.0,HA
2112,6334,35,JAWA TIMUR,3527,KABUPATEN SAMPANG,2024-07,2024,JAGUNG,0.0,HA
2112,6335,35,JAWA TIMUR,3527,KABUPATEN SAMPANG,2024-07,2024,KEDELAI,0.0,HA
2112,6336,35,JAWA TIMUR,3527,KABUPATEN SAMPANG,2024-07,2024,PADI,0.0,HA
2113,6337,35,JAWA TIMUR,3528,KABUPATEN PAMEKASAN,2024-07,2024,JAGUNG,0.0,HA
2113,6338,35,JAWA TIMUR,3528,KABUPATEN PAMEKASAN,2024-07,2024,KEDELAI,0.0,HA
2113,6339,35,JAWA TIMUR,3528,KABUPATEN PAMEKASAN,2024-07,2024,PADI,0.0,HA
2114,6340,35,JAWA TIMUR,3529,KABUPATEN SUMENEP,2024-07,2024,JAGUNG,0.0,HA
2114,6341,35,JAWA TIMUR,3529,KABUPATEN SUMENEP,2024-07,2024,KEDELAI,0.0,HA
2114,6342,35,JAWA TIMUR,3529,KABUPATEN SUMENEP,2024-07,2024,PADI,14.0,HA
2115,6343,35,JAWA TIMUR,3571,KOTA KEDIRI,2024-07,2024,JAGUNG,0.0,HA
2115,6344,35,JAWA TIMUR,3571,KOTA KEDIRI,2024-07,2024,KEDELAI,0.0,HA
2115,6345,35,JAWA TIMUR,3571,KOTA KEDIRI,2024-07,2024,PADI,0.0,HA
2120,6358,35,JAWA TIMUR,3572,KOTA BLITAR,2024-07,2024,JAGUNG,0.0,HA
2120,6359,35,JAWA TIMUR,3572,KOTA BLITAR,2024-07,2024,KEDELAI,0.0,HA
2120,6360,35,JAWA TIMUR,3572,KOTA BLITAR,2024-07,2024,PADI,0.0,HA
2121,6361,35,JAWA TIMUR,3573,KOTA MALANG,2024-07,2024,JAGUNG,0.0,HA
2121,6362,35,JAWA TIMUR,3573,KOTA MALANG,2024-07,2024,KEDELAI,0.0,HA
2121,6363,35,JAWA TIMUR,3573,KOTA MALANG,2024-07,2024,PADI,0.0,HA
2116,6346,35,JAWA TIMUR,3574,KOTA PROBOLINGGO,2024-07,2024,JAGUNG,0.0,HA
2116,6347,35,JAWA TIMUR,3574,KOTA PROBOLINGGO,2024-07,2024,KEDELAI,0.0,HA
2116,6348,35,JAWA TIMUR,3574,KOTA PROBOLINGGO,2024-07,2024,PADI,0.0,HA
2117,6349,35,JAWA TIMUR,3575,KOTA PASURUAN,2024-07,2024,JAGUNG,0.0,HA
2117,6350,35,JAWA TIMUR,3575,KOTA PASURUAN,2024-07,2024,KEDELAI,0.0,HA
2117,6351,35,JAWA TIMUR,3575,KOTA PASURUAN,2024-07,2024,PADI,0.0,HA
2122,6364,35,JAWA TIMUR,3576,KOTA MOJOKERTO,2024-07,2024,JAGUNG,0.0,HA
2122,6365,35,JAWA TIMUR,3576,KOTA MOJOKERTO,2024-07,2024,KEDELAI,0.0,HA
2122,6366,35,JAWA TIMUR,3576,KOTA MOJOKERTO,2024-07,2024,PADI,0.0,HA
2118,6352,35,JAWA TIMUR,3577,KOTA MADIUN,2024-07,2024,JAGUNG,0.0,HA
2118,6353,35,JAWA TIMUR,3577,KOTA MADIUN,2024-07,2024,KEDELAI,0.0,HA
2118,6354,35,JAWA TIMUR,3577,KOTA MADIUN,2024-07,2024,PADI,0.0,HA
2123,6367,35,JAWA TIMUR,3578,KOTA SURABAYA,2024-07,2024,JAGUNG,0.0,HA
2123,6368,35,JAWA TIMUR,3578,KOTA SURABAYA,2024-07,2024,KEDELAI,0.0,HA
2123,6369,35,JAWA TIMUR,3578,KOTA SURABAYA,2024-07,2024,PADI,0.0,HA
2119,6355,35,JAWA TIMUR,3579,KOTA BATU,2024-07,2024,JAGUNG,0.0,HA
2119,6356,35,JAWA TIMUR,3579,KOTA BATU,2024-07,2024,KEDELAI,0.0,HA
2119,6357,35,JAWA TIMUR,3579,KOTA BATU,2024-07,2024,PADI,0.0,HA
2124,6370,35,JAWA TIMUR,3501,KABUPATEN PACITAN,2024-08,2024,JAGUNG,0.0,HA
2124,6371,35,JAWA TIMUR,3501,KABUPATEN PACITAN,2024-08,2024,KEDELAI,0.0,HA
2124,6372,35,JAWA TIMUR,3501,KABUPATEN PACITAN,2024-08,2024,PADI,0.0,HA
2125,6373,35,JAWA TIMUR,3502,KABUPATEN PONOROGO,2024-08,2024,JAGUNG,0.0,HA
2125,6374,35,JAWA TIMUR,3502,KABUPATEN PONOROGO,2024-08,2024,KEDELAI,0.0,HA
2125,6375,35,JAWA TIMUR,3502,KABUPATEN PONOROGO,2024-08,2024,PADI,1.3,HA
2126,6376,35,JAWA TIMUR,3503,KABUPATEN TRENGGALEK,2024-08,2024,JAGUNG,0.0,HA
2126,6377,35,JAWA TIMUR,3503,KABUPATEN TRENGGALEK,2024-08,2024,KEDELAI,0.0,HA
2126,6378,35,JAWA TIMUR,3503,KABUPATEN TRENGGALEK,2024-08,2024,PADI,0.0,HA
2127,6379,35,JAWA TIMUR,3504,KABUPATEN TULUNGAGUNG,2024-08,2024,JAGUNG,0.0,HA
2127,6380,35,JAWA TIMUR,3504,KABUPATEN TULUNGAGUNG,2024-08,2024,KEDELAI,0.0,HA
2127,6381,35,JAWA TIMUR,3504,KABUPATEN TULUNGAGUNG,2024-08,2024,PADI,0.0,HA
2128,6382,35,JAWA TIMUR,3505,KABUPATEN BLITAR,2024-08,2024,JAGUNG,0.0,HA
2128,6383,35,JAWA TIMUR,3505,KABUPATEN BLITAR,2024-08,2024,KEDELAI,0.0,HA
2128,6384,35,JAWA TIMUR,3505,KABUPATEN BLITAR,2024-08,2024,PADI,0.0,HA
2129,6385,35,JAWA TIMUR,3506,KABUPATEN KEDIRI,2024-08,2024,JAGUNG,0.0,HA
2129,6386,35,JAWA TIMUR,3506,KABUPATEN KEDIRI,2024-08,2024,KEDELAI,0.0,HA
2129,6387,35,JAWA TIMUR,3506,KABUPATEN KEDIRI,2024-08,2024,PADI,0.0,HA
2130,6388,35,JAWA TIMUR,3507,KABUPATEN MALANG,2024-08,2024,JAGUNG,0.0,HA
2130,6389,35,JAWA TIMUR,3507,KABUPATEN MALANG,2024-08,2024,KEDELAI,0.0,HA
2130,6390,35,JAWA TIMUR,3507,KABUPATEN MALANG,2024-08,2024,PADI,0.0,HA
2131,6391,35,JAWA TIMUR,3508,KABUPATEN LUMAJANG,2024-08,2024,JAGUNG,0.0,HA
2131,6392,35,JAWA TIMUR,3508,KABUPATEN LUMAJANG,2024-08,2024,KEDELAI,0.0,HA
2131,6393,35,JAWA TIMUR,3508,KABUPATEN LUMAJANG,2024-08,2024,PADI,0.0,HA
2132,6394,35,JAWA TIMUR,3509,KABUPATEN JEMBER,2024-08,2024,JAGUNG,0.0,HA
2132,6395,35,JAWA TIMUR,3509,KABUPATEN JEMBER,2024-08,2024,KEDELAI,0.0,HA
2132,6396,35,JAWA TIMUR,3509,KABUPATEN JEMBER,2024-08,2024,PADI,0.0,HA
2133,6397,35,JAWA TIMUR,3510,KABUPATEN BANYUWANGI,2024-08,2024,JAGUNG,0.0,HA
2133,6398,35,JAWA TIMUR,3510,KABUPATEN BANYUWANGI,2024-08,2024,KEDELAI,0.0,HA
2133,6399,35,JAWA TIMUR,3510,KABUPATEN BANYUWANGI,2024-08,2024,PADI,0.0,HA
2134,6400,35,JAWA TIMUR,3511,KABUPATEN BONDOWOSO,2024-08,2024,JAGUNG,0.0,HA
2134,6401,35,JAWA TIMUR,3511,KABUPATEN BONDOWOSO,2024-08,2024,KEDELAI,0.0,HA
2134,6402,35,JAWA TIMUR,3511,KABUPATEN BONDOWOSO,2024-08,2024,PADI,0.0,HA
2135,6403,35,JAWA TIMUR,3512,KABUPATEN SITUBONDO,2024-08,2024,JAGUNG,0.0,HA
2135,6404,35,JAWA TIMUR,3512,KABUPATEN SITUBONDO,2024-08,2024,KEDELAI,0.0,HA
2135,6405,35,JAWA TIMUR,3512,KABUPATEN SITUBONDO,2024-08,2024,PADI,0.0,HA
2136,6406,35,JAWA TIMUR,3513,KABUPATEN PROBOLINGGO,2024-08,2024,JAGUNG,0.0,HA
2136,6407,35,JAWA TIMUR,3513,KABUPATEN PROBOLINGGO,2024-08,2024,KEDELAI,0.0,HA
2136,6408,35,JAWA TIMUR,3513,KABUPATEN PROBOLINGGO,2024-08,2024,PADI,0.0,HA
2137,6409,35,JAWA TIMUR,3514,KABUPATEN PASURUAN,2024-08,2024,JAGUNG,23.0,HA
2137,6410,35,JAWA TIMUR,3514,KABUPATEN PASURUAN,2024-08,2024,KEDELAI,0.0,HA
2137,6411,35,JAWA TIMUR,3514,KABUPATEN PASURUAN,2024-08,2024,PADI,2.0,HA
2138,6412,35,JAWA TIMUR,3515,KABUPATEN SIDOARJO,2024-08,2024,JAGUNG,0.0,HA
2138,6413,35,JAWA TIMUR,3515,KABUPATEN SIDOARJO,2024-08,2024,KEDELAI,0.0,HA
2138,6414,35,JAWA TIMUR,3515,KABUPATEN SIDOARJO,2024-08,2024,PADI,41.25,HA
2139,6415,35,JAWA TIMUR,3516,KABUPATEN MOJOKERTO,2024-08,2024,JAGUNG,0.0,HA
2139,6416,35,JAWA TIMUR,3516,KABUPATEN MOJOKERTO,2024-08,2024,KEDELAI,0.0,HA
2139,6417,35,JAWA TIMUR,3516,KABUPATEN MOJOKERTO,2024-08,2024,PADI,43.5,HA
2140,6418,35,JAWA TIMUR,3517,KABUPATEN JOMBANG,2024-08,2024,JAGUNG,0.0,HA
2140,6419,35,JAWA TIMUR,3517,KABUPATEN JOMBANG,2024-08,2024,KEDELAI,0.0,HA
2140,6420,35,JAWA TIMUR,3517,KABUPATEN JOMBANG,2024-08,2024,PADI,0.0,HA
2141,6421,35,JAWA TIMUR,3518,KABUPATEN NGANJUK,2024-08,2024,JAGUNG,0.0,HA
2141,6422,35,JAWA TIMUR,3518,KABUPATEN NGANJUK,2024-08,2024,KEDELAI,0.0,HA
2141,6423,35,JAWA TIMUR,3518,KABUPATEN NGANJUK,2024-08,2024,PADI,1.0,HA
2142,6424,35,JAWA TIMUR,3519,KABUPATEN MADIUN,2024-08,2024,JAGUNG,0.0,HA
2142,6425,35,JAWA TIMUR,3519,KABUPATEN MADIUN,2024-08,2024,KEDELAI,0.0,HA
2142,6426,35,JAWA TIMUR,3519,KABUPATEN MADIUN,2024-08,2024,PADI,0.0,HA
2143,6427,35,JAWA TIMUR,3520,KABUPATEN MAGETAN,2024-08,2024,JAGUNG,0.0,HA
2143,6428,35,JAWA TIMUR,3520,KABUPATEN MAGETAN,2024-08,2024,KEDELAI,0.0,HA
2143,6429,35,JAWA TIMUR,3520,KABUPATEN MAGETAN,2024-08,2024,PADI,0.0,HA
2144,6430,35,JAWA TIMUR,3521,KABUPATEN NGAWI,2024-08,2024,JAGUNG,0.0,HA
2144,6431,35,JAWA TIMUR,3521,KABUPATEN NGAWI,2024-08,2024,KEDELAI,0.0,HA
2144,6432,35,JAWA TIMUR,3521,KABUPATEN NGAWI,2024-08,2024,PADI,6.0,HA
2145,6433,35,JAWA TIMUR,3522,KABUPATEN BOJONEGORO,2024-08,2024,JAGUNG,0.0,HA
2145,6434,35,JAWA TIMUR,3522,KABUPATEN BOJONEGORO,2024-08,2024,KEDELAI,0.0,HA
2145,6435,35,JAWA TIMUR,3522,KABUPATEN BOJONEGORO,2024-08,2024,PADI,0.0,HA
2146,6436,35,JAWA TIMUR,3523,KABUPATEN TUBAN,2024-08,2024,JAGUNG,7.0,HA
2146,6437,35,JAWA TIMUR,3523,KABUPATEN TUBAN,2024-08,2024,KEDELAI,0.0,HA
2146,6438,35,JAWA TIMUR,3523,KABUPATEN TUBAN,2024-08,2024,PADI,0.0,HA
2147,6439,35,JAWA TIMUR,3524,KABUPATEN LAMONGAN,2024-08,2024,JAGUNG,0.0,HA
2147,6440,35,JAWA TIMUR,3524,KABUPATEN LAMONGAN,2024-08,2024,KEDELAI,0.0,HA
2147,6441,35,JAWA TIMUR,3524,KABUPATEN LAMONGAN,2024-08,2024,PADI,118.7,HA
2148,6442,35,JAWA TIMUR,3525,KABUPATEN GRESIK,2024-08,2024,JAGUNG,0.0,HA
2148,6443,35,JAWA TIMUR,3525,KABUPATEN GRESIK,2024-08,2024,KEDELAI,0.0,HA
2148,6444,35,JAWA TIMUR,3525,KABUPATEN GRESIK,2024-08,2024,PADI,15.0,HA
2149,6445,35,JAWA TIMUR,3526,KABUPATEN BANGKALAN,2024-08,2024,JAGUNG,0.0,HA
2149,6446,35,JAWA TIMUR,3526,KABUPATEN BANGKALAN,2024-08,2024,KEDELAI,0.0,HA
2149,6447,35,JAWA TIMUR,3526,KABUPATEN BANGKALAN,2024-08,2024,PADI,0.0,HA
2150,6448,35,JAWA TIMUR,3527,KABUPATEN SAMPANG,2024-08,2024,JAGUNG,0.0,HA
2150,6449,35,JAWA TIMUR,3527,KABUPATEN SAMPANG,2024-08,2024,KEDELAI,0.0,HA
2150,6450,35,JAWA TIMUR,3527,KABUPATEN SAMPANG,2024-08,2024,PADI,0.0,HA
2151,6451,35,JAWA TIMUR,3528,KABUPATEN PAMEKASAN,2024-08,2024,JAGUNG,0.0,HA
2151,6452,35,JAWA TIMUR,3528,KABUPATEN PAMEKASAN,2024-08,2024,KEDELAI,0.0,HA
2151,6453,35,JAWA TIMUR,3528,KABUPATEN PAMEKASAN,2024-08,2024,PADI,0.0,HA
2152,6454,35,JAWA TIMUR,3529,KABUPATEN SUMENEP,2024-08,2024,JAGUNG,0.0,HA
2152,6455,35,JAWA TIMUR,3529,KABUPATEN SUMENEP,2024-08,2024,KEDELAI,0.0,HA
2152,6456,35,JAWA TIMUR,3529,KABUPATEN SUMENEP,2024-08,2024,PADI,22.0,HA
2153,6457,35,JAWA TIMUR,3571,KOTA KEDIRI,2024-08,2024,JAGUNG,0.0,HA
2153,6458,35,JAWA TIMUR,3571,KOTA KEDIRI,2024-08,2024,KEDELAI,0.0,HA
2153,6459,35,JAWA TIMUR,3571,KOTA KEDIRI,2024-08,2024,PADI,0.0,HA
2158,6472,35,JAWA TIMUR,3572,KOTA BLITAR,2024-08,2024,JAGUNG,0.0,HA
2158,6473,35,JAWA TIMUR,3572,KOTA BLITAR,2024-08,2024,KEDELAI,0.0,HA
2158,6474,35,JAWA TIMUR,3572,KOTA BLITAR,2024-08,2024,PADI,0.0,HA
2159,6475,35,JAWA TIMUR,3573,KOTA MALANG,2024-08,2024,JAGUNG,0.0,HA
2159,6476,35,JAWA TIMUR,3573,KOTA MALANG,2024-08,2024,KEDELAI,0.0,HA
2159,6477,35,JAWA TIMUR,3573,KOTA MALANG,2024-08,2024,PADI,0.0,HA
2154,6460,35,JAWA TIMUR,3574,KOTA PROBOLINGGO,2024-08,2024,JAGUNG,0.0,HA
2154,6461,35,JAWA TIMUR,3574,KOTA PROBOLINGGO,2024-08,2024,KEDELAI,0.0,HA
2154,6462,35,JAWA TIMUR,3574,KOTA PROBOLINGGO,2024-08,2024,PADI,0.0,HA
2155,6463,35,JAWA TIMUR,3575,KOTA PASURUAN,2024-08,2024,JAGUNG,0.0,HA
2155,6464,35,JAWA TIMUR,3575,KOTA PASURUAN,2024-08,2024,KEDELAI,0.0,HA
2155,6465,35,JAWA TIMUR,3575,KOTA PASURUAN,2024-08,2024,PADI,0.0,HA
2160,6478,35,JAWA TIMUR,3576,KOTA MOJOKERTO,2024-08,2024,JAGUNG,0.0,HA
2160,6479,35,JAWA TIMUR,3576,KOTA MOJOKERTO,2024-08,2024,KEDELAI,0.0,HA
2160,6480,35,JAWA TIMUR,3576,KOTA MOJOKERTO,2024-08,2024,PADI,0.0,HA
2156,6466,35,JAWA TIMUR,3577,KOTA MADIUN,2024-08,2024,JAGUNG,0.0,HA
2156,6467,35,JAWA TIMUR,3577,KOTA MADIUN,2024-08,2024,KEDELAI,0.0,HA
2156,6468,35,JAWA TIMUR,3577,KOTA MADIUN,2024-08,2024,PADI,0.0,HA
2161,6481,35,JAWA TIMUR,3578,KOTA SURABAYA,2024-08,2024,JAGUNG,0.0,HA
2161,6482,35,JAWA TIMUR,3578,KOTA SURABAYA,2024-08,2024,KEDELAI,0.0,HA
2161,6483,35,JAWA TIMUR,3578,KOTA SURABAYA,2024-08,2024,PADI,0.0,HA
2157,6469,35,JAWA TIMUR,3579,KOTA BATU,2024-08,2024,JAGUNG,0.0,HA
2157,6470,35,JAWA TIMUR,3579,KOTA BATU,2024-08,2024,KEDELAI,0.0,HA
2157,6471,35,JAWA TIMUR,3579,KOTA BATU,2024-08,2024,PADI,0.0,HA
2162,6484,35,JAWA TIMUR,3501,KABUPATEN PACITAN,2024-09,2024,JAGUNG,0.0,HA
2162,6485,35,JAWA TIMUR,3501,KABUPATEN PACITAN,2024-09,2024,KEDELAI,0.0,HA
2162,6486,35,JAWA TIMUR,3501,KABUPATEN PACITAN,2024-09,2024,PADI,2.0,HA
2163,6487,35,JAWA TIMUR,3502,KABUPATEN PONOROGO,2024-09,2024,JAGUNG,0.0,HA
2163,6488,35,JAWA TIMUR,3502,KABUPATEN PONOROGO,2024-09,2024,KEDELAI,0.0,HA
2163,6489,35,JAWA TIMUR,3502,KABUPATEN PONOROGO,2024-09,2024,PADI,0.0,HA
2164,6490,35,JAWA TIMUR,3503,KABUPATEN TRENGGALEK,2024-09,2024,JAGUNG,0.0,HA
2164,6491,35,JAWA TIMUR,3503,KABUPATEN TRENGGALEK,2024-09,2024,KEDELAI,0.0,HA
2164,6492,35,JAWA TIMUR,3503,KABUPATEN TRENGGALEK,2024-09,2024,PADI,0.0,HA
2165,6493,35,JAWA TIMUR,3504,KABUPATEN TULUNGAGUNG,2024-09,2024,JAGUNG,0.0,HA
2165,6494,35,JAWA TIMUR,3504,KABUPATEN TULUNGAGUNG,2024-09,2024,KEDELAI,0.0,HA
2165,6495,35,JAWA TIMUR,3504,KABUPATEN TULUNGAGUNG,2024-09,2024,PADI,157.0,HA
2166,6496,35,JAWA TIMUR,3505,KABUPATEN BLITAR,2024-09,2024,JAGUNG,0.0,HA
2166,6497,35,JAWA TIMUR,3505,KABUPATEN BLITAR,2024-09,2024,KEDELAI,0.0,HA
2166,6498,35,JAWA TIMUR,3505,KABUPATEN BLITAR,2024-09,2024,PADI,0.0,HA
2167,6499,35,JAWA TIMUR,3506,KABUPATEN KEDIRI,2024-09,2024,JAGUNG,0.0,HA
2167,6500,35,JAWA TIMUR,3506,KABUPATEN KEDIRI,2024-09,2024,KEDELAI,0.0,HA
2167,6501,35,JAWA TIMUR,3506,KABUPATEN KEDIRI,2024-09,2024,PADI,0.0,HA
2168,6502,35,JAWA TIMUR,3507,KABUPATEN MALANG,2024-09,2024,JAGUNG,0.0,HA
2168,6503,35,JAWA TIMUR,3507,KABUPATEN MALANG,2024-09,2024,KEDELAI,0.0,HA
2168,6504,35,JAWA TIMUR,3507,KABUPATEN MALANG,2024-09,2024,PADI,0.0,HA
2169,6505,35,JAWA TIMUR,3508,KABUPATEN LUMAJANG,2024-09,2024,JAGUNG,0.0,HA
2169,6506,35,JAWA TIMUR,3508,KABUPATEN LUMAJANG,2024-09,2024,KEDELAI,0.0,HA
2169,6507,35,JAWA TIMUR,3508,KABUPATEN LUMAJANG,2024-09,2024,PADI,0.0,HA
2170,6508,35,JAWA TIMUR,3509,KABUPATEN JEMBER,2024-09,2024,JAGUNG,0.0,HA
2170,6509,35,JAWA TIMUR,3509,KABUPATEN JEMBER,2024-09,2024,KEDELAI,0.0,HA
2170,6510,35,JAWA TIMUR,3509,KABUPATEN JEMBER,2024-09,2024,PADI,0.0,HA
2171,6511,35,JAWA TIMUR,3510,KABUPATEN BANYUWANGI,2024-09,2024,JAGUNG,0.0,HA
2171,6512,35,JAWA TIMUR,3510,KABUPATEN BANYUWANGI,2024-09,2024,KEDELAI,0.0,HA
2171,6513,35,JAWA TIMUR,3510,KABUPATEN BANYUWANGI,2024-09,2024,PADI,0.0,HA
2172,6514,35,JAWA TIMUR,3511,KABUPATEN BONDOWOSO,2024-09,2024,JAGUNG,0.0,HA
2172,6515,35,JAWA TIMUR,3511,KABUPATEN BONDOWOSO,2024-09,2024,KEDELAI,0.0,HA
2172,6516,35,JAWA TIMUR,3511,KABUPATEN BONDOWOSO,2024-09,2024,PADI,0.0,HA
2173,6517,35,JAWA TIMUR,3512,KABUPATEN SITUBONDO,2024-09,2024,JAGUNG,0.0,HA
2173,6518,35,JAWA TIMUR,3512,KABUPATEN SITUBONDO,2024-09,2024,KEDELAI,0.0,HA
2173,6519,35,JAWA TIMUR,3512,KABUPATEN SITUBONDO,2024-09,2024,PADI,0.0,HA
2174,6520,35,JAWA TIMUR,3513,KABUPATEN PROBOLINGGO,2024-09,2024,JAGUNG,0.0,HA
2174,6521,35,JAWA TIMUR,3513,KABUPATEN PROBOLINGGO,2024-09,2024,KEDELAI,0.0,HA
2174,6522,35,JAWA TIMUR,3513,KABUPATEN PROBOLINGGO,2024-09,2024,PADI,0.0,HA
2175,6523,35,JAWA TIMUR,3514,KABUPATEN PASURUAN,2024-09,2024,JAGUNG,0.0,HA
2175,6524,35,JAWA TIMUR,3514,KABUPATEN PASURUAN,2024-09,2024,KEDELAI,0.0,HA
2175,6525,35,JAWA TIMUR,3514,KABUPATEN PASURUAN,2024-09,2024,PADI,0.0,HA
2176,6526,35,JAWA TIMUR,3515,KABUPATEN SIDOARJO,2024-09,2024,JAGUNG,0.0,HA
2176,6527,35,JAWA TIMUR,3515,KABUPATEN SIDOARJO,2024-09,2024,KEDELAI,0.0,HA
2176,6528,35,JAWA TIMUR,3515,KABUPATEN SIDOARJO,2024-09,2024,PADI,1.5,HA
2177,6529,35,JAWA TIMUR,3516,KABUPATEN MOJOKERTO,2024-09,2024,JAGUNG,0.0,HA
2177,6530,35,JAWA TIMUR,3516,KABUPATEN MOJOKERTO,2024-09,2024,KEDELAI,0.0,HA
2177,6531,35,JAWA TIMUR,3516,KABUPATEN MOJOKERTO,2024-09,2024,PADI,0.0,HA
2178,6532,35,JAWA TIMUR,3517,KABUPATEN JOMBANG,2024-09,2024,JAGUNG,0.0,HA
2178,6533,35,JAWA TIMUR,3517,KABUPATEN JOMBANG,2024-09,2024,KEDELAI,0.0,HA
2178,6534,35,JAWA TIMUR,3517,KABUPATEN JOMBANG,2024-09,2024,PADI,0.05,HA
2179,6535,35,JAWA TIMUR,3518,KABUPATEN NGANJUK,2024-09,2024,JAGUNG,0.0,HA
2179,6536,35,JAWA TIMUR,3518,KABUPATEN NGANJUK,2024-09,2024,KEDELAI,0.0,HA
2179,6537,35,JAWA TIMUR,3518,KABUPATEN NGANJUK,2024-09,2024,PADI,0.0,HA
2180,6538,35,JAWA TIMUR,3519,KABUPATEN MADIUN,2024-09,2024,JAGUNG,0.0,HA
2180,6539,35,JAWA TIMUR,3519,KABUPATEN MADIUN,2024-09,2024,KEDELAI,0.0,HA
2180,6540,35,JAWA TIMUR,3519,KABUPATEN MADIUN,2024-09,2024,PADI,0.0,HA
2181,6541,35,JAWA TIMUR,3520,KABUPATEN MAGETAN,2024-09,2024,JAGUNG,0.0,HA
2181,6542,35,JAWA TIMUR,3520,KABUPATEN MAGETAN,2024-09,2024,KEDELAI,0.0,HA
2181,6543,35,JAWA TIMUR,3520,KABUPATEN MAGETAN,2024-09,2024,PADI,0.4,HA
2182,6544,35,JAWA TIMUR,3521,KABUPATEN NGAWI,2024-09,2024,JAGUNG,0.0,HA
2182,6545,35,JAWA TIMUR,3521,KABUPATEN NGAWI,2024-09,2024,KEDELAI,0.0,HA
2182,6546,35,JAWA TIMUR,3521,KABUPATEN NGAWI,2024-09,2024,PADI,0.0,HA
2183,6547,35,JAWA TIMUR,3522,KABUPATEN BOJONEGORO,2024-09,2024,JAGUNG,0.0,HA
2183,6548,35,JAWA TIMUR,3522,KABUPATEN BOJONEGORO,2024-09,2024,KEDELAI,0.0,HA
2183,6549,35,JAWA TIMUR,3522,KABUPATEN BOJONEGORO,2024-09,2024,PADI,0.0,HA
2184,6550,35,JAWA TIMUR,3523,KABUPATEN TUBAN,2024-09,2024,JAGUNG,0.0,HA
2184,6551,35,JAWA TIMUR,3523,KABUPATEN TUBAN,2024-09,2024,KEDELAI,0.0,HA
2184,6552,35,JAWA TIMUR,3523,KABUPATEN TUBAN,2024-09,2024,PADI,0.0,HA
2185,6553,35,JAWA TIMUR,3524,KABUPATEN LAMONGAN,2024-09,2024,JAGUNG,0.0,HA
2185,6554,35,JAWA TIMUR,3524,KABUPATEN LAMONGAN,2024-09,2024,KEDELAI,0.0,HA
2185,6555,35,JAWA TIMUR,3524,KABUPATEN LAMONGAN,2024-09,2024,PADI,3.0,HA
2186,6556,35,JAWA TIMUR,3525,KABUPATEN GRESIK,2024-09,2024,JAGUNG,0.0,HA
2186,6557,35,JAWA TIMUR,3525,KABUPATEN GRESIK,2024-09,2024,KEDELAI,0.0,HA
2186,6558,35,JAWA TIMUR,3525,KABUPATEN GRESIK,2024-09,2024,PADI,0.0,HA
2187,6559,35,JAWA TIMUR,3526,KABUPATEN BANGKALAN,2024-09,2024,JAGUNG,0.0,HA
2187,6560,35,JAWA TIMUR,3526,KABUPATEN BANGKALAN,2024-09,2024,KEDELAI,0.0,HA
2187,6561,35,JAWA TIMUR,3526,KABUPATEN BANGKALAN,2024-09,2024,PADI,0.0,HA
2188,6562,35,JAWA TIMUR,3527,KABUPATEN SAMPANG,2024-09,2024,JAGUNG,0.0,HA
2188,6563,35,JAWA TIMUR,3527,KABUPATEN SAMPANG,2024-09,2024,KEDELAI,0.0,HA
2188,6564,35,JAWA TIMUR,3527,KABUPATEN SAMPANG,2024-09,2024,PADI,0.0,HA
2189,6565,35,JAWA TIMUR,3528,KABUPATEN PAMEKASAN,2024-09,2024,JAGUNG,0.0,HA
2189,6566,35,JAWA TIMUR,3528,KABUPATEN PAMEKASAN,2024-09,2024,KEDELAI,0.0,HA
2189,6567,35,JAWA TIMUR,3528,KABUPATEN PAMEKASAN,2024-09,2024,PADI,0.0,HA
2190,6568,35,JAWA TIMUR,3529,KABUPATEN SUMENEP,2024-09,2024,JAGUNG,0.0,HA
2190,6569,35,JAWA TIMUR,3529,KABUPATEN SUMENEP,2024-09,2024,KEDELAI,0.0,HA
2190,6570,35,JAWA TIMUR,3529,KABUPATEN SUMENEP,2024-09,2024,PADI,0.0,HA
2191,6571,35,JAWA TIMUR,3571,KOTA KEDIRI,2024-09,2024,JAGUNG,0.0,HA
2191,6572,35,JAWA TIMUR,3571,KOTA KEDIRI,2024-09,2024,KEDELAI,0.0,HA
2191,6573,35,JAWA TIMUR,3571,KOTA KEDIRI,2024-09,2024,PADI,0.0,HA
2196,6586,35,JAWA TIMUR,3572,KOTA BLITAR,2024-09,2024,JAGUNG,0.0,HA
2196,6587,35,JAWA TIMUR,3572,KOTA BLITAR,2024-09,2024,KEDELAI,0.0,HA
2196,6588,35,JAWA TIMUR,3572,KOTA BLITAR,2024-09,2024,PADI,0.0,HA
2197,6589,35,JAWA TIMUR,3573,KOTA MALANG,2024-09,2024,JAGUNG,0.0,HA
2197,6590,35,JAWA TIMUR,3573,KOTA MALANG,2024-09,2024,KEDELAI,0.0,HA
2197,6591,35,JAWA TIMUR,3573,KOTA MALANG,2024-09,2024,PADI,0.0,HA
2192,6574,35,JAWA TIMUR,3574,KOTA PROBOLINGGO,2024-09,2024,JAGUNG,0.0,HA
2192,6575,35,JAWA TIMUR,3574,KOTA PROBOLINGGO,2024-09,2024,KEDELAI,0.0,HA
2192,6576,35,JAWA TIMUR,3574,KOTA PROBOLINGGO,2024-09,2024,PADI,0.0,HA
2193,6577,35,JAWA TIMUR,3575,KOTA PASURUAN,2024-09,2024,JAGUNG,0.0,HA
2193,6578,35,JAWA TIMUR,3575,KOTA PASURUAN,2024-09,2024,KEDELAI,0.0,HA
2193,6579,35,JAWA TIMUR,3575,KOTA PASURUAN,2024-09,2024,PADI,0.0,HA
2198,6592,35,JAWA TIMUR,3576,KOTA MOJOKERTO,2024-09,2024,JAGUNG,0.0,HA
2198,6593,35,JAWA TIMUR,3576,KOTA MOJOKERTO,2024-09,2024,KEDELAI,0.0,HA
2198,6594,35,JAWA TIMUR,3576,KOTA MOJOKERTO,2024-09,2024,PADI,0.0,HA
2194,6580,35,JAWA TIMUR,3577,KOTA MADIUN,2024-09,2024,JAGUNG,0.0,HA
2194,6581,35,JAWA TIMUR,3577,KOTA MADIUN,2024-09,2024,KEDELAI,0.0,HA
2194,6582,35,JAWA TIMUR,3577,KOTA MADIUN,2024-09,2024,PADI,0.0,HA
2199,6595,35,JAWA TIMUR,3578,KOTA SURABAYA,2024-09,2024,JAGUNG,0.0,HA
2199,6596,35,JAWA TIMUR,3578,KOTA SURABAYA,2024-09,2024,KEDELAI,0.0,HA
2199,6597,35,JAWA TIMUR,3578,KOTA SURABAYA,2024-09,2024,PADI,0.0,HA
2195,6583,35,JAWA TIMUR,3579,KOTA BATU,2024-09,2024,JAGUNG,0.0,HA
2195,6584,35,JAWA TIMUR,3579,KOTA BATU,2024-09,2024,KEDELAI,0.0,HA
2195,6585,35,JAWA TIMUR,3579,KOTA BATU,2024-09,2024,PADI,0.0,HA
2200,6598,35,JAWA TIMUR,3501,KABUPATEN PACITAN,2024-10,2024,JAGUNG,0.0,HA
2200,6599,35,JAWA TIMUR,3501,KABUPATEN PACITAN,2024-10,2024,KEDELAI,0.0,HA
2200,6600,35,JAWA TIMUR,3501,KABUPATEN PACITAN,2024-10,2024,PADI,0.0,HA
2201,6601,35,JAWA TIMUR,3502,KABUPATEN PONOROGO,2024-10,2024,JAGUNG,0.0,HA
2201,6602,35,JAWA TIMUR,3502,KABUPATEN PONOROGO,2024-10,2024,KEDELAI,0.0,HA
2201,6603,35,JAWA TIMUR,3502,KABUPATEN PONOROGO,2024-10,2024,PADI,0.0,HA
2202,6604,35,JAWA TIMUR,3503,KABUPATEN TRENGGALEK,2024-10,2024,JAGUNG,0.0,HA
2202,6605,35,JAWA TIMUR,3503,KABUPATEN TRENGGALEK,2024-10,2024,KEDELAI,0.0,HA
2202,6606,35,JAWA TIMUR,3503,KABUPATEN TRENGGALEK,2024-10,2024,PADI,0.0,HA
2203,6607,35,JAWA TIMUR,3504,KABUPATEN TULUNGAGUNG,2024-10,2024,JAGUNG,0.0,HA
2203,6608,35,JAWA TIMUR,3504,KABUPATEN TULUNGAGUNG,2024-10,2024,KEDELAI,0.0,HA
2203,6609,35,JAWA TIMUR,3504,KABUPATEN TULUNGAGUNG,2024-10,2024,PADI,0.0,HA
2204,6610,35,JAWA TIMUR,3505,KABUPATEN BLITAR,2024-10,2024,JAGUNG,0.0,HA
2204,6611,35,JAWA TIMUR,3505,KABUPATEN BLITAR,2024-10,2024,KEDELAI,0.0,HA
2204,6612,35,JAWA TIMUR,3505,KABUPATEN BLITAR,2024-10,2024,PADI,0.0,HA
2205,6613,35,JAWA TIMUR,3506,KABUPATEN KEDIRI,2024-10,2024,JAGUNG,0.0,HA
2205,6614,35,JAWA TIMUR,3506,KABUPATEN KEDIRI,2024-10,2024,KEDELAI,0.0,HA
2205,6615,35,JAWA TIMUR,3506,KABUPATEN KEDIRI,2024-10,2024,PADI,0.0,HA
2206,6616,35,JAWA TIMUR,3507,KABUPATEN MALANG,2024-10,2024,JAGUNG,0.0,HA
2206,6617,35,JAWA TIMUR,3507,KABUPATEN MALANG,2024-10,2024,KEDELAI,0.0,HA
2206,6618,35,JAWA TIMUR,3507,KABUPATEN MALANG,2024-10,2024,PADI,0.0,HA
2207,6619,35,JAWA TIMUR,3508,KABUPATEN LUMAJANG,2024-10,2024,JAGUNG,0.0,HA
2207,6620,35,JAWA TIMUR,3508,KABUPATEN LUMAJANG,2024-10,2024,KEDELAI,0.0,HA
2207,6621,35,JAWA TIMUR,3508,KABUPATEN LUMAJANG,2024-10,2024,PADI,0.0,HA
2208,6622,35,JAWA TIMUR,3509,KABUPATEN JEMBER,2024-10,2024,JAGUNG,0.0,HA
2208,6623,35,JAWA TIMUR,3509,KABUPATEN JEMBER,2024-10,2024,KEDELAI,0.0,HA
2208,6624,35,JAWA TIMUR,3509,KABUPATEN JEMBER,2024-10,2024,PADI,0.0,HA
2209,6625,35,JAWA TIMUR,3510,KABUPATEN BANYUWANGI,2024-10,2024,JAGUNG,0.0,HA
2209,6626,35,JAWA TIMUR,3510,KABUPATEN BANYUWANGI,2024-10,2024,KEDELAI,0.0,HA
2209,6627,35,JAWA TIMUR,3510,KABUPATEN BANYUWANGI,2024-10,2024,PADI,0.0,HA
2210,6628,35,JAWA TIMUR,3511,KABUPATEN BONDOWOSO,2024-10,2024,JAGUNG,0.0,HA
2210,6629,35,JAWA TIMUR,3511,KABUPATEN BONDOWOSO,2024-10,2024,KEDELAI,0.0,HA
2210,6630,35,JAWA TIMUR,3511,KABUPATEN BONDOWOSO,2024-10,2024,PADI,0.0,HA
2211,6631,35,JAWA TIMUR,3512,KABUPATEN SITUBONDO,2024-10,2024,JAGUNG,0.0,HA
2211,6632,35,JAWA TIMUR,3512,KABUPATEN SITUBONDO,2024-10,2024,KEDELAI,0.0,HA
2211,6633,35,JAWA TIMUR,3512,KABUPATEN SITUBONDO,2024-10,2024,PADI,0.0,HA
2212,6634,35,JAWA TIMUR,3513,KABUPATEN PROBOLINGGO,2024-10,2024,JAGUNG,0.0,HA
2212,6635,35,JAWA TIMUR,3513,KABUPATEN PROBOLINGGO,2024-10,2024,KEDELAI,0.0,HA
2212,6636,35,JAWA TIMUR,3513,KABUPATEN PROBOLINGGO,2024-10,2024,PADI,0.0,HA
2213,6637,35,JAWA TIMUR,3514,KABUPATEN PASURUAN,2024-10,2024,JAGUNG,0.0,HA
2213,6638,35,JAWA TIMUR,3514,KABUPATEN PASURUAN,2024-10,2024,KEDELAI,0.0,HA
2213,6639,35,JAWA TIMUR,3514,KABUPATEN PASURUAN,2024-10,2024,PADI,0.0,HA
2214,6640,35,JAWA TIMUR,3515,KABUPATEN SIDOARJO,2024-10,2024,JAGUNG,0.0,HA
2214,6641,35,JAWA TIMUR,3515,KABUPATEN SIDOARJO,2024-10,2024,KEDELAI,0.0,HA
2214,6642,35,JAWA TIMUR,3515,KABUPATEN SIDOARJO,2024-10,2024,PADI,0.0,HA
2215,6643,35,JAWA TIMUR,3516,KABUPATEN MOJOKERTO,2024-10,2024,JAGUNG,0.0,HA
2215,6644,35,JAWA TIMUR,3516,KABUPATEN MOJOKERTO,2024-10,2024,KEDELAI,0.0,HA
2215,6645,35,JAWA TIMUR,3516,KABUPATEN MOJOKERTO,2024-10,2024,PADI,0.0,HA
2216,6646,35,JAWA TIMUR,3517,KABUPATEN JOMBANG,2024-10,2024,JAGUNG,0.0,HA
2216,6647,35,JAWA TIMUR,3517,KABUPATEN JOMBANG,2024-10,2024,KEDELAI,0.0,HA
2216,6648,35,JAWA TIMUR,3517,KABUPATEN JOMBANG,2024-10,2024,PADI,0.0,HA
2217,6649,35,JAWA TIMUR,3518,KABUPATEN NGANJUK,2024-10,2024,JAGUNG,0.0,HA
2217,6650,35,JAWA TIMUR,3518,KABUPATEN NGANJUK,2024-10,2024,KEDELAI,0.0,HA
2217,6651,35,JAWA TIMUR,3518,KABUPATEN NGANJUK,2024-10,2024,PADI,0.0,HA
2218,6652,35,JAWA TIMUR,3519,KABUPATEN MADIUN,2024-10,2024,JAGUNG,0.0,HA
2218,6653,35,JAWA TIMUR,3519,KABUPATEN MADIUN,2024-10,2024,KEDELAI,0.0,HA
2218,6654,35,JAWA TIMUR,3519,KABUPATEN MADIUN,2024-10,2024,PADI,0.0,HA
2219,6655,35,JAWA TIMUR,3520,KABUPATEN MAGETAN,2024-10,2024,JAGUNG,0.0,HA
2219,6656,35,JAWA TIMUR,3520,KABUPATEN MAGETAN,2024-10,2024,KEDELAI,0.0,HA
2219,6657,35,JAWA TIMUR,3520,KABUPATEN MAGETAN,2024-10,2024,PADI,0.0,HA
2220,6658,35,JAWA TIMUR,3521,KABUPATEN NGAWI,2024-10,2024,JAGUNG,0.0,HA
2220,6659,35,JAWA TIMUR,3521,KABUPATEN NGAWI,2024-10,2024,KEDELAI,0.0,HA
2220,6660,35,JAWA TIMUR,3521,KABUPATEN NGAWI,2024-10,2024,PADI,0.0,HA
2221,6661,35,JAWA TIMUR,3522,KABUPATEN BOJONEGORO,2024-10,2024,JAGUNG,0.0,HA
2221,6662,35,JAWA TIMUR,3522,KABUPATEN BOJONEGORO,2024-10,2024,KEDELAI,0.0,HA
2221,6663,35,JAWA TIMUR,3522,KABUPATEN BOJONEGORO,2024-10,2024,PADI,0.0,HA
2222,6664,35,JAWA TIMUR,3523,KABUPATEN TUBAN,2024-10,2024,JAGUNG,0.0,HA
2222,6665,35,JAWA TIMUR,3523,KABUPATEN TUBAN,2024-10,2024,KEDELAI,0.0,HA
2222,6666,35,JAWA TIMUR,3523,KABUPATEN TUBAN,2024-10,2024,PADI,0.0,HA
2223,6667,35,JAWA TIMUR,3524,KABUPATEN LAMONGAN,2024-10,2024,JAGUNG,0.0,HA
2223,6668,35,JAWA TIMUR,3524,KABUPATEN LAMONGAN,2024-10,2024,KEDELAI,0.0,HA
2223,6669,35,JAWA TIMUR,3524,KABUPATEN LAMONGAN,2024-10,2024,PADI,0.0,HA
2224,6670,35,JAWA TIMUR,3525,KABUPATEN GRESIK,2024-10,2024,JAGUNG,0.0,HA
2224,6671,35,JAWA TIMUR,3525,KABUPATEN GRESIK,2024-10,2024,KEDELAI,0.0,HA
2224,6672,35,JAWA TIMUR,3525,KABUPATEN GRESIK,2024-10,2024,PADI,0.0,HA
2225,6673,35,JAWA TIMUR,3526,KABUPATEN BANGKALAN,2024-10,2024,JAGUNG,0.0,HA
2225,6674,35,JAWA TIMUR,3526,KABUPATEN BANGKALAN,2024-10,2024,KEDELAI,0.0,HA
2225,6675,35,JAWA TIMUR,3526,KABUPATEN BANGKALAN,2024-10,2024,PADI,0.0,HA
2226,6676,35,JAWA TIMUR,3527,KABUPATEN SAMPANG,2024-10,2024,JAGUNG,0.0,HA
2226,6677,35,JAWA TIMUR,3527,KABUPATEN SAMPANG,2024-10,2024,KEDELAI,0.0,HA
2226,6678,35,JAWA TIMUR,3527,KABUPATEN SAMPANG,2024-10,2024,PADI,0.0,HA
2227,6679,35,JAWA TIMUR,3528,KABUPATEN PAMEKASAN,2024-10,2024,JAGUNG,0.0,HA
2227,6680,35,JAWA TIMUR,3528,KABUPATEN PAMEKASAN,2024-10,2024,KEDELAI,0.0,HA
2227,6681,35,JAWA TIMUR,3528,KABUPATEN PAMEKASAN,2024-10,2024,PADI,0.0,HA
2228,6682,35,JAWA TIMUR,3529,KABUPATEN SUMENEP,2024-10,2024,JAGUNG,0.0,HA
2228,6683,35,JAWA TIMUR,3529,KABUPATEN SUMENEP,2024-10,2024,KEDELAI,0.0,HA
2228,6684,35,JAWA TIMUR,3529,KABUPATEN SUMENEP,2024-10,2024,PADI,0.0,HA
2229,6685,35,JAWA TIMUR,3571,KOTA KEDIRI,2024-10,2024,JAGUNG,0.0,HA
2229,6686,35,JAWA TIMUR,3571,KOTA KEDIRI,2024-10,2024,KEDELAI,0.0,HA
2229,6687,35,JAWA TIMUR,3571,KOTA KEDIRI,2024-10,2024,PADI,0.0,HA
2234,6700,35,JAWA TIMUR,3572,KOTA BLITAR,2024-10,2024,JAGUNG,0.0,HA
2234,6701,35,JAWA TIMUR,3572,KOTA BLITAR,2024-10,2024,KEDELAI,0.0,HA
2234,6702,35,JAWA TIMUR,3572,KOTA BLITAR,2024-10,2024,PADI,0.0,HA
2235,6703,35,JAWA TIMUR,3573,KOTA MALANG,2024-10,2024,JAGUNG,0.0,HA
2235,6704,35,JAWA TIMUR,3573,KOTA MALANG,2024-10,2024,KEDELAI,0.0,HA
2235,6705,35,JAWA TIMUR,3573,KOTA MALANG,2024-10,2024,PADI,0.0,HA
2230,6688,35,JAWA TIMUR,3574,KOTA PROBOLINGGO,2024-10,2024,JAGUNG,0.0,HA
2230,6689,35,JAWA TIMUR,3574,KOTA PROBOLINGGO,2024-10,2024,KEDELAI,0.0,HA
2230,6690,35,JAWA TIMUR,3574,KOTA PROBOLINGGO,2024-10,2024,PADI,0.0,HA
2231,6691,35,JAWA TIMUR,3575,KOTA PASURUAN,2024-10,2024,JAGUNG,0.0,HA
2231,6692,35,JAWA TIMUR,3575,KOTA PASURUAN,2024-10,2024,KEDELAI,0.0,HA
2231,6693,35,JAWA TIMUR,3575,KOTA PASURUAN,2024-10,2024,PADI,0.0,HA
2236,6706,35,JAWA TIMUR,3576,KOTA MOJOKERTO,2024-10,2024,JAGUNG,0.0,HA
2236,6707,35,JAWA TIMUR,3576,KOTA MOJOKERTO,2024-10,2024,KEDELAI,0.0,HA
2236,6708,35,JAWA TIMUR,3576,KOTA MOJOKERTO,2024-10,2024,PADI,0.0,HA
2232,6694,35,JAWA TIMUR,3577,KOTA MADIUN,2024-10,2024,JAGUNG,0.0,HA
2232,6695,35,JAWA TIMUR,3577,KOTA MADIUN,2024-10,2024,KEDELAI,0.0,HA
2232,6696,35,JAWA TIMUR,3577,KOTA MADIUN,2024-10,2024,PADI,0.0,HA
2237,6709,35,JAWA TIMUR,3578,KOTA SURABAYA,2024-10,2024,JAGUNG,0.0,HA
2237,6710,35,JAWA TIMUR,3578,KOTA SURABAYA,2024-10,2024,KEDELAI,0.0,HA
2237,6711,35,JAWA TIMUR,3578,KOTA SURABAYA,2024-10,2024,PADI,0.0,HA
2233,6697,35,JAWA TIMUR,3579,KOTA BATU,2024-10,2024,JAGUNG,0.0,HA
2233,6698,35,JAWA TIMUR,3579,KOTA BATU,2024-10,2024,KEDELAI,0.0,HA
2233,6699,35,JAWA TIMUR,3579,KOTA BATU,2024-10,2024,PADI,0.0,HA
2238,6712,35,JAWA TIMUR,3501,KABUPATEN PACITAN,2024-11,2024,JAGUNG,0.0,HA
2238,6713,35,JAWA TIMUR,3501,KABUPATEN PACITAN,2024-11,2024,KEDELAI,0.0,HA
2238,6714,35,JAWA TIMUR,3501,KABUPATEN PACITAN,2024-11,2024,PADI,0.0,HA
2239,6715,35,JAWA TIMUR,3502,KABUPATEN PONOROGO,2024-11,2024,JAGUNG,0.0,HA
2239,6716,35,JAWA TIMUR,3502,KABUPATEN PONOROGO,2024-11,2024,KEDELAI,0.0,HA
2239,6717,35,JAWA TIMUR,3502,KABUPATEN PONOROGO,2024-11,2024,PADI,0.0,HA
2240,6718,35,JAWA TIMUR,3503,KABUPATEN TRENGGALEK,2024-11,2024,JAGUNG,0.0,HA
2240,6719,35,JAWA TIMUR,3503,KABUPATEN TRENGGALEK,2024-11,2024,KEDELAI,0.0,HA
2240,6720,35,JAWA TIMUR,3503,KABUPATEN TRENGGALEK,2024-11,2024,PADI,0.0,HA
2241,6721,35,JAWA TIMUR,3504,KABUPATEN TULUNGAGUNG,2024-11,2024,JAGUNG,0.0,HA
2241,6722,35,JAWA TIMUR,3504,KABUPATEN TULUNGAGUNG,2024-11,2024,KEDELAI,0.0,HA
2241,6723,35,JAWA TIMUR,3504,KABUPATEN TULUNGAGUNG,2024-11,2024,PADI,0.0,HA
2242,6724,35,JAWA TIMUR,3505,KABUPATEN BLITAR,2024-11,2024,JAGUNG,0.0,HA
2242,6725,35,JAWA TIMUR,3505,KABUPATEN BLITAR,2024-11,2024,KEDELAI,0.0,HA
2242,6726,35,JAWA TIMUR,3505,KABUPATEN BLITAR,2024-11,2024,PADI,0.0,HA
2243,6727,35,JAWA TIMUR,3506,KABUPATEN KEDIRI,2024-11,2024,JAGUNG,0.0,HA
2243,6728,35,JAWA TIMUR,3506,KABUPATEN KEDIRI,2024-11,2024,KEDELAI,0.0,HA
2243,6729,35,JAWA TIMUR,3506,KABUPATEN KEDIRI,2024-11,2024,PADI,0.0,HA
2244,6730,35,JAWA TIMUR,3507,KABUPATEN MALANG,2024-11,2024,JAGUNG,0.0,HA
2244,6731,35,JAWA TIMUR,3507,KABUPATEN MALANG,2024-11,2024,KEDELAI,0.0,HA
2244,6732,35,JAWA TIMUR,3507,KABUPATEN MALANG,2024-11,2024,PADI,0.0,HA
2245,6733,35,JAWA TIMUR,3508,KABUPATEN LUMAJANG,2024-11,2024,JAGUNG,0.0,HA
2245,6734,35,JAWA TIMUR,3508,KABUPATEN LUMAJANG,2024-11,2024,KEDELAI,0.0,HA
2245,6735,35,JAWA TIMUR,3508,KABUPATEN LUMAJANG,2024-11,2024,PADI,0.0,HA
2246,6736,35,JAWA TIMUR,3509,KABUPATEN JEMBER,2024-11,2024,JAGUNG,0.0,HA
2246,6737,35,JAWA TIMUR,3509,KABUPATEN JEMBER,2024-11,2024,KEDELAI,0.0,HA
2246,6738,35,JAWA TIMUR,3509,KABUPATEN JEMBER,2024-11,2024,PADI,0.0,HA
2247,6739,35,JAWA TIMUR,3510,KABUPATEN BANYUWANGI,2024-11,2024,JAGUNG,0.0,HA
2247,6740,35,JAWA TIMUR,3510,KABUPATEN BANYUWANGI,2024-11,2024,KEDELAI,0.0,HA
2247,6741,35,JAWA TIMUR,3510,KABUPATEN BANYUWANGI,2024-11,2024,PADI,0.0,HA
2248,6742,35,JAWA TIMUR,3511,KABUPATEN BONDOWOSO,2024-11,2024,JAGUNG,0.0,HA
2248,6743,35,JAWA TIMUR,3511,KABUPATEN BONDOWOSO,2024-11,2024,KEDELAI,0.0,HA
2248,6744,35,JAWA TIMUR,3511,KABUPATEN BONDOWOSO,2024-11,2024,PADI,0.0,HA
2249,6745,35,JAWA TIMUR,3512,KABUPATEN SITUBONDO,2024-11,2024,JAGUNG,0.0,HA
2249,6746,35,JAWA TIMUR,3512,KABUPATEN SITUBONDO,2024-11,2024,KEDELAI,0.0,HA
2249,6747,35,JAWA TIMUR,3512,KABUPATEN SITUBONDO,2024-11,2024,PADI,0.0,HA
2250,6748,35,JAWA TIMUR,3513,KABUPATEN PROBOLINGGO,2024-11,2024,JAGUNG,0.0,HA
2250,6749,35,JAWA TIMUR,3513,KABUPATEN PROBOLINGGO,2024-11,2024,KEDELAI,0.0,HA
2250,6750,35,JAWA TIMUR,3513,KABUPATEN PROBOLINGGO,2024-11,2024,PADI,0.0,HA
2251,6751,35,JAWA TIMUR,3514,KABUPATEN PASURUAN,2024-11,2024,JAGUNG,0.0,HA
2251,6752,35,JAWA TIMUR,3514,KABUPATEN PASURUAN,2024-11,2024,KEDELAI,0.0,HA
2251,6753,35,JAWA TIMUR,3514,KABUPATEN PASURUAN,2024-11,2024,PADI,0.0,HA
2252,6754,35,JAWA TIMUR,3515,KABUPATEN SIDOARJO,2024-11,2024,JAGUNG,0.0,HA
2252,6755,35,JAWA TIMUR,3515,KABUPATEN SIDOARJO,2024-11,2024,KEDELAI,0.0,HA
2252,6756,35,JAWA TIMUR,3515,KABUPATEN SIDOARJO,2024-11,2024,PADI,0.0,HA
2253,6757,35,JAWA TIMUR,3516,KABUPATEN MOJOKERTO,2024-11,2024,JAGUNG,0.0,HA
2253,6758,35,JAWA TIMUR,3516,KABUPATEN MOJOKERTO,2024-11,2024,KEDELAI,0.0,HA
2253,6759,35,JAWA TIMUR,3516,KABUPATEN MOJOKERTO,2024-11,2024,PADI,0.0,HA
2254,6760,35,JAWA TIMUR,3517,KABUPATEN JOMBANG,2024-11,2024,JAGUNG,0.0,HA
2254,6761,35,JAWA TIMUR,3517,KABUPATEN JOMBANG,2024-11,2024,KEDELAI,0.0,HA
2254,6762,35,JAWA TIMUR,3517,KABUPATEN JOMBANG,2024-11,2024,PADI,0.0,HA
2255,6763,35,JAWA TIMUR,3518,KABUPATEN NGANJUK,2024-11,2024,JAGUNG,0.0,HA
2255,6764,35,JAWA TIMUR,3518,KABUPATEN NGANJUK,2024-11,2024,KEDELAI,0.0,HA
2255,6765,35,JAWA TIMUR,3518,KABUPATEN NGANJUK,2024-11,2024,PADI,0.0,HA
2256,6766,35,JAWA TIMUR,3519,KABUPATEN MADIUN,2024-11,2024,JAGUNG,0.0,HA
2256,6767,35,JAWA TIMUR,3519,KABUPATEN MADIUN,2024-11,2024,KEDELAI,0.0,HA
2256,6768,35,JAWA TIMUR,3519,KABUPATEN MADIUN,2024-11,2024,PADI,0.0,HA
2257,6769,35,JAWA TIMUR,3520,KABUPATEN MAGETAN,2024-11,2024,JAGUNG,0.0,HA
2257,6770,35,JAWA TIMUR,3520,KABUPATEN MAGETAN,2024-11,2024,KEDELAI,0.0,HA
2257,6771,35,JAWA TIMUR,3520,KABUPATEN MAGETAN,2024-11,2024,PADI,0.0,HA
2258,6772,35,JAWA TIMUR,3521,KABUPATEN NGAWI,2024-11,2024,JAGUNG,0.0,HA
2258,6773,35,JAWA TIMUR,3521,KABUPATEN NGAWI,2024-11,2024,KEDELAI,0.0,HA
2258,6774,35,JAWA TIMUR,3521,KABUPATEN NGAWI,2024-11,2024,PADI,0.0,HA
2259,6775,35,JAWA TIMUR,3522,KABUPATEN BOJONEGORO,2024-11,2024,JAGUNG,0.0,HA
2259,6776,35,JAWA TIMUR,3522,KABUPATEN BOJONEGORO,2024-11,2024,KEDELAI,0.0,HA
2259,6777,35,JAWA TIMUR,3522,KABUPATEN BOJONEGORO,2024-11,2024,PADI,0.0,HA
2260,6778,35,JAWA TIMUR,3523,KABUPATEN TUBAN,2024-11,2024,JAGUNG,0.0,HA
2260,6779,35,JAWA TIMUR,3523,KABUPATEN TUBAN,2024-11,2024,KEDELAI,0.0,HA
2260,6780,35,JAWA TIMUR,3523,KABUPATEN TUBAN,2024-11,2024,PADI,0.0,HA
2261,6781,35,JAWA TIMUR,3524,KABUPATEN LAMONGAN,2024-11,2024,JAGUNG,0.0,HA
2261,6782,35,JAWA TIMUR,3524,KABUPATEN LAMONGAN,2024-11,2024,KEDELAI,0.0,HA
2261,6783,35,JAWA TIMUR,3524,KABUPATEN LAMONGAN,2024-11,2024,PADI,0.0,HA
2262,6784,35,JAWA TIMUR,3525,KABUPATEN GRESIK,2024-11,2024,JAGUNG,0.0,HA
2262,6785,35,JAWA TIMUR,3525,KABUPATEN GRESIK,2024-11,2024,KEDELAI,0.0,HA
2262,6786,35,JAWA TIMUR,3525,KABUPATEN GRESIK,2024-11,2024,PADI,0.0,HA
2263,6787,35,JAWA TIMUR,3526,KABUPATEN BANGKALAN,2024-11,2024,JAGUNG,0.0,HA
2263,6788,35,JAWA TIMUR,3526,KABUPATEN BANGKALAN,2024-11,2024,KEDELAI,0.0,HA
2263,6789,35,JAWA TIMUR,3526,KABUPATEN BANGKALAN,2024-11,2024,PADI,0.0,HA
2264,6790,35,JAWA TIMUR,3527,KABUPATEN SAMPANG,2024-11,2024,JAGUNG,0.0,HA
2264,6791,35,JAWA TIMUR,3527,KABUPATEN SAMPANG,2024-11,2024,KEDELAI,0.0,HA
2264,6792,35,JAWA TIMUR,3527,KABUPATEN SAMPANG,2024-11,2024,PADI,0.0,HA
2265,6793,35,JAWA TIMUR,3528,KABUPATEN PAMEKASAN,2024-11,2024,JAGUNG,0.0,HA
2265,6794,35,JAWA TIMUR,3528,KABUPATEN PAMEKASAN,2024-11,2024,KEDELAI,0.0,HA
2265,6795,35,JAWA TIMUR,3528,KABUPATEN PAMEKASAN,2024-11,2024,PADI,0.0,HA
2266,6796,35,JAWA TIMUR,3529,KABUPATEN SUMENEP,2024-11,2024,JAGUNG,0.0,HA
2266,6797,35,JAWA TIMUR,3529,KABUPATEN SUMENEP,2024-11,2024,KEDELAI,0.0,HA
2266,6798,35,JAWA TIMUR,3529,KABUPATEN SUMENEP,2024-11,2024,PADI,0.0,HA
2267,6799,35,JAWA TIMUR,3571,KOTA KEDIRI,2024-11,2024,JAGUNG,0.0,HA
2267,6800,35,JAWA TIMUR,3571,KOTA KEDIRI,2024-11,2024,KEDELAI,0.0,HA
2267,6801,35,JAWA TIMUR,3571,KOTA KEDIRI,2024-11,2024,PADI,0.0,HA
2272,6814,35,JAWA TIMUR,3572,KOTA BLITAR,2024-11,2024,JAGUNG,0.0,HA
2272,6815,35,JAWA TIMUR,3572,KOTA BLITAR,2024-11,2024,KEDELAI,0.0,HA
2272,6816,35,JAWA TIMUR,3572,KOTA BLITAR,2024-11,2024,PADI,0.0,HA
2273,6817,35,JAWA TIMUR,3573,KOTA MALANG,2024-11,2024,JAGUNG,0.0,HA
2273,6818,35,JAWA TIMUR,3573,KOTA MALANG,2024-11,2024,KEDELAI,0.0,HA
2273,6819,35,JAWA TIMUR,3573,KOTA MALANG,2024-11,2024,PADI,0.0,HA
2268,6802,35,JAWA TIMUR,3574,KOTA PROBOLINGGO,2024-11,2024,JAGUNG,0.0,HA
2268,6803,35,JAWA TIMUR,3574,KOTA PROBOLINGGO,2024-11,2024,KEDELAI,0.0,HA
2268,6804,35,JAWA TIMUR,3574,KOTA PROBOLINGGO,2024-11,2024,PADI,0.0,HA
2269,6805,35,JAWA TIMUR,3575,KOTA PASURUAN,2024-11,2024,JAGUNG,0.0,HA
2269,6806,35,JAWA TIMUR,3575,KOTA PASURUAN,2024-11,2024,KEDELAI,0.0,HA
2269,6807,35,JAWA TIMUR,3575,KOTA PASURUAN,2024-11,2024,PADI,0.0,HA
2274,6820,35,JAWA TIMUR,3576,KOTA MOJOKERTO,2024-11,2024,JAGUNG,0.0,HA
2274,6821,35,JAWA TIMUR,3576,KOTA MOJOKERTO,2024-11,2024,KEDELAI,0.0,HA
2274,6822,35,JAWA TIMUR,3576,KOTA MOJOKERTO,2024-11,2024,PADI,0.0,HA
2270,6808,35,JAWA TIMUR,3577,KOTA MADIUN,2024-11,2024,JAGUNG,0.0,HA
2270,6809,35,JAWA TIMUR,3577,KOTA MADIUN,2024-11,2024,KEDELAI,0.0,HA
2270,6810,35,JAWA TIMUR,3577,KOTA MADIUN,2024-11,2024,PADI,0.0,HA
2275,6823,35,JAWA TIMUR,3578,KOTA SURABAYA,2024-11,2024,JAGUNG,0.0,HA
2275,6824,35,JAWA TIMUR,3578,KOTA SURABAYA,2024-11,2024,KEDELAI,0.0,HA
2275,6825,35,JAWA TIMUR,3578,KOTA SURABAYA,2024-11,2024,PADI,0.0,HA
2271,6811,35,JAWA TIMUR,3579,KOTA BATU,2024-11,2024,JAGUNG,0.0,HA
2271,6812,35,JAWA TIMUR,3579,KOTA BATU,2024-11,2024,KEDELAI,0.0,HA
2271,6813,35,JAWA TIMUR,3579,KOTA BATU,2024-11,2024,PADI,0.0,HA
2276,6826,35,JAWA TIMUR,3501,KABUPATEN PACITAN,2024-12,2024,JAGUNG,0.0,HA
2276,6827,35,JAWA TIMUR,3501,KABUPATEN PACITAN,2024-12,2024,KEDELAI,0.0,HA
2276,6828,35,JAWA TIMUR,3501,KABUPATEN PACITAN,2024-12,2024,PADI,0.0,HA
2277,6829,35,JAWA TIMUR,3502,KABUPATEN PONOROGO,2024-12,2024,JAGUNG,0.0,HA
2277,6830,35,JAWA TIMUR,3502,KABUPATEN PONOROGO,2024-12,2024,KEDELAI,0.0,HA
2277,6831,35,JAWA TIMUR,3502,KABUPATEN PONOROGO,2024-12,2024,PADI,0.0,HA
2278,6832,35,JAWA TIMUR,3503,KABUPATEN TRENGGALEK,2024-12,2024,JAGUNG,0.0,HA
2278,6833,35,JAWA TIMUR,3503,KABUPATEN TRENGGALEK,2024-12,2024,KEDELAI,0.0,HA
2278,6834,35,JAWA TIMUR,3503,KABUPATEN TRENGGALEK,2024-12,2024,PADI,0.0,HA
2279,6835,35,JAWA TIMUR,3504,KABUPATEN TULUNGAGUNG,2024-12,2024,JAGUNG,0.0,HA
2279,6836,35,JAWA TIMUR,3504,KABUPATEN TULUNGAGUNG,2024-12,2024,KEDELAI,0.0,HA
2279,6837,35,JAWA TIMUR,3504,KABUPATEN TULUNGAGUNG,2024-12,2024,PADI,0.0,HA
2280,6838,35,JAWA TIMUR,3505,KABUPATEN BLITAR,2024-12,2024,JAGUNG,0.0,HA
2280,6839,35,JAWA TIMUR,3505,KABUPATEN BLITAR,2024-12,2024,KEDELAI,0.0,HA
2280,6840,35,JAWA TIMUR,3505,KABUPATEN BLITAR,2024-12,2024,PADI,0.0,HA
2281,6841,35,JAWA TIMUR,3506,KABUPATEN KEDIRI,2024-12,2024,JAGUNG,0.0,HA
2281,6842,35,JAWA TIMUR,3506,KABUPATEN KEDIRI,2024-12,2024,KEDELAI,0.0,HA
2281,6843,35,JAWA TIMUR,3506,KABUPATEN KEDIRI,2024-12,2024,PADI,0.0,HA
2282,6844,35,JAWA TIMUR,3507,KABUPATEN MALANG,2024-12,2024,JAGUNG,0.0,HA
2282,6845,35,JAWA TIMUR,3507,KABUPATEN MALANG,2024-12,2024,KEDELAI,0.0,HA
2282,6846,35,JAWA TIMUR,3507,KABUPATEN MALANG,2024-12,2024,PADI,0.0,HA
2283,6847,35,JAWA TIMUR,3508,KABUPATEN LUMAJANG,2024-12,2024,JAGUNG,0.0,HA
2283,6848,35,JAWA TIMUR,3508,KABUPATEN LUMAJANG,2024-12,2024,KEDELAI,0.0,HA
2283,6849,35,JAWA TIMUR,3508,KABUPATEN LUMAJANG,2024-12,2024,PADI,0.0,HA
2284,6850,35,JAWA TIMUR,3509,KABUPATEN JEMBER,2024-12,2024,JAGUNG,0.0,HA
2284,6851,35,JAWA TIMUR,3509,KABUPATEN JEMBER,2024-12,2024,KEDELAI,0.0,HA
2284,6852,35,JAWA TIMUR,3509,KABUPATEN JEMBER,2024-12,2024,PADI,0.0,HA
2285,6853,35,JAWA TIMUR,3510,KABUPATEN BANYUWANGI,2024-12,2024,JAGUNG,0.0,HA
2285,6854,35,JAWA TIMUR,3510,KABUPATEN BANYUWANGI,2024-12,2024,KEDELAI,0.0,HA
2285,6855,35,JAWA TIMUR,3510,KABUPATEN BANYUWANGI,2024-12,2024,PADI,0.0,HA
2286,6856,35,JAWA TIMUR,3511,KABUPATEN BONDOWOSO,2024-12,2024,JAGUNG,0.0,HA
2286,6857,35,JAWA TIMUR,3511,KABUPATEN BONDOWOSO,2024-12,2024,KEDELAI,0.0,HA
2286,6858,35,JAWA TIMUR,3511,KABUPATEN BONDOWOSO,2024-12,2024,PADI,0.0,HA
2287,6859,35,JAWA TIMUR,3512,KABUPATEN SITUBONDO,2024-12,2024,JAGUNG,0.0,HA
2287,6860,35,JAWA TIMUR,3512,KABUPATEN SITUBONDO,2024-12,2024,KEDELAI,0.0,HA
2287,6861,35,JAWA TIMUR,3512,KABUPATEN SITUBONDO,2024-12,2024,PADI,0.0,HA
2288,6862,35,JAWA TIMUR,3513,KABUPATEN PROBOLINGGO,2024-12,2024,JAGUNG,0.0,HA
2288,6863,35,JAWA TIMUR,3513,KABUPATEN PROBOLINGGO,2024-12,2024,KEDELAI,0.0,HA
2288,6864,35,JAWA TIMUR,3513,KABUPATEN PROBOLINGGO,2024-12,2024,PADI,0.0,HA
2289,6865,35,JAWA TIMUR,3514,KABUPATEN PASURUAN,2024-12,2024,JAGUNG,0.0,HA
2289,6866,35,JAWA TIMUR,3514,KABUPATEN PASURUAN,2024-12,2024,KEDELAI,0.0,HA
2289,6867,35,JAWA TIMUR,3514,KABUPATEN PASURUAN,2024-12,2024,PADI,0.0,HA
2290,6868,35,JAWA TIMUR,3515,KABUPATEN SIDOARJO,2024-12,2024,JAGUNG,0.0,HA
2290,6869,35,JAWA TIMUR,3515,KABUPATEN SIDOARJO,2024-12,2024,KEDELAI,0.0,HA
2290,6870,35,JAWA TIMUR,3515,KABUPATEN SIDOARJO,2024-12,2024,PADI,0.0,HA
2291,6871,35,JAWA TIMUR,3516,KABUPATEN MOJOKERTO,2024-12,2024,JAGUNG,0.0,HA
2291,6872,35,JAWA TIMUR,3516,KABUPATEN MOJOKERTO,2024-12,2024,KEDELAI,0.0,HA
2291,6873,35,JAWA TIMUR,3516,KABUPATEN MOJOKERTO,2024-12,2024,PADI,0.0,HA
2292,6874,35,JAWA TIMUR,3517,KABUPATEN JOMBANG,2024-12,2024,JAGUNG,0.0,HA
2292,6875,35,JAWA TIMUR,3517,KABUPATEN JOMBANG,2024-12,2024,KEDELAI,0.0,HA
2292,6876,35,JAWA TIMUR,3517,KABUPATEN JOMBANG,2024-12,2024,PADI,0.0,HA
2293,6877,35,JAWA TIMUR,3518,KABUPATEN NGANJUK,2024-12,2024,JAGUNG,0.0,HA
2293,6878,35,JAWA TIMUR,3518,KABUPATEN NGANJUK,2024-12,2024,KEDELAI,0.0,HA
2293,6879,35,JAWA TIMUR,3518,KABUPATEN NGANJUK,2024-12,2024,PADI,0.0,HA
2294,6880,35,JAWA TIMUR,3519,KABUPATEN MADIUN,2024-12,2024,JAGUNG,0.0,HA
2294,6881,35,JAWA TIMUR,3519,KABUPATEN MADIUN,2024-12,2024,KEDELAI,0.0,HA
2294,6882,35,JAWA TIMUR,3519,KABUPATEN MADIUN,2024-12,2024,PADI,0.0,HA
2295,6883,35,JAWA TIMUR,3520,KABUPATEN MAGETAN,2024-12,2024,JAGUNG,0.0,HA
2295,6884,35,JAWA TIMUR,3520,KABUPATEN MAGETAN,2024-12,2024,KEDELAI,0.0,HA
2295,6885,35,JAWA TIMUR,3520,KABUPATEN MAGETAN,2024-12,2024,PADI,0.0,HA
2296,6886,35,JAWA TIMUR,3521,KABUPATEN NGAWI,2024-12,2024,JAGUNG,0.0,HA
2296,6887,35,JAWA TIMUR,3521,KABUPATEN NGAWI,2024-12,2024,KEDELAI,0.0,HA
2296,6888,35,JAWA TIMUR,3521,KABUPATEN NGAWI,2024-12,2024,PADI,0.0,HA
2297,6889,35,JAWA TIMUR,3522,KABUPATEN BOJONEGORO,2024-12,2024,JAGUNG,0.0,HA
2297,6890,35,JAWA TIMUR,3522,KABUPATEN BOJONEGORO,2024-12,2024,KEDELAI,0.0,HA
2297,6891,35,JAWA TIMUR,3522,KABUPATEN BOJONEGORO,2024-12,2024,PADI,0.0,HA
2298,6892,35,JAWA TIMUR,3523,KABUPATEN TUBAN,2024-12,2024,JAGUNG,0.0,HA
2298,6893,35,JAWA TIMUR,3523,KABUPATEN TUBAN,2024-12,2024,KEDELAI,0.0,HA
2298,6894,35,JAWA TIMUR,3523,KABUPATEN TUBAN,2024-12,2024,PADI,0.0,HA
2299,6895,35,JAWA TIMUR,3524,KABUPATEN LAMONGAN,2024-12,2024,JAGUNG,0.0,HA
2299,6896,35,JAWA TIMUR,3524,KABUPATEN LAMONGAN,2024-12,2024,KEDELAI,0.0,HA
2299,6897,35,JAWA TIMUR,3524,KABUPATEN LAMONGAN,2024-12,2024,PADI,0.0,HA
2300,6898,35,JAWA TIMUR,3525,KABUPATEN GRESIK,2024-12,2024,JAGUNG,0.0,HA
2300,6899,35,JAWA TIMUR,3525,KABUPATEN GRESIK,2024-12,2024,KEDELAI,0.0,HA
2300,6900,35,JAWA TIMUR,3525,KABUPATEN GRESIK,2024-12,2024,PADI,0.0,HA
2301,6901,35,JAWA TIMUR,3526,KABUPATEN BANGKALAN,2024-12,2024,JAGUNG,0.0,HA
2301,6902,35,JAWA TIMUR,3526,KABUPATEN BANGKALAN,2024-12,2024,KEDELAI,0.0,HA
2301,6903,35,JAWA TIMUR,3526,KABUPATEN BANGKALAN,2024-12,2024,PADI,0.0,HA
2302,6904,35,JAWA TIMUR,3527,KABUPATEN SAMPANG,2024-12,2024,JAGUNG,0.0,HA
2302,6905,35,JAWA TIMUR,3527,KABUPATEN SAMPANG,2024-12,2024,KEDELAI,0.0,HA
2302,6906,35,JAWA TIMUR,3527,KABUPATEN SAMPANG,2024-12,2024,PADI,0.0,HA
2303,6907,35,JAWA TIMUR,3528,KABUPATEN PAMEKASAN,2024-12,2024,JAGUNG,0.0,HA
2303,6908,35,JAWA TIMUR,3528,KABUPATEN PAMEKASAN,2024-12,2024,KEDELAI,0.0,HA
2303,6909,35,JAWA TIMUR,3528,KABUPATEN PAMEKASAN,2024-12,2024,PADI,0.0,HA
2304,6910,35,JAWA TIMUR,3529,KABUPATEN SUMENEP,2024-12,2024,JAGUNG,0.0,HA
2304,6911,35,JAWA TIMUR,3529,KABUPATEN SUMENEP,2024-12,2024,KEDELAI,0.0,HA
2304,6912,35,JAWA TIMUR,3529,KABUPATEN SUMENEP,2024-12,2024,PADI,0.0,HA
2305,6913,35,JAWA TIMUR,3571,KOTA KEDIRI,2024-12,2024,JAGUNG,0.0,HA
2305,6914,35,JAWA TIMUR,3571,KOTA KEDIRI,2024-12,2024,KEDELAI,0.0,HA
2305,6915,35,JAWA TIMUR,3571,KOTA KEDIRI,2024-12,2024,PADI,0.0,HA
2310,6928,35,JAWA TIMUR,3572,KOTA BLITAR,2024-12,2024,JAGUNG,0.0,HA
2310,6929,35,JAWA TIMUR,3572,KOTA BLITAR,2024-12,2024,KEDELAI,0.0,HA
2310,6930,35,JAWA TIMUR,3572,KOTA BLITAR,2024-12,2024,PADI,0.0,HA
2311,6931,35,JAWA TIMUR,3573,KOTA MALANG,2024-12,2024,JAGUNG,0.0,HA
2311,6932,35,JAWA TIMUR,3573,KOTA MALANG,2024-12,2024,KEDELAI,0.0,HA
2311,6933,35,JAWA TIMUR,3573,KOTA MALANG,2024-12,2024,PADI,0.0,HA
2306,6916,35,JAWA TIMUR,3574,KOTA PROBOLINGGO,2024-12,2024,JAGUNG,0.0,HA
2306,6917,35,JAWA TIMUR,3574,KOTA PROBOLINGGO,2024-12,2024,KEDELAI,0.0,HA
2306,6918,35,JAWA TIMUR,3574,KOTA PROBOLINGGO,2024-12,2024,PADI,0.0,HA
2307,6919,35,JAWA TIMUR,3575,KOTA PASURUAN,2024-12,2024,JAGUNG,0.0,HA
2307,6920,35,JAWA TIMUR,3575,KOTA PASURUAN,2024-12,2024,KEDELAI,0.0,HA
2307,6921,35,JAWA TIMUR,3575,KOTA PASURUAN,2024-12,2024,PADI,0.0,HA
2312,6934,35,JAWA TIMUR,3576,KOTA MOJOKERTO,2024-12,2024,JAGUNG,0.0,HA
2312,6935,35,JAWA TIMUR,3576,KOTA MOJOKERTO,2024-12,2024,KEDELAI,0.0,HA
2312,6936,35,JAWA TIMUR,3576,KOTA MOJOKERTO,2024-12,2024,PADI,0.0,HA
2308,6922,35,JAWA TIMUR,3577,KOTA MADIUN,2024-12,2024,JAGUNG,0.0,HA
2308,6923,35,JAWA TIMUR,3577,KOTA MADIUN,2024-12,2024,KEDELAI,0.0,HA
2308,6924,35,JAWA TIMUR,3577,KOTA MADIUN,2024-12,2024,PADI,0.0,HA
2313,6937,35,JAWA TIMUR,3578,KOTA SURABAYA,2024-12,2024,JAGUNG,0.0,HA
2313,6938,35,JAWA TIMUR,3578,KOTA SURABAYA,2024-12,2024,KEDELAI,0.0,HA
2313,6939,35,JAWA TIMUR,3578,KOTA SURABAYA,2024-12,2024,PADI,0.0,HA
2309,6925,35,JAWA TIMUR,3579,KOTA BATU,2024-12,2024,JAGUNG,0.0,HA
2309,6926,35,JAWA TIMUR,3579,KOTA BATU,2024-12,2024,KEDELAI,0.0,HA
2309,6927,35,JAWA TIMUR,3579,KOTA BATU,2024-12,2024,PADI,0.0,HA
2314,6940,35,JAWA TIMUR,3501,KABUPATEN PACITAN,2025-01,2025,JAGUNG,0.0,HA
2314,6941,35,JAWA TIMUR,3501,KABUPATEN PACITAN,2025-01,2025,KEDELAI,0.0,HA
2314,6942,35,JAWA TIMUR,3501,KABUPATEN PACITAN,2025-01,2025,PADI,0.0,HA
2315,6943,35,JAWA TIMUR,3502,KABUPATEN PONOROGO,2025-01,2025,JAGUNG,0.0,HA
2315,6944,35,JAWA TIMUR,3502,KABUPATEN PONOROGO,2025-01,2025,KEDELAI,0.0,HA
2315,6945,35,JAWA TIMUR,3502,KABUPATEN PONOROGO,2025-01,2025,PADI,0.0,HA
2316,6946,35,JAWA TIMUR,3503,KABUPATEN TRENGGALEK,2025-01,2025,JAGUNG,0.0,HA
2316,6947,35,JAWA TIMUR,3503,KABUPATEN TRENGGALEK,2025-01,2025,KEDELAI,0.0,HA
2316,6948,35,JAWA TIMUR,3503,KABUPATEN TRENGGALEK,2025-01,2025,PADI,0.0,HA
2317,6949,35,JAWA TIMUR,3504,KABUPATEN TULUNGAGUNG,2025-01,2025,JAGUNG,0.0,HA
2317,6950,35,JAWA TIMUR,3504,KABUPATEN TULUNGAGUNG,2025-01,2025,KEDELAI,0.0,HA
2317,6951,35,JAWA TIMUR,3504,KABUPATEN TULUNGAGUNG,2025-01,2025,PADI,0.0,HA
2318,6952,35,JAWA TIMUR,3505,KABUPATEN BLITAR,2025-01,2025,JAGUNG,0.0,HA
2318,6953,35,JAWA TIMUR,3505,KABUPATEN BLITAR,2025-01,2025,KEDELAI,0.0,HA
2318,6954,35,JAWA TIMUR,3505,KABUPATEN BLITAR,2025-01,2025,PADI,0.0,HA
2319,6955,35,JAWA TIMUR,3506,KABUPATEN KEDIRI,2025-01,2025,JAGUNG,0.0,HA
2319,6956,35,JAWA TIMUR,3506,KABUPATEN KEDIRI,2025-01,2025,KEDELAI,0.0,HA
2319,6957,35,JAWA TIMUR,3506,KABUPATEN KEDIRI,2025-01,2025,PADI,0.0,HA
2320,6958,35,JAWA TIMUR,3507,KABUPATEN MALANG,2025-01,2025,JAGUNG,0.0,HA
2320,6959,35,JAWA TIMUR,3507,KABUPATEN MALANG,2025-01,2025,KEDELAI,0.0,HA
2320,6960,35,JAWA TIMUR,3507,KABUPATEN MALANG,2025-01,2025,PADI,0.0,HA
2321,6961,35,JAWA TIMUR,3508,KABUPATEN LUMAJANG,2025-01,2025,JAGUNG,0.0,HA
2321,6962,35,JAWA TIMUR,3508,KABUPATEN LUMAJANG,2025-01,2025,KEDELAI,0.0,HA
2321,6963,35,JAWA TIMUR,3508,KABUPATEN LUMAJANG,2025-01,2025,PADI,0.0,HA
2322,6964,35,JAWA TIMUR,3509,KABUPATEN JEMBER,2025-01,2025,JAGUNG,0.0,HA
2322,6965,35,JAWA TIMUR,3509,KABUPATEN JEMBER,2025-01,2025,KEDELAI,0.0,HA
2322,6966,35,JAWA TIMUR,3509,KABUPATEN JEMBER,2025-01,2025,PADI,0.0,HA
2323,6967,35,JAWA TIMUR,3510,KABUPATEN BANYUWANGI,2025-01,2025,JAGUNG,0.0,HA
2323,6968,35,JAWA TIMUR,3510,KABUPATEN BANYUWANGI,2025-01,2025,KEDELAI,0.0,HA
2323,6969,35,JAWA TIMUR,3510,KABUPATEN BANYUWANGI,2025-01,2025,PADI,0.0,HA
2324,6970,35,JAWA TIMUR,3511,KABUPATEN BONDOWOSO,2025-01,2025,JAGUNG,0.0,HA
2324,6971,35,JAWA TIMUR,3511,KABUPATEN BONDOWOSO,2025-01,2025,KEDELAI,0.0,HA
2324,6972,35,JAWA TIMUR,3511,KABUPATEN BONDOWOSO,2025-01,2025,PADI,0.0,HA
2325,6973,35,JAWA TIMUR,3512,KABUPATEN SITUBONDO,2025-01,2025,JAGUNG,0.0,HA
2325,6974,35,JAWA TIMUR,3512,KABUPATEN SITUBONDO,2025-01,2025,KEDELAI,0.0,HA
2325,6975,35,JAWA TIMUR,3512,KABUPATEN SITUBONDO,2025-01,2025,PADI,0.0,HA
2326,6976,35,JAWA TIMUR,3513,KABUPATEN PROBOLINGGO,2025-01,2025,JAGUNG,0.0,HA
2326,6977,35,JAWA TIMUR,3513,KABUPATEN PROBOLINGGO,2025-01,2025,KEDELAI,0.0,HA
2326,6978,35,JAWA TIMUR,3513,KABUPATEN PROBOLINGGO,2025-01,2025,PADI,0.0,HA
2327,6979,35,JAWA TIMUR,3514,KABUPATEN PASURUAN,2025-01,2025,JAGUNG,0.0,HA
2327,6980,35,JAWA TIMUR,3514,KABUPATEN PASURUAN,2025-01,2025,KEDELAI,0.0,HA
2327,6981,35,JAWA TIMUR,3514,KABUPATEN PASURUAN,2025-01,2025,PADI,0.0,HA
2328,6982,35,JAWA TIMUR,3515,KABUPATEN SIDOARJO,2025-01,2025,JAGUNG,0.0,HA
2328,6983,35,JAWA TIMUR,3515,KABUPATEN SIDOARJO,2025-01,2025,KEDELAI,0.0,HA
2328,6984,35,JAWA TIMUR,3515,KABUPATEN SIDOARJO,2025-01,2025,PADI,0.0,HA
2329,6985,35,JAWA TIMUR,3516,KABUPATEN MOJOKERTO,2025-01,2025,JAGUNG,0.0,HA
2329,6986,35,JAWA TIMUR,3516,KABUPATEN MOJOKERTO,2025-01,2025,KEDELAI,0.0,HA
2329,6987,35,JAWA TIMUR,3516,KABUPATEN MOJOKERTO,2025-01,2025,PADI,0.0,HA
2330,6988,35,JAWA TIMUR,3517,KABUPATEN JOMBANG,2025-01,2025,JAGUNG,0.0,HA
2330,6989,35,JAWA TIMUR,3517,KABUPATEN JOMBANG,2025-01,2025,KEDELAI,0.0,HA
2330,6990,35,JAWA TIMUR,3517,KABUPATEN JOMBANG,2025-01,2025,PADI,0.0,HA
2331,6991,35,JAWA TIMUR,3518,KABUPATEN NGANJUK,2025-01,2025,JAGUNG,0.0,HA
2331,6992,35,JAWA TIMUR,3518,KABUPATEN NGANJUK,2025-01,2025,KEDELAI,0.0,HA
2331,6993,35,JAWA TIMUR,3518,KABUPATEN NGANJUK,2025-01,2025,PADI,0.0,HA
2332,6994,35,JAWA TIMUR,3519,KABUPATEN MADIUN,2025-01,2025,JAGUNG,0.0,HA
2332,6995,35,JAWA TIMUR,3519,KABUPATEN MADIUN,2025-01,2025,KEDELAI,0.0,HA
2332,6996,35,JAWA TIMUR,3519,KABUPATEN MADIUN,2025-01,2025,PADI,0.0,HA
2333,6997,35,JAWA TIMUR,3520,KABUPATEN MAGETAN,2025-01,2025,JAGUNG,0.0,HA
2333,6998,35,JAWA TIMUR,3520,KABUPATEN MAGETAN,2025-01,2025,KEDELAI,0.0,HA
2333,6999,35,JAWA TIMUR,3520,KABUPATEN MAGETAN,2025-01,2025,PADI,0.0,HA
2334,7000,35,JAWA TIMUR,3521,KABUPATEN NGAWI,2025-01,2025,JAGUNG,0.0,HA
2334,7001,35,JAWA TIMUR,3521,KABUPATEN NGAWI,2025-01,2025,KEDELAI,0.0,HA
2334,7002,35,JAWA TIMUR,3521,KABUPATEN NGAWI,2025-01,2025,PADI,0.0,HA
2335,7003,35,JAWA TIMUR,3522,KABUPATEN BOJONEGORO,2025-01,2025,JAGUNG,0.0,HA
2335,7004,35,JAWA TIMUR,3522,KABUPATEN BOJONEGORO,2025-01,2025,KEDELAI,0.0,HA
2335,7005,35,JAWA TIMUR,3522,KABUPATEN BOJONEGORO,2025-01,2025,PADI,0.0,HA
2336,7006,35,JAWA TIMUR,3523,KABUPATEN TUBAN,2025-01,2025,JAGUNG,0.0,HA
2336,7007,35,JAWA TIMUR,3523,KABUPATEN TUBAN,2025-01,2025,KEDELAI,0.0,HA
2336,7008,35,JAWA TIMUR,3523,KABUPATEN TUBAN,2025-01,2025,PADI,0.0,HA
2337,7009,35,JAWA TIMUR,3524,KABUPATEN LAMONGAN,2025-01,2025,JAGUNG,0.0,HA
2337,7010,35,JAWA TIMUR,3524,KABUPATEN LAMONGAN,2025-01,2025,KEDELAI,0.0,HA
2337,7011,35,JAWA TIMUR,3524,KABUPATEN LAMONGAN,2025-01,2025,PADI,0.0,HA
2338,7012,35,JAWA TIMUR,3525,KABUPATEN GRESIK,2025-01,2025,JAGUNG,0.0,HA
2338,7013,35,JAWA TIMUR,3525,KABUPATEN GRESIK,2025-01,2025,KEDELAI,0.0,HA
2338,7014,35,JAWA TIMUR,3525,KABUPATEN GRESIK,2025-01,2025,PADI,0.0,HA
2339,7015,35,JAWA TIMUR,3526,KABUPATEN BANGKALAN,2025-01,2025,JAGUNG,0.0,HA
2339,7016,35,JAWA TIMUR,3526,KABUPATEN BANGKALAN,2025-01,2025,KEDELAI,0.0,HA
2339,7017,35,JAWA TIMUR,3526,KABUPATEN BANGKALAN,2025-01,2025,PADI,0.0,HA
2340,7018,35,JAWA TIMUR,3527,KABUPATEN SAMPANG,2025-01,2025,JAGUNG,0.0,HA
2340,7019,35,JAWA TIMUR,3527,KABUPATEN SAMPANG,2025-01,2025,KEDELAI,0.0,HA
2340,7020,35,JAWA TIMUR,3527,KABUPATEN SAMPANG,2025-01,2025,PADI,0.0,HA
2341,7021,35,JAWA TIMUR,3528,KABUPATEN PAMEKASAN,2025-01,2025,JAGUNG,0.0,HA
2341,7022,35,JAWA TIMUR,3528,KABUPATEN PAMEKASAN,2025-01,2025,KEDELAI,0.0,HA
2341,7023,35,JAWA TIMUR,3528,KABUPATEN PAMEKASAN,2025-01,2025,PADI,0.0,HA
2342,7024,35,JAWA TIMUR,3529,KABUPATEN SUMENEP,2025-01,2025,JAGUNG,0.0,HA
2342,7025,35,JAWA TIMUR,3529,KABUPATEN SUMENEP,2025-01,2025,KEDELAI,0.0,HA
2342,7026,35,JAWA TIMUR,3529,KABUPATEN SUMENEP,2025-01,2025,PADI,0.0,HA
2343,7027,35,JAWA TIMUR,3571,KOTA KEDIRI,2025-01,2025,JAGUNG,0.0,HA
2343,7028,35,JAWA TIMUR,3571,KOTA KEDIRI,2025-01,2025,KEDELAI,0.0,HA
2343,7029,35,JAWA TIMUR,3571,KOTA KEDIRI,2025-01,2025,PADI,0.0,HA
2348,7042,35,JAWA TIMUR,3572,KOTA BLITAR,2025-01,2025,JAGUNG,0.0,HA
2348,7043,35,JAWA TIMUR,3572,KOTA BLITAR,2025-01,2025,KEDELAI,0.0,HA
2348,7044,35,JAWA TIMUR,3572,KOTA BLITAR,2025-01,2025,PADI,0.0,HA
2349,7045,35,JAWA TIMUR,3573,KOTA MALANG,2025-01,2025,JAGUNG,0.0,HA
2349,7046,35,JAWA TIMUR,3573,KOTA MALANG,2025-01,2025,KEDELAI,0.0,HA
2349,7047,35,JAWA TIMUR,3573,KOTA MALANG,2025-01,2025,PADI,0.0,HA
2344,7030,35,JAWA TIMUR,3574,KOTA PROBOLINGGO,2025-01,2025,JAGUNG,0.0,HA
2344,7031,35,JAWA TIMUR,3574,KOTA PROBOLINGGO,2025-01,2025,KEDELAI,0.0,HA
2344,7032,35,JAWA TIMUR,3574,KOTA PROBOLINGGO,2025-01,2025,PADI,0.0,HA
2345,7033,35,JAWA TIMUR,3575,KOTA PASURUAN,2025-01,2025,JAGUNG,0.0,HA
2345,7034,35,JAWA TIMUR,3575,KOTA PASURUAN,2025-01,2025,KEDELAI,0.0,HA
2345,7035,35,JAWA TIMUR,3575,KOTA PASURUAN,2025-01,2025,PADI,0.0,HA
2350,7048,35,JAWA TIMUR,3576,KOTA MOJOKERTO,2025-01,2025,JAGUNG,0.0,HA
2350,7049,35,JAWA TIMUR,3576,KOTA MOJOKERTO,2025-01,2025,KEDELAI,0.0,HA
2350,7050,35,JAWA TIMUR,3576,KOTA MOJOKERTO,2025-01,2025,PADI,0.0,HA
2346,7036,35,JAWA TIMUR,3577,KOTA MADIUN,2025-01,2025,JAGUNG,0.0,HA
2346,7037,35,JAWA TIMUR,3577,KOTA MADIUN,2025-01,2025,KEDELAI,0.0,HA
2346,7038,35,JAWA TIMUR,3577,KOTA MADIUN,2025-01,2025,PADI,0.0,HA
2351,7051,35,JAWA TIMUR,3578,KOTA SURABAYA,2025-01,2025,JAGUNG,0.0,HA
2351,7052,35,JAWA TIMUR,3578,KOTA SURABAYA,2025-01,2025,KEDELAI,0.0,HA
2351,7053,35,JAWA TIMUR,3578,KOTA SURABAYA,2025-01,2025,PADI,0.0,HA
2347,7039,35,JAWA TIMUR,3579,KOTA BATU,2025-01,2025,JAGUNG,0.0,HA
2347,7040,35,JAWA TIMUR,3579,KOTA BATU,2025-01,2025,KEDELAI,0.0,HA
2347,7041,35,JAWA TIMUR,3579,KOTA BATU,2025-01,2025,PADI,0.0,HA
2352,7054,35,JAWA TIMUR,3501,KABUPATEN PACITAN,2025-02,2025,JAGUNG,0.0,HA
2352,7055,35,JAWA TIMUR,3501,KABUPATEN PACITAN,2025-02,2025,KEDELAI,0.0,HA
2352,7056,35,JAWA TIMUR,3501,KABUPATEN PACITAN,2025-02,2025,PADI,0.0,HA
2353,7057,35,JAWA TIMUR,3502,KABUPATEN PONOROGO,2025-02,2025,JAGUNG,0.0,HA
2353,7058,35,JAWA TIMUR,3502,KABUPATEN PONOROGO,2025-02,2025,KEDELAI,0.0,HA
2353,7059,35,JAWA TIMUR,3502,KABUPATEN PONOROGO,2025-02,2025,PADI,0.0,HA
2354,7060,35,JAWA TIMUR,3503,KABUPATEN TRENGGALEK,2025-02,2025,JAGUNG,0.0,HA
2354,7061,35,JAWA TIMUR,3503,KABUPATEN TRENGGALEK,2025-02,2025,KEDELAI,0.0,HA
2354,7062,35,JAWA TIMUR,3503,KABUPATEN TRENGGALEK,2025-02,2025,PADI,0.0,HA
2355,7063,35,JAWA TIMUR,3504,KABUPATEN TULUNGAGUNG,2025-02,2025,JAGUNG,0.0,HA
2355,7064,35,JAWA TIMUR,3504,KABUPATEN TULUNGAGUNG,2025-02,2025,KEDELAI,0.0,HA
2355,7065,35,JAWA TIMUR,3504,KABUPATEN TULUNGAGUNG,2025-02,2025,PADI,0.0,HA
2356,7066,35,JAWA TIMUR,3505,KABUPATEN BLITAR,2025-02,2025,JAGUNG,0.0,HA
2356,7067,35,JAWA TIMUR,3505,KABUPATEN BLITAR,2025-02,2025,KEDELAI,0.0,HA
2356,7068,35,JAWA TIMUR,3505,KABUPATEN BLITAR,2025-02,2025,PADI,0.0,HA
2357,7069,35,JAWA TIMUR,3506,KABUPATEN KEDIRI,2025-02,2025,JAGUNG,0.0,HA
2357,7070,35,JAWA TIMUR,3506,KABUPATEN KEDIRI,2025-02,2025,KEDELAI,0.0,HA
2357,7071,35,JAWA TIMUR,3506,KABUPATEN KEDIRI,2025-02,2025,PADI,0.0,HA
2358,7072,35,JAWA TIMUR,3507,KABUPATEN MALANG,2025-02,2025,JAGUNG,0.0,HA
2358,7073,35,JAWA TIMUR,3507,KABUPATEN MALANG,2025-02,2025,KEDELAI,0.0,HA
2358,7074,35,JAWA TIMUR,3507,KABUPATEN MALANG,2025-02,2025,PADI,0.0,HA
2359,7075,35,JAWA TIMUR,3508,KABUPATEN LUMAJANG,2025-02,2025,JAGUNG,0.0,HA
2359,7076,35,JAWA TIMUR,3508,KABUPATEN LUMAJANG,2025-02,2025,KEDELAI,0.0,HA
2359,7077,35,JAWA TIMUR,3508,KABUPATEN LUMAJANG,2025-02,2025,PADI,0.0,HA
2360,7078,35,JAWA TIMUR,3509,KABUPATEN JEMBER,2025-02,2025,JAGUNG,0.0,HA
2360,7079,35,JAWA TIMUR,3509,KABUPATEN JEMBER,2025-02,2025,KEDELAI,0.0,HA
2360,7080,35,JAWA TIMUR,3509,KABUPATEN JEMBER,2025-02,2025,PADI,0.0,HA
2361,7081,35,JAWA TIMUR,3510,KABUPATEN BANYUWANGI,2025-02,2025,JAGUNG,0.0,HA
2361,7082,35,JAWA TIMUR,3510,KABUPATEN BANYUWANGI,2025-02,2025,KEDELAI,0.0,HA
2361,7083,35,JAWA TIMUR,3510,KABUPATEN BANYUWANGI,2025-02,2025,PADI,0.0,HA
2362,7084,35,JAWA TIMUR,3511,KABUPATEN BONDOWOSO,2025-02,2025,JAGUNG,0.0,HA
2362,7085,35,JAWA TIMUR,3511,KABUPATEN BONDOWOSO,2025-02,2025,KEDELAI,0.0,HA
2362,7086,35,JAWA TIMUR,3511,KABUPATEN BONDOWOSO,2025-02,2025,PADI,0.0,HA
2363,7087,35,JAWA TIMUR,3512,KABUPATEN SITUBONDO,2025-02,2025,JAGUNG,0.0,HA
2363,7088,35,JAWA TIMUR,3512,KABUPATEN SITUBONDO,2025-02,2025,KEDELAI,0.0,HA
2363,7089,35,JAWA TIMUR,3512,KABUPATEN SITUBONDO,2025-02,2025,PADI,0.0,HA
2364,7090,35,JAWA TIMUR,3513,KABUPATEN PROBOLINGGO,2025-02,2025,JAGUNG,0.0,HA
2364,7091,35,JAWA TIMUR,3513,KABUPATEN PROBOLINGGO,2025-02,2025,KEDELAI,0.0,HA
2364,7092,35,JAWA TIMUR,3513,KABUPATEN PROBOLINGGO,2025-02,2025,PADI,0.0,HA
2365,7093,35,JAWA TIMUR,3514,KABUPATEN PASURUAN,2025-02,2025,JAGUNG,0.0,HA
2365,7094,35,JAWA TIMUR,3514,KABUPATEN PASURUAN,2025-02,2025,KEDELAI,0.0,HA
2365,7095,35,JAWA TIMUR,3514,KABUPATEN PASURUAN,2025-02,2025,PADI,0.0,HA
2366,7096,35,JAWA TIMUR,3515,KABUPATEN SIDOARJO,2025-02,2025,JAGUNG,0.0,HA
2366,7097,35,JAWA TIMUR,3515,KABUPATEN SIDOARJO,2025-02,2025,KEDELAI,0.0,HA
2366,7098,35,JAWA TIMUR,3515,KABUPATEN SIDOARJO,2025-02,2025,PADI,0.0,HA
2367,7099,35,JAWA TIMUR,3516,KABUPATEN MOJOKERTO,2025-02,2025,JAGUNG,0.0,HA
2367,7100,35,JAWA TIMUR,3516,KABUPATEN MOJOKERTO,2025-02,2025,KEDELAI,0.0,HA
2367,7101,35,JAWA TIMUR,3516,KABUPATEN MOJOKERTO,2025-02,2025,PADI,0.0,HA
2368,7102,35,JAWA TIMUR,3517,KABUPATEN JOMBANG,2025-02,2025,JAGUNG,0.0,HA
2368,7103,35,JAWA TIMUR,3517,KABUPATEN JOMBANG,2025-02,2025,KEDELAI,0.0,HA
2368,7104,35,JAWA TIMUR,3517,KABUPATEN JOMBANG,2025-02,2025,PADI,0.0,HA
2369,7105,35,JAWA TIMUR,3518,KABUPATEN NGANJUK,2025-02,2025,JAGUNG,0.0,HA
2369,7106,35,JAWA TIMUR,3518,KABUPATEN NGANJUK,2025-02,2025,KEDELAI,0.0,HA
2369,7107,35,JAWA TIMUR,3518,KABUPATEN NGANJUK,2025-02,2025,PADI,0.0,HA
2370,7108,35,JAWA TIMUR,3519,KABUPATEN MADIUN,2025-02,2025,JAGUNG,0.0,HA
2370,7109,35,JAWA TIMUR,3519,KABUPATEN MADIUN,2025-02,2025,KEDELAI,0.0,HA
2370,7110,35,JAWA TIMUR,3519,KABUPATEN MADIUN,2025-02,2025,PADI,0.0,HA
2371,7111,35,JAWA TIMUR,3520,KABUPATEN MAGETAN,2025-02,2025,JAGUNG,0.0,HA
2371,7112,35,JAWA TIMUR,3520,KABUPATEN MAGETAN,2025-02,2025,KEDELAI,0.0,HA
2371,7113,35,JAWA TIMUR,3520,KABUPATEN MAGETAN,2025-02,2025,PADI,0.0,HA
2372,7114,35,JAWA TIMUR,3521,KABUPATEN NGAWI,2025-02,2025,JAGUNG,0.0,HA
2372,7115,35,JAWA TIMUR,3521,KABUPATEN NGAWI,2025-02,2025,KEDELAI,0.0,HA
2372,7116,35,JAWA TIMUR,3521,KABUPATEN NGAWI,2025-02,2025,PADI,0.0,HA
2373,7117,35,JAWA TIMUR,3522,KABUPATEN BOJONEGORO,2025-02,2025,JAGUNG,0.0,HA
2373,7118,35,JAWA TIMUR,3522,KABUPATEN BOJONEGORO,2025-02,2025,KEDELAI,0.0,HA
2373,7119,35,JAWA TIMUR,3522,KABUPATEN BOJONEGORO,2025-02,2025,PADI,0.0,HA
2374,7120,35,JAWA TIMUR,3523,KABUPATEN TUBAN,2025-02,2025,JAGUNG,0.0,HA
2374,7121,35,JAWA TIMUR,3523,KABUPATEN TUBAN,2025-02,2025,KEDELAI,0.0,HA
2374,7122,35,JAWA TIMUR,3523,KABUPATEN TUBAN,2025-02,2025,PADI,0.0,HA
2375,7123,35,JAWA TIMUR,3524,KABUPATEN LAMONGAN,2025-02,2025,JAGUNG,0.0,HA
2375,7124,35,JAWA TIMUR,3524,KABUPATEN LAMONGAN,2025-02,2025,KEDELAI,0.0,HA
2375,7125,35,JAWA TIMUR,3524,KABUPATEN LAMONGAN,2025-02,2025,PADI,0.0,HA
2376,7126,35,JAWA TIMUR,3525,KABUPATEN GRESIK,2025-02,2025,JAGUNG,0.0,HA
2376,7127,35,JAWA TIMUR,3525,KABUPATEN GRESIK,2025-02,2025,KEDELAI,0.0,HA
2376,7128,35,JAWA TIMUR,3525,KABUPATEN GRESIK,2025-02,2025,PADI,0.0,HA
2377,7129,35,JAWA TIMUR,3526,KABUPATEN BANGKALAN,2025-02,2025,JAGUNG,0.0,HA
2377,7130,35,JAWA TIMUR,3526,KABUPATEN BANGKALAN,2025-02,2025,KEDELAI,0.0,HA
2377,7131,35,JAWA TIMUR,3526,KABUPATEN BANGKALAN,2025-02,2025,PADI,0.0,HA
2378,7132,35,JAWA TIMUR,3527,KABUPATEN SAMPANG,2025-02,2025,JAGUNG,0.0,HA
2378,7133,35,JAWA TIMUR,3527,KABUPATEN SAMPANG,2025-02,2025,KEDELAI,0.0,HA
2378,7134,35,JAWA TIMUR,3527,KABUPATEN SAMPANG,2025-02,2025,PADI,0.0,HA
2379,7135,35,JAWA TIMUR,3528,KABUPATEN PAMEKASAN,2025-02,2025,JAGUNG,0.0,HA
2379,7136,35,JAWA TIMUR,3528,KABUPATEN PAMEKASAN,2025-02,2025,KEDELAI,0.0,HA
2379,7137,35,JAWA TIMUR,3528,KABUPATEN PAMEKASAN,2025-02,2025,PADI,0.0,HA
2380,7138,35,JAWA TIMUR,3529,KABUPATEN SUMENEP,2025-02,2025,JAGUNG,0.0,HA
2380,7139,35,JAWA TIMUR,3529,KABUPATEN SUMENEP,2025-02,2025,KEDELAI,0.0,HA
2380,7140,35,JAWA TIMUR,3529,KABUPATEN SUMENEP,2025-02,2025,PADI,0.0,HA
2381,7141,35,JAWA TIMUR,3571,KOTA KEDIRI,2025-02,2025,JAGUNG,0.0,HA
2381,7142,35,JAWA TIMUR,3571,KOTA KEDIRI,2025-02,2025,KEDELAI,0.0,HA
2381,7143,35,JAWA TIMUR,3571,KOTA KEDIRI,2025-02,2025,PADI,0.0,HA
2386,7156,35,JAWA TIMUR,3572,KOTA BLITAR,2025-02,2025,JAGUNG,0.0,HA
2386,7157,35,JAWA TIMUR,3572,KOTA BLITAR,2025-02,2025,KEDELAI,0.0,HA
2386,7158,35,JAWA TIMUR,3572,KOTA BLITAR,2025-02,2025,PADI,0.0,HA
2387,7159,35,JAWA TIMUR,3573,KOTA MALANG,2025-02,2025,JAGUNG,0.0,HA
2387,7160,35,JAWA TIMUR,3573,KOTA MALANG,2025-02,2025,KEDELAI,0.0,HA
2387,7161,35,JAWA TIMUR,3573,KOTA MALANG,2025-02,2025,PADI,0.0,HA
2382,7144,35,JAWA TIMUR,3574,KOTA PROBOLINGGO,2025-02,2025,JAGUNG,0.0,HA
2382,7145,35,JAWA TIMUR,3574,KOTA PROBOLINGGO,2025-02,2025,KEDELAI,0.0,HA
2382,7146,35,JAWA TIMUR,3574,KOTA PROBOLINGGO,2025-02,2025,PADI,0.0,HA
2383,7147,35,JAWA TIMUR,3575,KOTA PASURUAN,2025-02,2025,JAGUNG,0.0,HA
2383,7148,35,JAWA TIMUR,3575,KOTA PASURUAN,2025-02,2025,KEDELAI,0.0,HA
2383,7149,35,JAWA TIMUR,3575,KOTA PASURUAN,2025-02,2025,PADI,0.0,HA
2388,7162,35,JAWA TIMUR,3576,KOTA MOJOKERTO,2025-02,2025,JAGUNG,0.0,HA
2388,7163,35,JAWA TIMUR,3576,KOTA MOJOKERTO,2025-02,2025,KEDELAI,0.0,HA
2388,7164,35,JAWA TIMUR,3576,KOTA MOJOKERTO,2025-02,2025,PADI,0.0,HA
2384,7150,35,JAWA TIMUR,3577,KOTA MADIUN,2025-02,2025,JAGUNG,0.0,HA
2384,7151,35,JAWA TIMUR,3577,KOTA MADIUN,2025-02,2025,KEDELAI,0.0,HA
2384,7152,35,JAWA TIMUR,3577,KOTA MADIUN,2025-02,2025,PADI,0.0,HA
2389,7165,35,JAWA TIMUR,3578,KOTA SURABAYA,2025-02,2025,JAGUNG,0.0,HA
2389,7166,35,JAWA TIMUR,3578,KOTA SURABAYA,2025-02,2025,KEDELAI,0.0,HA
2389,7167,35,JAWA TIMUR,3578,KOTA SURABAYA,2025-02,2025,PADI,0.0,HA
2385,7153,35,JAWA TIMUR,3579,KOTA BATU,2025-02,2025,JAGUNG,0.0,HA
2385,7154,35,JAWA TIMUR,3579,KOTA BATU,2025-02,2025,KEDELAI,0.0,HA
2385,7155,35,JAWA TIMUR,3579,KOTA BATU,2025-02,2025,PADI,0.0,HA
2390,7168,35,JAWA TIMUR,3501,KABUPATEN PACITAN,2025-03,2025,JAGUNG,0.0,HA
2390,7169,35,JAWA TIMUR,3501,KABUPATEN PACITAN,2025-03,2025,KEDELAI,0.0,HA
2390,7170,35,JAWA TIMUR,3501,KABUPATEN PACITAN,2025-03,2025,PADI,0.0,HA
2391,7171,35,JAWA TIMUR,3502,KABUPATEN PONOROGO,2025-03,2025,JAGUNG,0.0,HA
2391,7172,35,JAWA TIMUR,3502,KABUPATEN PONOROGO,2025-03,2025,KEDELAI,0.0,HA
2391,7173,35,JAWA TIMUR,3502,KABUPATEN PONOROGO,2025-03,2025,PADI,0.0,HA
2392,7174,35,JAWA TIMUR,3503,KABUPATEN TRENGGALEK,2025-03,2025,JAGUNG,0.0,HA
2392,7175,35,JAWA TIMUR,3503,KABUPATEN TRENGGALEK,2025-03,2025,KEDELAI,0.0,HA
2392,7176,35,JAWA TIMUR,3503,KABUPATEN TRENGGALEK,2025-03,2025,PADI,0.0,HA
2393,7177,35,JAWA TIMUR,3504,KABUPATEN TULUNGAGUNG,2025-03,2025,JAGUNG,0.0,HA
2393,7178,35,JAWA TIMUR,3504,KABUPATEN TULUNGAGUNG,2025-03,2025,KEDELAI,0.0,HA
2393,7179,35,JAWA TIMUR,3504,KABUPATEN TULUNGAGUNG,2025-03,2025,PADI,0.0,HA
2394,7180,35,JAWA TIMUR,3505,KABUPATEN BLITAR,2025-03,2025,JAGUNG,0.0,HA
2394,7181,35,JAWA TIMUR,3505,KABUPATEN BLITAR,2025-03,2025,KEDELAI,0.0,HA
2394,7182,35,JAWA TIMUR,3505,KABUPATEN BLITAR,2025-03,2025,PADI,0.0,HA
2395,7183,35,JAWA TIMUR,3506,KABUPATEN KEDIRI,2025-03,2025,JAGUNG,0.0,HA
2395,7184,35,JAWA TIMUR,3506,KABUPATEN KEDIRI,2025-03,2025,KEDELAI,0.0,HA
2395,7185,35,JAWA TIMUR,3506,KABUPATEN KEDIRI,2025-03,2025,PADI,0.0,HA
2396,7186,35,JAWA TIMUR,3507,KABUPATEN MALANG,2025-03,2025,JAGUNG,0.0,HA
2396,7187,35,JAWA TIMUR,3507,KABUPATEN MALANG,2025-03,2025,KEDELAI,0.0,HA
2396,7188,35,JAWA TIMUR,3507,KABUPATEN MALANG,2025-03,2025,PADI,0.0,HA
2397,7189,35,JAWA TIMUR,3508,KABUPATEN LUMAJANG,2025-03,2025,JAGUNG,0.0,HA
2397,7190,35,JAWA TIMUR,3508,KABUPATEN LUMAJANG,2025-03,2025,KEDELAI,0.0,HA
2397,7191,35,JAWA TIMUR,3508,KABUPATEN LUMAJANG,2025-03,2025,PADI,0.0,HA
2398,7192,35,JAWA TIMUR,3509,KABUPATEN JEMBER,2025-03,2025,JAGUNG,0.0,HA
2398,7193,35,JAWA TIMUR,3509,KABUPATEN JEMBER,2025-03,2025,KEDELAI,0.0,HA
2398,7194,35,JAWA TIMUR,3509,KABUPATEN JEMBER,2025-03,2025,PADI,0.0,HA
2399,7195,35,JAWA TIMUR,3510,KABUPATEN BANYUWANGI,2025-03,2025,JAGUNG,0.0,HA
2399,7196,35,JAWA TIMUR,3510,KABUPATEN BANYUWANGI,2025-03,2025,KEDELAI,0.0,HA
2399,7197,35,JAWA TIMUR,3510,KABUPATEN BANYUWANGI,2025-03,2025,PADI,0.0,HA
2400,7198,35,JAWA TIMUR,3511,KABUPATEN BONDOWOSO,2025-03,2025,JAGUNG,0.0,HA
2400,7199,35,JAWA TIMUR,3511,KABUPATEN BONDOWOSO,2025-03,2025,KEDELAI,0.0,HA
2400,7200,35,JAWA TIMUR,3511,KABUPATEN BONDOWOSO,2025-03,2025,PADI,0.0,HA
2401,7201,35,JAWA TIMUR,3512,KABUPATEN SITUBONDO,2025-03,2025,JAGUNG,0.0,HA
2401,7202,35,JAWA TIMUR,3512,KABUPATEN SITUBONDO,2025-03,2025,KEDELAI,0.0,HA
2401,7203,35,JAWA TIMUR,3512,KABUPATEN SITUBONDO,2025-03,2025,PADI,0.0,HA
2402,7204,35,JAWA TIMUR,3513,KABUPATEN PROBOLINGGO,2025-03,2025,JAGUNG,0.0,HA
2402,7205,35,JAWA TIMUR,3513,KABUPATEN PROBOLINGGO,2025-03,2025,KEDELAI,0.0,HA
2402,7206,35,JAWA TIMUR,3513,KABUPATEN PROBOLINGGO,2025-03,2025,PADI,0.0,HA
2403,7207,35,JAWA TIMUR,3514,KABUPATEN PASURUAN,2025-03,2025,JAGUNG,0.0,HA
2403,7208,35,JAWA TIMUR,3514,KABUPATEN PASURUAN,2025-03,2025,KEDELAI,0.0,HA
2403,7209,35,JAWA TIMUR,3514,KABUPATEN PASURUAN,2025-03,2025,PADI,0.0,HA
2404,7210,35,JAWA TIMUR,3515,KABUPATEN SIDOARJO,2025-03,2025,JAGUNG,0.0,HA
2404,7211,35,JAWA TIMUR,3515,KABUPATEN SIDOARJO,2025-03,2025,KEDELAI,0.0,HA
2404,7212,35,JAWA TIMUR,3515,KABUPATEN SIDOARJO,2025-03,2025,PADI,0.0,HA
2405,7213,35,JAWA TIMUR,3516,KABUPATEN MOJOKERTO,2025-03,2025,JAGUNG,0.0,HA
2405,7214,35,JAWA TIMUR,3516,KABUPATEN MOJOKERTO,2025-03,2025,KEDELAI,0.0,HA
2405,7215,35,JAWA TIMUR,3516,KABUPATEN MOJOKERTO,2025-03,2025,PADI,0.0,HA
2406,7216,35,JAWA TIMUR,3517,KABUPATEN JOMBANG,2025-03,2025,JAGUNG,0.0,HA
2406,7217,35,JAWA TIMUR,3517,KABUPATEN JOMBANG,2025-03,2025,KEDELAI,0.0,HA
2406,7218,35,JAWA TIMUR,3517,KABUPATEN JOMBANG,2025-03,2025,PADI,0.0,HA
2407,7219,35,JAWA TIMUR,3518,KABUPATEN NGANJUK,2025-03,2025,JAGUNG,0.0,HA
2407,7220,35,JAWA TIMUR,3518,KABUPATEN NGANJUK,2025-03,2025,KEDELAI,0.0,HA
2407,7221,35,JAWA TIMUR,3518,KABUPATEN NGANJUK,2025-03,2025,PADI,0.0,HA
2408,7222,35,JAWA TIMUR,3519,KABUPATEN MADIUN,2025-03,2025,JAGUNG,0.0,HA
2408,7223,35,JAWA TIMUR,3519,KABUPATEN MADIUN,2025-03,2025,KEDELAI,0.0,HA
2408,7224,35,JAWA TIMUR,3519,KABUPATEN MADIUN,2025-03,2025,PADI,0.0,HA
2409,7225,35,JAWA TIMUR,3520,KABUPATEN MAGETAN,2025-03,2025,JAGUNG,0.0,HA
2409,7226,35,JAWA TIMUR,3520,KABUPATEN MAGETAN,2025-03,2025,KEDELAI,0.0,HA
2409,7227,35,JAWA TIMUR,3520,KABUPATEN MAGETAN,2025-03,2025,PADI,0.0,HA
2410,7228,35,JAWA TIMUR,3521,KABUPATEN NGAWI,2025-03,2025,JAGUNG,0.0,HA
2410,7229,35,JAWA TIMUR,3521,KABUPATEN NGAWI,2025-03,2025,KEDELAI,0.0,HA
2410,7230,35,JAWA TIMUR,3521,KABUPATEN NGAWI,2025-03,2025,PADI,0.0,HA
2411,7231,35,JAWA TIMUR,3522,KABUPATEN BOJONEGORO,2025-03,2025,JAGUNG,0.0,HA
2411,7232,35,JAWA TIMUR,3522,KABUPATEN BOJONEGORO,2025-03,2025,KEDELAI,0.0,HA
2411,7233,35,JAWA TIMUR,3522,KABUPATEN BOJONEGORO,2025-03,2025,PADI,0.0,HA
2412,7234,35,JAWA TIMUR,3523,KABUPATEN TUBAN,2025-03,2025,JAGUNG,0.0,HA
2412,7235,35,JAWA TIMUR,3523,KABUPATEN TUBAN,2025-03,2025,KEDELAI,0.0,HA
2412,7236,35,JAWA TIMUR,3523,KABUPATEN TUBAN,2025-03,2025,PADI,0.0,HA
2413,7237,35,JAWA TIMUR,3524,KABUPATEN LAMONGAN,2025-03,2025,JAGUNG,0.0,HA
2413,7238,35,JAWA TIMUR,3524,KABUPATEN LAMONGAN,2025-03,2025,KEDELAI,0.0,HA
2413,7239,35,JAWA TIMUR,3524,KABUPATEN LAMONGAN,2025-03,2025,PADI,0.0,HA
2414,7240,35,JAWA TIMUR,3525,KABUPATEN GRESIK,2025-03,2025,JAGUNG,0.0,HA
2414,7241,35,JAWA TIMUR,3525,KABUPATEN GRESIK,2025-03,2025,KEDELAI,0.0,HA
2414,7242,35,JAWA TIMUR,3525,KABUPATEN GRESIK,2025-03,2025,PADI,0.0,HA
2415,7243,35,JAWA TIMUR,3526,KABUPATEN BANGKALAN,2025-03,2025,JAGUNG,0.0,HA
2415,7244,35,JAWA TIMUR,3526,KABUPATEN BANGKALAN,2025-03,2025,KEDELAI,0.0,HA
2415,7245,35,JAWA TIMUR,3526,KABUPATEN BANGKALAN,2025-03,2025,PADI,0.0,HA
2416,7246,35,JAWA TIMUR,3527,KABUPATEN SAMPANG,2025-03,2025,JAGUNG,0.0,HA
2416,7247,35,JAWA TIMUR,3527,KABUPATEN SAMPANG,2025-03,2025,KEDELAI,0.0,HA
2416,7248,35,JAWA TIMUR,3527,KABUPATEN SAMPANG,2025-03,2025,PADI,0.0,HA
2417,7249,35,JAWA TIMUR,3528,KABUPATEN PAMEKASAN,2025-03,2025,JAGUNG,0.0,HA
2417,7250,35,JAWA TIMUR,3528,KABUPATEN PAMEKASAN,2025-03,2025,KEDELAI,0.0,HA
2417,7251,35,JAWA TIMUR,3528,KABUPATEN PAMEKASAN,2025-03,2025,PADI,0.0,HA
2418,7252,35,JAWA TIMUR,3529,KABUPATEN SUMENEP,2025-03,2025,JAGUNG,0.0,HA
2418,7253,35,JAWA TIMUR,3529,KABUPATEN SUMENEP,2025-03,2025,KEDELAI,0.0,HA
2418,7254,35,JAWA TIMUR,3529,KABUPATEN SUMENEP,2025-03,2025,PADI,0.0,HA
2419,7255,35,JAWA TIMUR,3571,KOTA KEDIRI,2025-03,2025,JAGUNG,0.0,HA
2419,7256,35,JAWA TIMUR,3571,KOTA KEDIRI,2025-03,2025,KEDELAI,0.0,HA
2419,7257,35,JAWA TIMUR,3571,KOTA KEDIRI,2025-03,2025,PADI,0.0,HA
2424,7270,35,JAWA TIMUR,3572,KOTA BLITAR,2025-03,2025,JAGUNG,0.0,HA
2424,7271,35,JAWA TIMUR,3572,KOTA BLITAR,2025-03,2025,KEDELAI,0.0,HA
2424,7272,35,JAWA TIMUR,3572,KOTA BLITAR,2025-03,2025,PADI,0.0,HA
2425,7273,35,JAWA TIMUR,3573,KOTA MALANG,2025-03,2025,JAGUNG,0.0,HA
2425,7274,35,JAWA TIMUR,3573,KOTA MALANG,2025-03,2025,KEDELAI,0.0,HA
2425,7275,35,JAWA TIMUR,3573,KOTA MALANG,2025-03,2025,PADI,0.0,HA
2420,7258,35,JAWA TIMUR,3574,KOTA PROBOLINGGO,2025-03,2025,JAGUNG,0.0,HA
2420,7259,35,JAWA TIMUR,3574,KOTA PROBOLINGGO,2025-03,2025,KEDELAI,0.0,HA
2420,7260,35,JAWA TIMUR,3574,KOTA PROBOLINGGO,2025-03,2025,PADI,0.0,HA
2421,7261,35,JAWA TIMUR,3575,KOTA PASURUAN,2025-03,2025,JAGUNG,0.0,HA
2421,7262,35,JAWA TIMUR,3575,KOTA PASURUAN,2025-03,2025,KEDELAI,0.0,HA
2421,7263,35,JAWA TIMUR,3575,KOTA PASURUAN,2025-03,2025,PADI,0.0,HA
2426,7276,35,JAWA TIMUR,3576,KOTA MOJOKERTO,2025-03,2025,JAGUNG,0.0,HA
2426,7277,35,JAWA TIMUR,3576,KOTA MOJOKERTO,2025-03,2025,KEDELAI,0.0,HA
2426,7278,35,JAWA TIMUR,3576,KOTA MOJOKERTO,2025-03,2025,PADI,0.0,HA
2422,7264,35,JAWA TIMUR,3577,KOTA MADIUN,2025-03,2025,JAGUNG,0.0,HA
2422,7265,35,JAWA TIMUR,3577,KOTA MADIUN,2025-03,2025,KEDELAI,0.0,HA
2422,7266,35,JAWA TIMUR,3577,KOTA MADIUN,2025-03,2025,PADI,0.0,HA
2427,7279,35,JAWA TIMUR,3578,KOTA SURABAYA,2025-03,2025,JAGUNG,0.0,HA
2427,7280,35,JAWA TIMUR,3578,KOTA SURABAYA,2025-03,2025,KEDELAI,0.0,HA
2427,7281,35,JAWA TIMUR,3578,KOTA SURABAYA,2025-03,2025,PADI,0.0,HA
2423,7267,35,JAWA TIMUR,3579,KOTA BATU,2025-03,2025,JAGUNG,0.0,HA
2423,7268,35,JAWA TIMUR,3579,KOTA BATU,2025-03,2025,KEDELAI,0.0,HA
2423,7269,35,JAWA TIMUR,3579,KOTA BATU,2025-03,2025,PADI,0.0,HA
2428,7282,35,JAWA TIMUR,3501,KABUPATEN PACITAN,2025-04,2025,JAGUNG,0.0,HA
2428,7283,35,JAWA TIMUR,3501,KABUPATEN PACITAN,2025-04,2025,KEDELAI,0.0,HA
2428,7284,35,JAWA TIMUR,3501,KABUPATEN PACITAN,2025-04,2025,PADI,0.0,HA
2429,7285,35,JAWA TIMUR,3502,KABUPATEN PONOROGO,2025-04,2025,JAGUNG,0.0,HA
2429,7286,35,JAWA TIMUR,3502,KABUPATEN PONOROGO,2025-04,2025,KEDELAI,0.0,HA
2429,7287,35,JAWA TIMUR,3502,KABUPATEN PONOROGO,2025-04,2025,PADI,0.0,HA
2430,7288,35,JAWA TIMUR,3503,KABUPATEN TRENGGALEK,2025-04,2025,JAGUNG,0.0,HA
2430,7289,35,JAWA TIMUR,3503,KABUPATEN TRENGGALEK,2025-04,2025,KEDELAI,0.0,HA
2430,7290,35,JAWA TIMUR,3503,KABUPATEN TRENGGALEK,2025-04,2025,PADI,0.0,HA
2431,7291,35,JAWA TIMUR,3504,KABUPATEN TULUNGAGUNG,2025-04,2025,JAGUNG,0.0,HA
2431,7292,35,JAWA TIMUR,3504,KABUPATEN TULUNGAGUNG,2025-04,2025,KEDELAI,0.0,HA
2431,7293,35,JAWA TIMUR,3504,KABUPATEN TULUNGAGUNG,2025-04,2025,PADI,0.0,HA
2432,7294,35,JAWA TIMUR,3505,KABUPATEN BLITAR,2025-04,2025,JAGUNG,0.0,HA
2432,7295,35,JAWA TIMUR,3505,KABUPATEN BLITAR,2025-04,2025,KEDELAI,0.0,HA
2432,7296,35,JAWA TIMUR,3505,KABUPATEN BLITAR,2025-04,2025,PADI,0.0,HA
2433,7297,35,JAWA TIMUR,3506,KABUPATEN KEDIRI,2025-04,2025,JAGUNG,0.0,HA
2433,7298,35,JAWA TIMUR,3506,KABUPATEN KEDIRI,2025-04,2025,KEDELAI,0.0,HA
2433,7299,35,JAWA TIMUR,3506,KABUPATEN KEDIRI,2025-04,2025,PADI,0.0,HA
2434,7300,35,JAWA TIMUR,3507,KABUPATEN MALANG,2025-04,2025,JAGUNG,0.0,HA
2434,7301,35,JAWA TIMUR,3507,KABUPATEN MALANG,2025-04,2025,KEDELAI,0.0,HA
2434,7302,35,JAWA TIMUR,3507,KABUPATEN MALANG,2025-04,2025,PADI,0.0,HA
2435,7303,35,JAWA TIMUR,3508,KABUPATEN LUMAJANG,2025-04,2025,JAGUNG,0.0,HA
2435,7304,35,JAWA TIMUR,3508,KABUPATEN LUMAJANG,2025-04,2025,KEDELAI,0.0,HA
2435,7305,35,JAWA TIMUR,3508,KABUPATEN LUMAJANG,2025-04,2025,PADI,0.0,HA
2436,7306,35,JAWA TIMUR,3509,KABUPATEN JEMBER,2025-04,2025,JAGUNG,0.0,HA
2436,7307,35,JAWA TIMUR,3509,KABUPATEN JEMBER,2025-04,2025,KEDELAI,0.0,HA
2436,7308,35,JAWA TIMUR,3509,KABUPATEN JEMBER,2025-04,2025,PADI,0.0,HA
2437,7309,35,JAWA TIMUR,3510,KABUPATEN BANYUWANGI,2025-04,2025,JAGUNG,0.0,HA
2437,7310,35,JAWA TIMUR,3510,KABUPATEN BANYUWANGI,2025-04,2025,KEDELAI,0.0,HA
2437,7311,35,JAWA TIMUR,3510,KABUPATEN BANYUWANGI,2025-04,2025,PADI,0.0,HA
2438,7312,35,JAWA TIMUR,3511,KABUPATEN BONDOWOSO,2025-04,2025,JAGUNG,0.0,HA
2438,7313,35,JAWA TIMUR,3511,KABUPATEN BONDOWOSO,2025-04,2025,KEDELAI,0.0,HA
2438,7314,35,JAWA TIMUR,3511,KABUPATEN BONDOWOSO,2025-04,2025,PADI,0.0,HA
2439,7315,35,JAWA TIMUR,3512,KABUPATEN SITUBONDO,2025-04,2025,JAGUNG,0.0,HA
2439,7316,35,JAWA TIMUR,3512,KABUPATEN SITUBONDO,2025-04,2025,KEDELAI,0.0,HA
2439,7317,35,JAWA TIMUR,3512,KABUPATEN SITUBONDO,2025-04,2025,PADI,0.0,HA
2440,7318,35,JAWA TIMUR,3513,KABUPATEN PROBOLINGGO,2025-04,2025,JAGUNG,0.0,HA
2440,7319,35,JAWA TIMUR,3513,KABUPATEN PROBOLINGGO,2025-04,2025,KEDELAI,0.0,HA
2440,7320,35,JAWA TIMUR,3513,KABUPATEN PROBOLINGGO,2025-04,2025,PADI,0.0,HA
2441,7321,35,JAWA TIMUR,3514,KABUPATEN PASURUAN,2025-04,2025,JAGUNG,0.0,HA
2441,7322,35,JAWA TIMUR,3514,KABUPATEN PASURUAN,2025-04,2025,KEDELAI,0.0,HA
2441,7323,35,JAWA TIMUR,3514,KABUPATEN PASURUAN,2025-04,2025,PADI,0.0,HA
2442,7324,35,JAWA TIMUR,3515,KABUPATEN SIDOARJO,2025-04,2025,JAGUNG,0.0,HA
2442,7325,35,JAWA TIMUR,3515,KABUPATEN SIDOARJO,2025-04,2025,KEDELAI,0.0,HA
2442,7326,35,JAWA TIMUR,3515,KABUPATEN SIDOARJO,2025-04,2025,PADI,0.0,HA
2443,7327,35,JAWA TIMUR,3516,KABUPATEN MOJOKERTO,2025-04,2025,JAGUNG,0.0,HA
2443,7328,35,JAWA TIMUR,3516,KABUPATEN MOJOKERTO,2025-04,2025,KEDELAI,0.0,HA
2443,7329,35,JAWA TIMUR,3516,KABUPATEN MOJOKERTO,2025-04,2025,PADI,0.0,HA
2444,7330,35,JAWA TIMUR,3517,KABUPATEN JOMBANG,2025-04,2025,JAGUNG,0.0,HA
2444,7331,35,JAWA TIMUR,3517,KABUPATEN JOMBANG,2025-04,2025,KEDELAI,0.0,HA
2444,7332,35,JAWA TIMUR,3517,KABUPATEN JOMBANG,2025-04,2025,PADI,0.0,HA
2445,7333,35,JAWA TIMUR,3518,KABUPATEN NGANJUK,2025-04,2025,JAGUNG,0.0,HA
2445,7334,35,JAWA TIMUR,3518,KABUPATEN NGANJUK,2025-04,2025,KEDELAI,0.0,HA
2445,7335,35,JAWA TIMUR,3518,KABUPATEN NGANJUK,2025-04,2025,PADI,0.0,HA
2446,7336,35,JAWA TIMUR,3519,KABUPATEN MADIUN,2025-04,2025,JAGUNG,0.0,HA
2446,7337,35,JAWA TIMUR,3519,KABUPATEN MADIUN,2025-04,2025,KEDELAI,0.0,HA
2446,7338,35,JAWA TIMUR,3519,KABUPATEN MADIUN,2025-04,2025,PADI,0.0,HA
2447,7339,35,JAWA TIMUR,3520,KABUPATEN MAGETAN,2025-04,2025,JAGUNG,0.0,HA
2447,7340,35,JAWA TIMUR,3520,KABUPATEN MAGETAN,2025-04,2025,KEDELAI,0.0,HA
2447,7341,35,JAWA TIMUR,3520,KABUPATEN MAGETAN,2025-04,2025,PADI,0.0,HA
2448,7342,35,JAWA TIMUR,3521,KABUPATEN NGAWI,2025-04,2025,JAGUNG,0.0,HA
2448,7343,35,JAWA TIMUR,3521,KABUPATEN NGAWI,2025-04,2025,KEDELAI,0.0,HA
2448,7344,35,JAWA TIMUR,3521,KABUPATEN NGAWI,2025-04,2025,PADI,0.0,HA
2449,7345,35,JAWA TIMUR,3522,KABUPATEN BOJONEGORO,2025-04,2025,JAGUNG,0.0,HA
2449,7346,35,JAWA TIMUR,3522,KABUPATEN BOJONEGORO,2025-04,2025,KEDELAI,0.0,HA
2449,7347,35,JAWA TIMUR,3522,KABUPATEN BOJONEGORO,2025-04,2025,PADI,0.0,HA
2450,7348,35,JAWA TIMUR,3523,KABUPATEN TUBAN,2025-04,2025,JAGUNG,0.0,HA
2450,7349,35,JAWA TIMUR,3523,KABUPATEN TUBAN,2025-04,2025,KEDELAI,0.0,HA
2450,7350,35,JAWA TIMUR,3523,KABUPATEN TUBAN,2025-04,2025,PADI,0.0,HA
2451,7351,35,JAWA TIMUR,3524,KABUPATEN LAMONGAN,2025-04,2025,JAGUNG,0.0,HA
2451,7352,35,JAWA TIMUR,3524,KABUPATEN LAMONGAN,2025-04,2025,KEDELAI,0.0,HA
2451,7353,35,JAWA TIMUR,3524,KABUPATEN LAMONGAN,2025-04,2025,PADI,0.0,HA
2452,7354,35,JAWA TIMUR,3525,KABUPATEN GRESIK,2025-04,2025,JAGUNG,0.0,HA
2452,7355,35,JAWA TIMUR,3525,KABUPATEN GRESIK,2025-04,2025,KEDELAI,0.0,HA
2452,7356,35,JAWA TIMUR,3525,KABUPATEN GRESIK,2025-04,2025,PADI,0.0,HA
2453,7357,35,JAWA TIMUR,3526,KABUPATEN BANGKALAN,2025-04,2025,JAGUNG,0.0,HA
2453,7358,35,JAWA TIMUR,3526,KABUPATEN BANGKALAN,2025-04,2025,KEDELAI,0.0,HA
2453,7359,35,JAWA TIMUR,3526,KABUPATEN BANGKALAN,2025-04,2025,PADI,0.0,HA
2454,7360,35,JAWA TIMUR,3527,KABUPATEN SAMPANG,2025-04,2025,JAGUNG,0.0,HA
2454,7361,35,JAWA TIMUR,3527,KABUPATEN SAMPANG,2025-04,2025,KEDELAI,0.0,HA
2454,7362,35,JAWA TIMUR,3527,KABUPATEN SAMPANG,2025-04,2025,PADI,0.0,HA
2455,7363,35,JAWA TIMUR,3528,KABUPATEN PAMEKASAN,2025-04,2025,JAGUNG,0.0,HA
2455,7364,35,JAWA TIMUR,3528,KABUPATEN PAMEKASAN,2025-04,2025,KEDELAI,0.0,HA
2455,7365,35,JAWA TIMUR,3528,KABUPATEN PAMEKASAN,2025-04,2025,PADI,0.0,HA
2456,7366,35,JAWA TIMUR,3529,KABUPATEN SUMENEP,2025-04,2025,JAGUNG,0.0,HA
2456,7367,35,JAWA TIMUR,3529,KABUPATEN SUMENEP,2025-04,2025,KEDELAI,0.0,HA
2456,7368,35,JAWA TIMUR,3529,KABUPATEN SUMENEP,2025-04,2025,PADI,0.0,HA
2457,7369,35,JAWA TIMUR,3571,KOTA KEDIRI,2025-04,2025,JAGUNG,0.0,HA
2457,7370,35,JAWA TIMUR,3571,KOTA KEDIRI,2025-04,2025,KEDELAI,0.0,HA
2457,7371,35,JAWA TIMUR,3571,KOTA KEDIRI,2025-04,2025,PADI,0.0,HA
2462,7384,35,JAWA TIMUR,3572,KOTA BLITAR,2025-04,2025,JAGUNG,0.0,HA
2462,7385,35,JAWA TIMUR,3572,KOTA BLITAR,2025-04,2025,KEDELAI,0.0,HA
2462,7386,35,JAWA TIMUR,3572,KOTA BLITAR,2025-04,2025,PADI,0.0,HA
2463,7387,35,JAWA TIMUR,3573,KOTA MALANG,2025-04,2025,JAGUNG,0.0,HA
2463,7388,35,JAWA TIMUR,3573,KOTA MALANG,2025-04,2025,KEDELAI,0.0,HA
2463,7389,35,JAWA TIMUR,3573,KOTA MALANG,2025-04,2025,PADI,0.0,HA
2458,7372,35,JAWA TIMUR,3574,KOTA PROBOLINGGO,2025-04,2025,JAGUNG,0.0,HA
2458,7373,35,JAWA TIMUR,3574,KOTA PROBOLINGGO,2025-04,2025,KEDELAI,0.0,HA
2458,7374,35,JAWA TIMUR,3574,KOTA PROBOLINGGO,2025-04,2025,PADI,0.0,HA
2459,7375,35,JAWA TIMUR,3575,KOTA PASURUAN,2025-04,2025,JAGUNG,0.0,HA
2459,7376,35,JAWA TIMUR,3575,KOTA PASURUAN,2025-04,2025,KEDELAI,0.0,HA
2459,7377,35,JAWA TIMUR,3575,KOTA PASURUAN,2025-04,2025,PADI,0.0,HA
2464,7390,35,JAWA TIMUR,3576,KOTA MOJOKERTO,2025-04,2025,JAGUNG,0.0,HA
2464,7391,35,JAWA TIMUR,3576,KOTA MOJOKERTO,2025-04,2025,KEDELAI,0.0,HA
2464,7392,35,JAWA TIMUR,3576,KOTA MOJOKERTO,2025-04,2025,PADI,0.0,HA
2460,7378,35,JAWA TIMUR,3577,KOTA MADIUN,2025-04,2025,JAGUNG,0.0,HA
2460,7379,35,JAWA TIMUR,3577,KOTA MADIUN,2025-04,2025,KEDELAI,0.0,HA
2460,7380,35,JAWA TIMUR,3577,KOTA MADIUN,2025-04,2025,PADI,0.0,HA
2465,7393,35,JAWA TIMUR,3578,KOTA SURABAYA,2025-04,2025,JAGUNG,0.0,HA
2465,7394,35,JAWA TIMUR,3578,KOTA SURABAYA,2025-04,2025,KEDELAI,0.0,HA
2465,7395,35,JAWA TIMUR,3578,KOTA SURABAYA,2025-04,2025,PADI,0.0,HA
2461,7381,35,JAWA TIMUR,3579,KOTA BATU,2025-04,2025,JAGUNG,0.0,HA
2461,7382,35,JAWA TIMUR,3579,KOTA BATU,2025-04,2025,KEDELAI,0.0,HA
2461,7383,35,JAWA TIMUR,3579,KOTA BATU,2025-04,2025,PADI,0.0,HA
2466,7396,35,JAWA TIMUR,3501,KABUPATEN PACITAN,2025-05,2025,JAGUNG,0.0,HA
2466,7397,35,JAWA TIMUR,3501,KABUPATEN PACITAN,2025-05,2025,KEDELAI,0.0,HA
2466,7398,35,JAWA TIMUR,3501,KABUPATEN PACITAN,2025-05,2025,PADI,0.0,HA
2467,7399,35,JAWA TIMUR,3502,KABUPATEN PONOROGO,2025-05,2025,JAGUNG,0.0,HA
2467,7400,35,JAWA TIMUR,3502,KABUPATEN PONOROGO,2025-05,2025,KEDELAI,0.0,HA
2467,7401,35,JAWA TIMUR,3502,KABUPATEN PONOROGO,2025-05,2025,PADI,0.0,HA
2468,7402,35,JAWA TIMUR,3503,KABUPATEN TRENGGALEK,2025-05,2025,JAGUNG,0.0,HA
2468,7403,35,JAWA TIMUR,3503,KABUPATEN TRENGGALEK,2025-05,2025,KEDELAI,0.0,HA
2468,7404,35,JAWA TIMUR,3503,KABUPATEN TRENGGALEK,2025-05,2025,PADI,0.0,HA
2469,7405,35,JAWA TIMUR,3504,KABUPATEN TULUNGAGUNG,2025-05,2025,JAGUNG,0.0,HA
2469,7406,35,JAWA TIMUR,3504,KABUPATEN TULUNGAGUNG,2025-05,2025,KEDELAI,0.0,HA
2469,7407,35,JAWA TIMUR,3504,KABUPATEN TULUNGAGUNG,2025-05,2025,PADI,0.0,HA
2470,7408,35,JAWA TIMUR,3505,KABUPATEN BLITAR,2025-05,2025,JAGUNG,0.0,HA
2470,7409,35,JAWA TIMUR,3505,KABUPATEN BLITAR,2025-05,2025,KEDELAI,0.0,HA
2470,7410,35,JAWA TIMUR,3505,KABUPATEN BLITAR,2025-05,2025,PADI,0.0,HA
2471,7411,35,JAWA TIMUR,3506,KABUPATEN KEDIRI,2025-05,2025,JAGUNG,0.0,HA
2471,7412,35,JAWA TIMUR,3506,KABUPATEN KEDIRI,2025-05,2025,KEDELAI,0.0,HA
2471,7413,35,JAWA TIMUR,3506,KABUPATEN KEDIRI,2025-05,2025,PADI,0.0,HA
2472,7414,35,JAWA TIMUR,3507,KABUPATEN MALANG,2025-05,2025,JAGUNG,0.0,HA
2472,7415,35,JAWA TIMUR,3507,KABUPATEN MALANG,2025-05,2025,KEDELAI,0.0,HA
2472,7416,35,JAWA TIMUR,3507,KABUPATEN MALANG,2025-05,2025,PADI,0.0,HA
2473,7417,35,JAWA TIMUR,3508,KABUPATEN LUMAJANG,2025-05,2025,JAGUNG,0.0,HA
2473,7418,35,JAWA TIMUR,3508,KABUPATEN LUMAJANG,2025-05,2025,KEDELAI,0.0,HA
2473,7419,35,JAWA TIMUR,3508,KABUPATEN LUMAJANG,2025-05,2025,PADI,0.0,HA
2474,7420,35,JAWA TIMUR,3509,KABUPATEN JEMBER,2025-05,2025,JAGUNG,0.0,HA
2474,7421,35,JAWA TIMUR,3509,KABUPATEN JEMBER,2025-05,2025,KEDELAI,0.0,HA
2474,7422,35,JAWA TIMUR,3509,KABUPATEN JEMBER,2025-05,2025,PADI,0.0,HA
2475,7423,35,JAWA TIMUR,3510,KABUPATEN BANYUWANGI,2025-05,2025,JAGUNG,0.0,HA
2475,7424,35,JAWA TIMUR,3510,KABUPATEN BANYUWANGI,2025-05,2025,KEDELAI,0.0,HA
2475,7425,35,JAWA TIMUR,3510,KABUPATEN BANYUWANGI,2025-05,2025,PADI,0.0,HA
2476,7426,35,JAWA TIMUR,3511,KABUPATEN BONDOWOSO,2025-05,2025,JAGUNG,0.0,HA
2476,7427,35,JAWA TIMUR,3511,KABUPATEN BONDOWOSO,2025-05,2025,KEDELAI,0.0,HA
2476,7428,35,JAWA TIMUR,3511,KABUPATEN BONDOWOSO,2025-05,2025,PADI,0.0,HA
2477,7429,35,JAWA TIMUR,3512,KABUPATEN SITUBONDO,2025-05,2025,JAGUNG,0.0,HA
2477,7430,35,JAWA TIMUR,3512,KABUPATEN SITUBONDO,2025-05,2025,KEDELAI,0.0,HA
2477,7431,35,JAWA TIMUR,3512,KABUPATEN SITUBONDO,2025-05,2025,PADI,0.0,HA
2478,7432,35,JAWA TIMUR,3513,KABUPATEN PROBOLINGGO,2025-05,2025,JAGUNG,0.0,HA
2478,7433,35,JAWA TIMUR,3513,KABUPATEN PROBOLINGGO,2025-05,2025,KEDELAI,0.0,HA
2478,7434,35,JAWA TIMUR,3513,KABUPATEN PROBOLINGGO,2025-05,2025,PADI,0.0,HA
2479,7435,35,JAWA TIMUR,3514,KABUPATEN PASURUAN,2025-05,2025,JAGUNG,0.0,HA
2479,7436,35,JAWA TIMUR,3514,KABUPATEN PASURUAN,2025-05,2025,KEDELAI,0.0,HA
2479,7437,35,JAWA TIMUR,3514,KABUPATEN PASURUAN,2025-05,2025,PADI,0.0,HA
2480,7438,35,JAWA TIMUR,3515,KABUPATEN SIDOARJO,2025-05,2025,JAGUNG,0.0,HA
2480,7439,35,JAWA TIMUR,3515,KABUPATEN SIDOARJO,2025-05,2025,KEDELAI,0.0,HA
2480,7440,35,JAWA TIMUR,3515,KABUPATEN SIDOARJO,2025-05,2025,PADI,0.0,HA
2481,7441,35,JAWA TIMUR,3516,KABUPATEN MOJOKERTO,2025-05,2025,JAGUNG,0.0,HA
2481,7442,35,JAWA TIMUR,3516,KABUPATEN MOJOKERTO,2025-05,2025,KEDELAI,0.0,HA
2481,7443,35,JAWA TIMUR,3516,KABUPATEN MOJOKERTO,2025-05,2025,PADI,0.0,HA
2482,7444,35,JAWA TIMUR,3517,KABUPATEN JOMBANG,2025-05,2025,JAGUNG,0.0,HA
2482,7445,35,JAWA TIMUR,3517,KABUPATEN JOMBANG,2025-05,2025,KEDELAI,0.0,HA
2482,7446,35,JAWA TIMUR,3517,KABUPATEN JOMBANG,2025-05,2025,PADI,0.0,HA
2483,7447,35,JAWA TIMUR,3518,KABUPATEN NGANJUK,2025-05,2025,JAGUNG,0.0,HA
2483,7448,35,JAWA TIMUR,3518,KABUPATEN NGANJUK,2025-05,2025,KEDELAI,0.0,HA
2483,7449,35,JAWA TIMUR,3518,KABUPATEN NGANJUK,2025-05,2025,PADI,0.0,HA
2484,7450,35,JAWA TIMUR,3519,KABUPATEN MADIUN,2025-05,2025,JAGUNG,0.0,HA
2484,7451,35,JAWA TIMUR,3519,KABUPATEN MADIUN,2025-05,2025,KEDELAI,0.0,HA
2484,7452,35,JAWA TIMUR,3519,KABUPATEN MADIUN,2025-05,2025,PADI,0.0,HA
2485,7453,35,JAWA TIMUR,3520,KABUPATEN MAGETAN,2025-05,2025,JAGUNG,0.0,HA
2485,7454,35,JAWA TIMUR,3520,KABUPATEN MAGETAN,2025-05,2025,KEDELAI,0.0,HA
2485,7455,35,JAWA TIMUR,3520,KABUPATEN MAGETAN,2025-05,2025,PADI,0.0,HA
2486,7456,35,JAWA TIMUR,3521,KABUPATEN NGAWI,2025-05,2025,JAGUNG,0.0,HA
2486,7457,35,JAWA TIMUR,3521,KABUPATEN NGAWI,2025-05,2025,KEDELAI,0.0,HA
2486,7458,35,JAWA TIMUR,3521,KABUPATEN NGAWI,2025-05,2025,PADI,0.0,HA
2487,7459,35,JAWA TIMUR,3522,KABUPATEN BOJONEGORO,2025-05,2025,JAGUNG,0.0,HA
2487,7460,35,JAWA TIMUR,3522,KABUPATEN BOJONEGORO,2025-05,2025,KEDELAI,0.0,HA
2487,7461,35,JAWA TIMUR,3522,KABUPATEN BOJONEGORO,2025-05,2025,PADI,0.0,HA
2488,7462,35,JAWA TIMUR,3523,KABUPATEN TUBAN,2025-05,2025,JAGUNG,0.0,HA
2488,7463,35,JAWA TIMUR,3523,KABUPATEN TUBAN,2025-05,2025,KEDELAI,0.0,HA
2488,7464,35,JAWA TIMUR,3523,KABUPATEN TUBAN,2025-05,2025,PADI,0.0,HA
2489,7465,35,JAWA TIMUR,3524,KABUPATEN LAMONGAN,2025-05,2025,JAGUNG,0.0,HA
2489,7466,35,JAWA TIMUR,3524,KABUPATEN LAMONGAN,2025-05,2025,KEDELAI,0.0,HA
2489,7467,35,JAWA TIMUR,3524,KABUPATEN LAMONGAN,2025-05,2025,PADI,0.0,HA
2490,7468,35,JAWA TIMUR,3525,KABUPATEN GRESIK,2025-05,2025,JAGUNG,0.0,HA
2490,7469,35,JAWA TIMUR,3525,KABUPATEN GRESIK,2025-05,2025,KEDELAI,0.0,HA
2490,7470,35,JAWA TIMUR,3525,KABUPATEN GRESIK,2025-05,2025,PADI,0.0,HA
2491,7471,35,JAWA TIMUR,3526,KABUPATEN BANGKALAN,2025-05,2025,JAGUNG,0.0,HA
2491,7472,35,JAWA TIMUR,3526,KABUPATEN BANGKALAN,2025-05,2025,KEDELAI,0.0,HA
2491,7473,35,JAWA TIMUR,3526,KABUPATEN BANGKALAN,2025-05,2025,PADI,0.0,HA
2492,7474,35,JAWA TIMUR,3527,KABUPATEN SAMPANG,2025-05,2025,JAGUNG,0.0,HA
2492,7475,35,JAWA TIMUR,3527,KABUPATEN SAMPANG,2025-05,2025,KEDELAI,0.0,HA
2492,7476,35,JAWA TIMUR,3527,KABUPATEN SAMPANG,2025-05,2025,PADI,0.0,HA
2493,7477,35,JAWA TIMUR,3528,KABUPATEN PAMEKASAN,2025-05,2025,JAGUNG,0.0,HA
2493,7478,35,JAWA TIMUR,3528,KABUPATEN PAMEKASAN,2025-05,2025,KEDELAI,0.0,HA
2493,7479,35,JAWA TIMUR,3528,KABUPATEN PAMEKASAN,2025-05,2025,PADI,0.0,HA
2494,7480,35,JAWA TIMUR,3529,KABUPATEN SUMENEP,2025-05,2025,JAGUNG,0.0,HA
2494,7481,35,JAWA TIMUR,3529,KABUPATEN SUMENEP,2025-05,2025,KEDELAI,0.0,HA
2494,7482,35,JAWA TIMUR,3529,KABUPATEN SUMENEP,2025-05,2025,PADI,0.0,HA
2495,7483,35,JAWA TIMUR,3571,KOTA KEDIRI,2025-05,2025,JAGUNG,0.0,HA
2495,7484,35,JAWA TIMUR,3571,KOTA KEDIRI,2025-05,2025,KEDELAI,0.0,HA
2495,7485,35,JAWA TIMUR,3571,KOTA KEDIRI,2025-05,2025,PADI,0.0,HA
2500,7498,35,JAWA TIMUR,3572,KOTA BLITAR,2025-05,2025,JAGUNG,0.0,HA
2500,7499,35,JAWA TIMUR,3572,KOTA BLITAR,2025-05,2025,KEDELAI,0.0,HA
2500,7500,35,JAWA TIMUR,3572,KOTA BLITAR,2025-05,2025,PADI,0.0,HA
2501,7501,35,JAWA TIMUR,3573,KOTA MALANG,2025-05,2025,JAGUNG,0.0,HA
2501,7502,35,JAWA TIMUR,3573,KOTA MALANG,2025-05,2025,KEDELAI,0.0,HA
2501,7503,35,JAWA TIMUR,3573,KOTA MALANG,2025-05,2025,PADI,0.0,HA
2496,7486,35,JAWA TIMUR,3574,KOTA PROBOLINGGO,2025-05,2025,JAGUNG,0.0,HA
2496,7487,35,JAWA TIMUR,3574,KOTA PROBOLINGGO,2025-05,2025,KEDELAI,0.0,HA
2496,7488,35,JAWA TIMUR,3574,KOTA PROBOLINGGO,2025-05,2025,PADI,0.0,HA
2497,7489,35,JAWA TIMUR,3575,KOTA PASURUAN,2025-05,2025,JAGUNG,0.0,HA
2497,7490,35,JAWA TIMUR,3575,KOTA PASURUAN,2025-05,2025,KEDELAI,0.0,HA
2497,7491,35,JAWA TIMUR,3575,KOTA PASURUAN,2025-05,2025,PADI,0.0,HA
2502,7504,35,JAWA TIMUR,3576,KOTA MOJOKERTO,2025-05,2025,JAGUNG,0.0,HA
2502,7505,35,JAWA TIMUR,3576,KOTA MOJOKERTO,2025-05,2025,KEDELAI,0.0,HA
2502,7506,35,JAWA TIMUR,3576,KOTA MOJOKERTO,2025-05,2025,PADI,0.0,HA
2498,7492,35,JAWA TIMUR,3577,KOTA MADIUN,2025-05,2025,JAGUNG,0.0,HA
2498,7493,35,JAWA TIMUR,3577,KOTA MADIUN,2025-05,2025,KEDELAI,0.0,HA
2498,7494,35,JAWA TIMUR,3577,KOTA MADIUN,2025-05,2025,PADI,0.0,HA
2503,7507,35,JAWA TIMUR,3578,KOTA SURABAYA,2025-05,2025,JAGUNG,0.0,HA
2503,7508,35,JAWA TIMUR,3578,KOTA SURABAYA,2025-05,2025,KEDELAI,0.0,HA
2503,7509,35,JAWA TIMUR,3578,KOTA SURABAYA,2025-05,2025,PADI,0.0,HA
2499,7495,35,JAWA TIMUR,3579,KOTA BATU,2025-05,2025,JAGUNG,0.0,HA
2499,7496,35,JAWA TIMUR,3579,KOTA BATU,2025-05,2025,KEDELAI,0.0,HA
2499,7497,35,JAWA TIMUR,3579,KOTA BATU,2025-05,2025,PADI,0.0,HA
2504,7510,35,JAWA TIMUR,3501,KABUPATEN PACITAN,2025-06,2025,JAGUNG,0.0,HA
2504,7511,35,JAWA TIMUR,3501,KABUPATEN PACITAN,2025-06,2025,KEDELAI,0.0,HA
2504,7512,35,JAWA TIMUR,3501,KABUPATEN PACITAN,2025-06,2025,PADI,0.0,HA
2505,7513,35,JAWA TIMUR,3502,KABUPATEN PONOROGO,2025-06,2025,JAGUNG,0.0,HA
2505,7514,35,JAWA TIMUR,3502,KABUPATEN PONOROGO,2025-06,2025,KEDELAI,0.0,HA
2505,7515,35,JAWA TIMUR,3502,KABUPATEN PONOROGO,2025-06,2025,PADI,0.0,HA
2506,7516,35,JAWA TIMUR,3503,KABUPATEN TRENGGALEK,2025-06,2025,JAGUNG,0.0,HA
2506,7517,35,JAWA TIMUR,3503,KABUPATEN TRENGGALEK,2025-06,2025,KEDELAI,0.0,HA
2506,7518,35,JAWA TIMUR,3503,KABUPATEN TRENGGALEK,2025-06,2025,PADI,0.0,HA
2507,7519,35,JAWA TIMUR,3504,KABUPATEN TULUNGAGUNG,2025-06,2025,JAGUNG,0.0,HA
2507,7520,35,JAWA TIMUR,3504,KABUPATEN TULUNGAGUNG,2025-06,2025,KEDELAI,0.0,HA
2507,7521,35,JAWA TIMUR,3504,KABUPATEN TULUNGAGUNG,2025-06,2025,PADI,0.0,HA
2508,7522,35,JAWA TIMUR,3505,KABUPATEN BLITAR,2025-06,2025,JAGUNG,0.0,HA
2508,7523,35,JAWA TIMUR,3505,KABUPATEN BLITAR,2025-06,2025,KEDELAI,0.0,HA
2508,7524,35,JAWA TIMUR,3505,KABUPATEN BLITAR,2025-06,2025,PADI,0.0,HA
2509,7525,35,JAWA TIMUR,3506,KABUPATEN KEDIRI,2025-06,2025,JAGUNG,0.0,HA
2509,7526,35,JAWA TIMUR,3506,KABUPATEN KEDIRI,2025-06,2025,KEDELAI,0.0,HA
2509,7527,35,JAWA TIMUR,3506,KABUPATEN KEDIRI,2025-06,2025,PADI,0.0,HA
2510,7528,35,JAWA TIMUR,3507,KABUPATEN MALANG,2025-06,2025,JAGUNG,0.0,HA
2510,7529,35,JAWA TIMUR,3507,KABUPATEN MALANG,2025-06,2025,KEDELAI,0.0,HA
2510,7530,35,JAWA TIMUR,3507,KABUPATEN MALANG,2025-06,2025,PADI,0.0,HA
2511,7531,35,JAWA TIMUR,3508,KABUPATEN LUMAJANG,2025-06,2025,JAGUNG,0.0,HA
2511,7532,35,JAWA TIMUR,3508,KABUPATEN LUMAJANG,2025-06,2025,KEDELAI,0.0,HA
2511,7533,35,JAWA TIMUR,3508,KABUPATEN LUMAJANG,2025-06,2025,PADI,0.0,HA
2512,7534,35,JAWA TIMUR,3509,KABUPATEN JEMBER,2025-06,2025,JAGUNG,0.0,HA
2512,7535,35,JAWA TIMUR,3509,KABUPATEN JEMBER,2025-06,2025,KEDELAI,0.0,HA
2512,7536,35,JAWA TIMUR,3509,KABUPATEN JEMBER,2025-06,2025,PADI,0.0,HA
2513,7537,35,JAWA TIMUR,3510,KABUPATEN BANYUWANGI,2025-06,2025,JAGUNG,0.0,HA
2513,7538,35,JAWA TIMUR,3510,KABUPATEN BANYUWANGI,2025-06,2025,KEDELAI,0.0,HA
2513,7539,35,JAWA TIMUR,3510,KABUPATEN BANYUWANGI,2025-06,2025,PADI,0.0,HA
2514,7540,35,JAWA TIMUR,3511,KABUPATEN BONDOWOSO,2025-06,2025,JAGUNG,0.0,HA
2514,7541,35,JAWA TIMUR,3511,KABUPATEN BONDOWOSO,2025-06,2025,KEDELAI,0.0,HA
2514,7542,35,JAWA TIMUR,3511,KABUPATEN BONDOWOSO,2025-06,2025,PADI,0.0,HA
2515,7543,35,JAWA TIMUR,3512,KABUPATEN SITUBONDO,2025-06,2025,JAGUNG,0.0,HA
2515,7544,35,JAWA TIMUR,3512,KABUPATEN SITUBONDO,2025-06,2025,KEDELAI,0.0,HA
2515,7545,35,JAWA TIMUR,3512,KABUPATEN SITUBONDO,2025-06,2025,PADI,0.0,HA
2516,7546,35,JAWA TIMUR,3513,KABUPATEN PROBOLINGGO,2025-06,2025,JAGUNG,0.0,HA
2516,7547,35,JAWA TIMUR,3513,KABUPATEN PROBOLINGGO,2025-06,2025,KEDELAI,0.0,HA
2516,7548,35,JAWA TIMUR,3513,KABUPATEN PROBOLINGGO,2025-06,2025,PADI,0.0,HA
2517,7549,35,JAWA TIMUR,3514,KABUPATEN PASURUAN,2025-06,2025,JAGUNG,0.0,HA
2517,7550,35,JAWA TIMUR,3514,KABUPATEN PASURUAN,2025-06,2025,KEDELAI,0.0,HA
2517,7551,35,JAWA TIMUR,3514,KABUPATEN PASURUAN,2025-06,2025,PADI,0.0,HA
2518,7552,35,JAWA TIMUR,3515,KABUPATEN SIDOARJO,2025-06,2025,JAGUNG,0.0,HA
2518,7553,35,JAWA TIMUR,3515,KABUPATEN SIDOARJO,2025-06,2025,KEDELAI,0.0,HA
2518,7554,35,JAWA TIMUR,3515,KABUPATEN SIDOARJO,2025-06,2025,PADI,0.0,HA
2519,7555,35,JAWA TIMUR,3516,KABUPATEN MOJOKERTO,2025-06,2025,JAGUNG,0.0,HA
2519,7556,35,JAWA TIMUR,3516,KABUPATEN MOJOKERTO,2025-06,2025,KEDELAI,0.0,HA
2519,7557,35,JAWA TIMUR,3516,KABUPATEN MOJOKERTO,2025-06,2025,PADI,0.0,HA
2520,7558,35,JAWA TIMUR,3517,KABUPATEN JOMBANG,2025-06,2025,JAGUNG,0.0,HA
2520,7559,35,JAWA TIMUR,3517,KABUPATEN JOMBANG,2025-06,2025,KEDELAI,0.0,HA
2520,7560,35,JAWA TIMUR,3517,KABUPATEN JOMBANG,2025-06,2025,PADI,0.0,HA
2521,7561,35,JAWA TIMUR,3518,KABUPATEN NGANJUK,2025-06,2025,JAGUNG,0.0,HA
2521,7562,35,JAWA TIMUR,3518,KABUPATEN NGANJUK,2025-06,2025,KEDELAI,0.0,HA
2521,7563,35,JAWA TIMUR,3518,KABUPATEN NGANJUK,2025-06,2025,PADI,0.0,HA
2522,7564,35,JAWA TIMUR,3519,KABUPATEN MADIUN,2025-06,2025,JAGUNG,0.0,HA
2522,7565,35,JAWA TIMUR,3519,KABUPATEN MADIUN,2025-06,2025,KEDELAI,0.0,HA
2522,7566,35,JAWA TIMUR,3519,KABUPATEN MADIUN,2025-06,2025,PADI,0.0,HA
2523,7567,35,JAWA TIMUR,3520,KABUPATEN MAGETAN,2025-06,2025,JAGUNG,0.0,HA
2523,7568,35,JAWA TIMUR,3520,KABUPATEN MAGETAN,2025-06,2025,KEDELAI,0.0,HA
2523,7569,35,JAWA TIMUR,3520,KABUPATEN MAGETAN,2025-06,2025,PADI,0.0,HA
2524,7570,35,JAWA TIMUR,3521,KABUPATEN NGAWI,2025-06,2025,JAGUNG,0.0,HA
2524,7571,35,JAWA TIMUR,3521,KABUPATEN NGAWI,2025-06,2025,KEDELAI,0.0,HA
2524,7572,35,JAWA TIMUR,3521,KABUPATEN NGAWI,2025-06,2025,PADI,0.0,HA
2525,7573,35,JAWA TIMUR,3522,KABUPATEN BOJONEGORO,2025-06,2025,JAGUNG,0.0,HA
2525,7574,35,JAWA TIMUR,3522,KABUPATEN BOJONEGORO,2025-06,2025,KEDELAI,0.0,HA
2525,7575,35,JAWA TIMUR,3522,KABUPATEN BOJONEGORO,2025-06,2025,PADI,0.0,HA
2526,7576,35,JAWA TIMUR,3523,KABUPATEN TUBAN,2025-06,2025,JAGUNG,0.0,HA
2526,7577,35,JAWA TIMUR,3523,KABUPATEN TUBAN,2025-06,2025,KEDELAI,0.0,HA
2526,7578,35,JAWA TIMUR,3523,KABUPATEN TUBAN,2025-06,2025,PADI,0.0,HA
2527,7579,35,JAWA TIMUR,3524,KABUPATEN LAMONGAN,2025-06,2025,JAGUNG,0.0,HA
2527,7580,35,JAWA TIMUR,3524,KABUPATEN LAMONGAN,2025-06,2025,KEDELAI,0.0,HA
2527,7581,35,JAWA TIMUR,3524,KABUPATEN LAMONGAN,2025-06,2025,PADI,0.0,HA
2528,7582,35,JAWA TIMUR,3525,KABUPATEN GRESIK,2025-06,2025,JAGUNG,0.0,HA
2528,7583,35,JAWA TIMUR,3525,KABUPATEN GRESIK,2025-06,2025,KEDELAI,0.0,HA
2528,7584,35,JAWA TIMUR,3525,KABUPATEN GRESIK,2025-06,2025,PADI,0.0,HA
2529,7585,35,JAWA TIMUR,3526,KABUPATEN BANGKALAN,2025-06,2025,JAGUNG,0.0,HA
2529,7586,35,JAWA TIMUR,3526,KABUPATEN BANGKALAN,2025-06,2025,KEDELAI,0.0,HA
2529,7587,35,JAWA TIMUR,3526,KABUPATEN BANGKALAN,2025-06,2025,PADI,0.0,HA
2530,7588,35,JAWA TIMUR,3527,KABUPATEN SAMPANG,2025-06,2025,JAGUNG,0.0,HA
2530,7589,35,JAWA TIMUR,3527,KABUPATEN SAMPANG,2025-06,2025,KEDELAI,0.0,HA
2530,7590,35,JAWA TIMUR,3527,KABUPATEN SAMPANG,2025-06,2025,PADI,0.0,HA
2531,7591,35,JAWA TIMUR,3528,KABUPATEN PAMEKASAN,2025-06,2025,JAGUNG,0.0,HA
2531,7592,35,JAWA TIMUR,3528,KABUPATEN PAMEKASAN,2025-06,2025,KEDELAI,0.0,HA
2531,7593,35,JAWA TIMUR,3528,KABUPATEN PAMEKASAN,2025-06,2025,PADI,0.0,HA
2532,7594,35,JAWA TIMUR,3529,KABUPATEN SUMENEP,2025-06,2025,JAGUNG,0.0,HA
2532,7595,35,JAWA TIMUR,3529,KABUPATEN SUMENEP,2025-06,2025,KEDELAI,0.0,HA
2532,7596,35,JAWA TIMUR,3529,KABUPATEN SUMENEP,2025-06,2025,PADI,0.0,HA
2533,7597,35,JAWA TIMUR,3571,KOTA KEDIRI,2025-06,2025,JAGUNG,0.0,HA
2533,7598,35,JAWA TIMUR,3571,KOTA KEDIRI,2025-06,2025,KEDELAI,0.0,HA
2533,7599,35,JAWA TIMUR,3571,KOTA KEDIRI,2025-06,2025,PADI,0.0,HA
2538,7612,35,JAWA TIMUR,3572,KOTA BLITAR,2025-06,2025,JAGUNG,0.0,HA
2538,7613,35,JAWA TIMUR,3572,KOTA BLITAR,2025-06,2025,KEDELAI,0.0,HA
2538,7614,35,JAWA TIMUR,3572,KOTA BLITAR,2025-06,2025,PADI,0.0,HA
2539,7615,35,JAWA TIMUR,3573,KOTA MALANG,2025-06,2025,JAGUNG,0.0,HA
2539,7616,35,JAWA TIMUR,3573,KOTA MALANG,2025-06,2025,KEDELAI,0.0,HA
2539,7617,35,JAWA TIMUR,3573,KOTA MALANG,2025-06,2025,PADI,0.0,HA
2534,7600,35,JAWA TIMUR,3574,KOTA PROBOLINGGO,2025-06,2025,JAGUNG,0.0,HA
2534,7601,35,JAWA TIMUR,3574,KOTA PROBOLINGGO,2025-06,2025,KEDELAI,0.0,HA
2534,7602,35,JAWA TIMUR,3574,KOTA PROBOLINGGO,2025-06,2025,PADI,0.0,HA
2535,7603,35,JAWA TIMUR,3575,KOTA PASURUAN,2025-06,2025,JAGUNG,0.0,HA
2535,7604,35,JAWA TIMUR,3575,KOTA PASURUAN,2025-06,2025,KEDELAI,0.0,HA
2535,7605,35,JAWA TIMUR,3575,KOTA PASURUAN,2025-06,2025,PADI,0.0,HA
2540,7618,35,JAWA TIMUR,3576,KOTA MOJOKERTO,2025-06,2025,JAGUNG,0.0,HA
2540,7619,35,JAWA TIMUR,3576,KOTA MOJOKERTO,2025-06,2025,KEDELAI,0.0,HA
2540,7620,35,JAWA TIMUR,3576,KOTA MOJOKERTO,2025-06,2025,PADI,0.0,HA
2536,7606,35,JAWA TIMUR,3577,KOTA MADIUN,2025-06,2025,JAGUNG,0.0,HA
2536,7607,35,JAWA TIMUR,3577,KOTA MADIUN,2025-06,2025,KEDELAI,0.0,HA
2536,7608,35,JAWA TIMUR,3577,KOTA MADIUN,2025-06,2025,PADI,0.0,HA
2541,7621,35,JAWA TIMUR,3578,KOTA SURABAYA,2025-06,2025,JAGUNG,0.0,HA
2541,7622,35,JAWA TIMUR,3578,KOTA SURABAYA,2025-06,2025,KEDELAI,0.0,HA
2541,7623,35,JAWA TIMUR,3578,KOTA SURABAYA,2025-06,2025,PADI,0.0,HA
2537,7609,35,JAWA TIMUR,3579,KOTA BATU,2025-06,2025,JAGUNG,0.0,HA
2537,7610,35,JAWA TIMUR,3579,KOTA BATU,2025-06,2025,KEDELAI,0.0,HA
2537,7611,35,JAWA TIMUR,3579,KOTA BATU,2025-06,2025,PADI,0.0,HA
2542,7624,35,JAWA TIMUR,3501,KABUPATEN PACITAN,2025-07,2025,JAGUNG,0.0,HA
2542,7625,35,JAWA TIMUR,3501,KABUPATEN PACITAN,2025-07,2025,KEDELAI,0.0,HA
2542,7626,35,JAWA TIMUR,3501,KABUPATEN PACITAN,2025-07,2025,PADI,0.0,HA
2543,7627,35,JAWA TIMUR,3502,KABUPATEN PONOROGO,2025-07,2025,JAGUNG,0.0,HA
2543,7628,35,JAWA TIMUR,3502,KABUPATEN PONOROGO,2025-07,2025,KEDELAI,0.0,HA
2543,7629,35,JAWA TIMUR,3502,KABUPATEN PONOROGO,2025-07,2025,PADI,0.0,HA
2544,7630,35,JAWA TIMUR,3503,KABUPATEN TRENGGALEK,2025-07,2025,JAGUNG,0.0,HA
2544,7631,35,JAWA TIMUR,3503,KABUPATEN TRENGGALEK,2025-07,2025,KEDELAI,0.0,HA
2544,7632,35,JAWA TIMUR,3503,KABUPATEN TRENGGALEK,2025-07,2025,PADI,0.0,HA
2545,7633,35,JAWA TIMUR,3504,KABUPATEN TULUNGAGUNG,2025-07,2025,JAGUNG,0.0,HA
2545,7634,35,JAWA TIMUR,3504,KABUPATEN TULUNGAGUNG,2025-07,2025,KEDELAI,0.0,HA
2545,7635,35,JAWA TIMUR,3504,KABUPATEN TULUNGAGUNG,2025-07,2025,PADI,0.0,HA
2546,7636,35,JAWA TIMUR,3505,KABUPATEN BLITAR,2025-07,2025,JAGUNG,0.0,HA
2546,7637,35,JAWA TIMUR,3505,KABUPATEN BLITAR,2025-07,2025,KEDELAI,0.0,HA
2546,7638,35,JAWA TIMUR,3505,KABUPATEN BLITAR,2025-07,2025,PADI,0.0,HA
2547,7639,35,JAWA TIMUR,3506,KABUPATEN KEDIRI,2025-07,2025,JAGUNG,0.0,HA
2547,7640,35,JAWA TIMUR,3506,KABUPATEN KEDIRI,2025-07,2025,KEDELAI,0.0,HA
2547,7641,35,JAWA TIMUR,3506,KABUPATEN KEDIRI,2025-07,2025,PADI,0.0,HA
2548,7642,35,JAWA TIMUR,3507,KABUPATEN MALANG,2025-07,2025,JAGUNG,0.0,HA
2548,7643,35,JAWA TIMUR,3507,KABUPATEN MALANG,2025-07,2025,KEDELAI,0.0,HA
2548,7644,35,JAWA TIMUR,3507,KABUPATEN MALANG,2025-07,2025,PADI,0.0,HA
2549,7645,35,JAWA TIMUR,3508,KABUPATEN LUMAJANG,2025-07,2025,JAGUNG,0.0,HA
2549,7646,35,JAWA TIMUR,3508,KABUPATEN LUMAJANG,2025-07,2025,KEDELAI,0.0,HA
2549,7647,35,JAWA TIMUR,3508,KABUPATEN LUMAJANG,2025-07,2025,PADI,0.0,HA
2550,7648,35,JAWA TIMUR,3509,KABUPATEN JEMBER,2025-07,2025,JAGUNG,0.0,HA
2550,7649,35,JAWA TIMUR,3509,KABUPATEN JEMBER,2025-07,2025,KEDELAI,0.0,HA
2550,7650,35,JAWA TIMUR,3509,KABUPATEN JEMBER,2025-07,2025,PADI,0.0,HA
2551,7651,35,JAWA TIMUR,3510,KABUPATEN BANYUWANGI,2025-07,2025,JAGUNG,0.0,HA
2551,7652,35,JAWA TIMUR,3510,KABUPATEN BANYUWANGI,2025-07,2025,KEDELAI,0.0,HA
2551,7653,35,JAWA TIMUR,3510,KABUPATEN BANYUWANGI,2025-07,2025,PADI,0.0,HA
2552,7654,35,JAWA TIMUR,3511,KABUPATEN BONDOWOSO,2025-07,2025,JAGUNG,0.0,HA
2552,7655,35,JAWA TIMUR,3511,KABUPATEN BONDOWOSO,2025-07,2025,KEDELAI,0.0,HA
2552,7656,35,JAWA TIMUR,3511,KABUPATEN BONDOWOSO,2025-07,2025,PADI,0.0,HA
2553,7657,35,JAWA TIMUR,3512,KABUPATEN SITUBONDO,2025-07,2025,JAGUNG,0.0,HA
2553,7658,35,JAWA TIMUR,3512,KABUPATEN SITUBONDO,2025-07,2025,KEDELAI,0.0,HA
2553,7659,35,JAWA TIMUR,3512,KABUPATEN SITUBONDO,2025-07,2025,PADI,0.0,HA
2554,7660,35,JAWA TIMUR,3513,KABUPATEN PROBOLINGGO,2025-07,2025,JAGUNG,0.0,HA
2554,7661,35,JAWA TIMUR,3513,KABUPATEN PROBOLINGGO,2025-07,2025,KEDELAI,0.0,HA
2554,7662,35,JAWA TIMUR,3513,KABUPATEN PROBOLINGGO,2025-07,2025,PADI,0.0,HA
2555,7663,35,JAWA TIMUR,3514,KABUPATEN PASURUAN,2025-07,2025,JAGUNG,0.0,HA
2555,7664,35,JAWA TIMUR,3514,KABUPATEN PASURUAN,2025-07,2025,KEDELAI,0.0,HA
2555,7665,35,JAWA TIMUR,3514,KABUPATEN PASURUAN,2025-07,2025,PADI,0.0,HA
2556,7666,35,JAWA TIMUR,3515,KABUPATEN SIDOARJO,2025-07,2025,JAGUNG,0.0,HA
2556,7667,35,JAWA TIMUR,3515,KABUPATEN SIDOARJO,2025-07,2025,KEDELAI,0.0,HA
2556,7668,35,JAWA TIMUR,3515,KABUPATEN SIDOARJO,2025-07,2025,PADI,0.0,HA
2557,7669,35,JAWA TIMUR,3516,KABUPATEN MOJOKERTO,2025-07,2025,JAGUNG,0.0,HA
2557,7670,35,JAWA TIMUR,3516,KABUPATEN MOJOKERTO,2025-07,2025,KEDELAI,0.0,HA
2557,7671,35,JAWA TIMUR,3516,KABUPATEN MOJOKERTO,2025-07,2025,PADI,0.0,HA
2558,7672,35,JAWA TIMUR,3517,KABUPATEN JOMBANG,2025-07,2025,JAGUNG,0.0,HA
2558,7673,35,JAWA TIMUR,3517,KABUPATEN JOMBANG,2025-07,2025,KEDELAI,0.0,HA
2558,7674,35,JAWA TIMUR,3517,KABUPATEN JOMBANG,2025-07,2025,PADI,0.0,HA
2559,7675,35,JAWA TIMUR,3518,KABUPATEN NGANJUK,2025-07,2025,JAGUNG,0.0,HA
2559,7676,35,JAWA TIMUR,3518,KABUPATEN NGANJUK,2025-07,2025,KEDELAI,0.0,HA
2559,7677,35,JAWA TIMUR,3518,KABUPATEN NGANJUK,2025-07,2025,PADI,0.0,HA
2560,7678,35,JAWA TIMUR,3519,KABUPATEN MADIUN,2025-07,2025,JAGUNG,0.0,HA
2560,7679,35,JAWA TIMUR,3519,KABUPATEN MADIUN,2025-07,2025,KEDELAI,0.0,HA
2560,7680,35,JAWA TIMUR,3519,KABUPATEN MADIUN,2025-07,2025,PADI,0.0,HA
2561,7681,35,JAWA TIMUR,3520,KABUPATEN MAGETAN,2025-07,2025,JAGUNG,0.0,HA
2561,7682,35,JAWA TIMUR,3520,KABUPATEN MAGETAN,2025-07,2025,KEDELAI,0.0,HA
2561,7683,35,JAWA TIMUR,3520,KABUPATEN MAGETAN,2025-07,2025,PADI,0.0,HA
2562,7684,35,JAWA TIMUR,3521,KABUPATEN NGAWI,2025-07,2025,JAGUNG,0.0,HA
2562,7685,35,JAWA TIMUR,3521,KABUPATEN NGAWI,2025-07,2025,KEDELAI,0.0,HA
2562,7686,35,JAWA TIMUR,3521,KABUPATEN NGAWI,2025-07,2025,PADI,0.0,HA
2563,7687,35,JAWA TIMUR,3522,KABUPATEN BOJONEGORO,2025-07,2025,JAGUNG,0.0,HA
2563,7688,35,JAWA TIMUR,3522,KABUPATEN BOJONEGORO,2025-07,2025,KEDELAI,0.0,HA
2563,7689,35,JAWA TIMUR,3522,KABUPATEN BOJONEGORO,2025-07,2025,PADI,0.0,HA
2564,7690,35,JAWA TIMUR,3523,KABUPATEN TUBAN,2025-07,2025,JAGUNG,0.0,HA
2564,7691,35,JAWA TIMUR,3523,KABUPATEN TUBAN,2025-07,2025,KEDELAI,0.0,HA
2564,7692,35,JAWA TIMUR,3523,KABUPATEN TUBAN,2025-07,2025,PADI,0.0,HA
2565,7693,35,JAWA TIMUR,3524,KABUPATEN LAMONGAN,2025-07,2025,JAGUNG,0.0,HA
2565,7694,35,JAWA TIMUR,3524,KABUPATEN LAMONGAN,2025-07,2025,KEDELAI,0.0,HA
2565,7695,35,JAWA TIMUR,3524,KABUPATEN LAMONGAN,2025-07,2025,PADI,0.0,HA
2566,7696,35,JAWA TIMUR,3525,KABUPATEN GRESIK,2025-07,2025,JAGUNG,0.0,HA
2566,7697,35,JAWA TIMUR,3525,KABUPATEN GRESIK,2025-07,2025,KEDELAI,0.0,HA
2566,7698,35,JAWA TIMUR,3525,KABUPATEN GRESIK,2025-07,2025,PADI,0.0,HA
2567,7699,35,JAWA TIMUR,3526,KABUPATEN BANGKALAN,2025-07,2025,JAGUNG,0.0,HA
2567,7700,35,JAWA TIMUR,3526,KABUPATEN BANGKALAN,2025-07,2025,KEDELAI,0.0,HA
2567,7701,35,JAWA TIMUR,3526,KABUPATEN BANGKALAN,2025-07,2025,PADI,0.0,HA
2568,7702,35,JAWA TIMUR,3527,KABUPATEN SAMPANG,2025-07,2025,JAGUNG,0.0,HA
2568,7703,35,JAWA TIMUR,3527,KABUPATEN SAMPANG,2025-07,2025,KEDELAI,0.0,HA
2568,7704,35,JAWA TIMUR,3527,KABUPATEN SAMPANG,2025-07,2025,PADI,0.0,HA
2569,7705,35,JAWA TIMUR,3528,KABUPATEN PAMEKASAN,2025-07,2025,JAGUNG,0.0,HA
2569,7706,35,JAWA TIMUR,3528,KABUPATEN PAMEKASAN,2025-07,2025,KEDELAI,0.0,HA
2569,7707,35,JAWA TIMUR,3528,KABUPATEN PAMEKASAN,2025-07,2025,PADI,0.0,HA
2570,7708,35,JAWA TIMUR,3529,KABUPATEN SUMENEP,2025-07,2025,JAGUNG,0.0,HA
2570,7709,35,JAWA TIMUR,3529,KABUPATEN SUMENEP,2025-07,2025,KEDELAI,0.0,HA
2570,7710,35,JAWA TIMUR,3529,KABUPATEN SUMENEP,2025-07,2025,PADI,0.0,HA
2571,7711,35,JAWA TIMUR,3571,KOTA KEDIRI,2025-07,2025,JAGUNG,0.0,HA
2571,7712,35,JAWA TIMUR,3571,KOTA KEDIRI,2025-07,2025,KEDELAI,0.0,HA
2571,7713,35,JAWA TIMUR,3571,KOTA KEDIRI,2025-07,2025,PADI,0.0,HA
2576,7726,35,JAWA TIMUR,3572,KOTA BLITAR,2025-07,2025,JAGUNG,0.0,HA
2576,7727,35,JAWA TIMUR,3572,KOTA BLITAR,2025-07,2025,KEDELAI,0.0,HA
2576,7728,35,JAWA TIMUR,3572,KOTA BLITAR,2025-07,2025,PADI,0.0,HA
2577,7729,35,JAWA TIMUR,3573,KOTA MALANG,2025-07,2025,JAGUNG,0.0,HA
2577,7730,35,JAWA TIMUR,3573,KOTA MALANG,2025-07,2025,KEDELAI,0.0,HA
2577,7731,35,JAWA TIMUR,3573,KOTA MALANG,2025-07,2025,PADI,0.0,HA
2572,7714,35,JAWA TIMUR,3574,KOTA PROBOLINGGO,2025-07,2025,JAGUNG,0.0,HA
2572,7715,35,JAWA TIMUR,3574,KOTA PROBOLINGGO,2025-07,2025,KEDELAI,0.0,HA
2572,7716,35,JAWA TIMUR,3574,KOTA PROBOLINGGO,2025-07,2025,PADI,0.0,HA
2573,7717,35,JAWA TIMUR,3575,KOTA PASURUAN,2025-07,2025,JAGUNG,0.0,HA
2573,7718,35,JAWA TIMUR,3575,KOTA PASURUAN,2025-07,2025,KEDELAI,0.0,HA
2573,7719,35,JAWA TIMUR,3575,KOTA PASURUAN,2025-07,2025,PADI,0.0,HA
2578,7732,35,JAWA TIMUR,3576,KOTA MOJOKERTO,2025-07,2025,JAGUNG,0.0,HA
2578,7733,35,JAWA TIMUR,3576,KOTA MOJOKERTO,2025-07,2025,KEDELAI,0.0,HA
2578,7734,35,JAWA TIMUR,3576,KOTA MOJOKERTO,2025-07,2025,PADI,0.0,HA
2574,7720,35,JAWA TIMUR,3577,KOTA MADIUN,2025-07,2025,JAGUNG,0.0,HA
2574,7721,35,JAWA TIMUR,3577,KOTA MADIUN,2025-07,2025,KEDELAI,0.0,HA
2574,7722,35,JAWA TIMUR,3577,KOTA MADIUN,2025-07,2025,PADI,0.0,HA
2579,7735,35,JAWA TIMUR,3578,KOTA SURABAYA,2025-07,2025,JAGUNG,0.0,HA
2579,7736,35,JAWA TIMUR,3578,KOTA SURABAYA,2025-07,2025,KEDELAI,0.0,HA
2579,7737,35,JAWA TIMUR,3578,KOTA SURABAYA,2025-07,2025,PADI,0.0,HA
2575,7723,35,JAWA TIMUR,3579,KOTA BATU,2025-07,2025,JAGUNG,0.0,HA
2575,7724,35,JAWA TIMUR,3579,KOTA BATU,2025-07,2025,KEDELAI,0.0,HA
2575,7725,35,JAWA TIMUR,3579,KOTA BATU,2025-07,2025,PADI,0.0,HA
2580,7738,35,JAWA TIMUR,3501,KABUPATEN PACITAN,2025-08,2025,JAGUNG,0.0,HA
2580,7739,35,JAWA TIMUR,3501,KABUPATEN PACITAN,2025-08,2025,KEDELAI,0.0,HA
2580,7740,35,JAWA TIMUR,3501,KABUPATEN PACITAN,2025-08,2025,PADI,0.0,HA
2581,7741,35,JAWA TIMUR,3502,KABUPATEN PONOROGO,2025-08,2025,JAGUNG,0.0,HA
2581,7742,35,JAWA TIMUR,3502,KABUPATEN PONOROGO,2025-08,2025,KEDELAI,0.0,HA
2581,7743,35,JAWA TIMUR,3502,KABUPATEN PONOROGO,2025-08,2025,PADI,0.0,HA
2582,7744,35,JAWA TIMUR,3503,KABUPATEN TRENGGALEK,2025-08,2025,JAGUNG,0.0,HA
2582,7745,35,JAWA TIMUR,3503,KABUPATEN TRENGGALEK,2025-08,2025,KEDELAI,0.0,HA
2582,7746,35,JAWA TIMUR,3503,KABUPATEN TRENGGALEK,2025-08,2025,PADI,0.0,HA
2583,7747,35,JAWA TIMUR,3504,KABUPATEN TULUNGAGUNG,2025-08,2025,JAGUNG,0.0,HA
2583,7748,35,JAWA TIMUR,3504,KABUPATEN TULUNGAGUNG,2025-08,2025,KEDELAI,0.0,HA
2583,7749,35,JAWA TIMUR,3504,KABUPATEN TULUNGAGUNG,2025-08,2025,PADI,0.0,HA
2584,7750,35,JAWA TIMUR,3505,KABUPATEN BLITAR,2025-08,2025,JAGUNG,0.0,HA
2584,7751,35,JAWA TIMUR,3505,KABUPATEN BLITAR,2025-08,2025,KEDELAI,0.0,HA
2584,7752,35,JAWA TIMUR,3505,KABUPATEN BLITAR,2025-08,2025,PADI,0.0,HA
2585,7753,35,JAWA TIMUR,3506,KABUPATEN KEDIRI,2025-08,2025,JAGUNG,0.0,HA
2585,7754,35,JAWA TIMUR,3506,KABUPATEN KEDIRI,2025-08,2025,KEDELAI,0.0,HA
2585,7755,35,JAWA TIMUR,3506,KABUPATEN KEDIRI,2025-08,2025,PADI,0.0,HA
2586,7756,35,JAWA TIMUR,3507,KABUPATEN MALANG,2025-08,2025,JAGUNG,0.0,HA
2586,7757,35,JAWA TIMUR,3507,KABUPATEN MALANG,2025-08,2025,KEDELAI,0.0,HA
2586,7758,35,JAWA TIMUR,3507,KABUPATEN MALANG,2025-08,2025,PADI,0.0,HA
2587,7759,35,JAWA TIMUR,3508,KABUPATEN LUMAJANG,2025-08,2025,JAGUNG,0.0,HA
2587,7760,35,JAWA TIMUR,3508,KABUPATEN LUMAJANG,2025-08,2025,KEDELAI,0.0,HA
2587,7761,35,JAWA TIMUR,3508,KABUPATEN LUMAJANG,2025-08,2025,PADI,0.0,HA
2588,7762,35,JAWA TIMUR,3509,KABUPATEN JEMBER,2025-08,2025,JAGUNG,0.0,HA
2588,7763,35,JAWA TIMUR,3509,KABUPATEN JEMBER,2025-08,2025,KEDELAI,0.0,HA
2588,7764,35,JAWA TIMUR,3509,KABUPATEN JEMBER,2025-08,2025,PADI,0.0,HA
2589,7765,35,JAWA TIMUR,3510,KABUPATEN BANYUWANGI,2025-08,2025,JAGUNG,0.0,HA
2589,7766,35,JAWA TIMUR,3510,KABUPATEN BANYUWANGI,2025-08,2025,KEDELAI,0.0,HA
2589,7767,35,JAWA TIMUR,3510,KABUPATEN BANYUWANGI,2025-08,2025,PADI,0.0,HA
2590,7768,35,JAWA TIMUR,3511,KABUPATEN BONDOWOSO,2025-08,2025,JAGUNG,0.0,HA
2590,7769,35,JAWA TIMUR,3511,KABUPATEN BONDOWOSO,2025-08,2025,KEDELAI,0.0,HA
2590,7770,35,JAWA TIMUR,3511,KABUPATEN BONDOWOSO,2025-08,2025,PADI,0.0,HA
2591,7771,35,JAWA TIMUR,3512,KABUPATEN SITUBONDO,2025-08,2025,JAGUNG,0.0,HA
2591,7772,35,JAWA TIMUR,3512,KABUPATEN SITUBONDO,2025-08,2025,KEDELAI,0.0,HA
2591,7773,35,JAWA TIMUR,3512,KABUPATEN SITUBONDO,2025-08,2025,PADI,0.0,HA
2592,7774,35,JAWA TIMUR,3513,KABUPATEN PROBOLINGGO,2025-08,2025,JAGUNG,0.0,HA
2592,7775,35,JAWA TIMUR,3513,KABUPATEN PROBOLINGGO,2025-08,2025,KEDELAI,0.0,HA
2592,7776,35,JAWA TIMUR,3513,KABUPATEN PROBOLINGGO,2025-08,2025,PADI,0.0,HA
2593,7777,35,JAWA TIMUR,3514,KABUPATEN PASURUAN,2025-08,2025,JAGUNG,0.0,HA
2593,7778,35,JAWA TIMUR,3514,KABUPATEN PASURUAN,2025-08,2025,KEDELAI,0.0,HA
2593,7779,35,JAWA TIMUR,3514,KABUPATEN PASURUAN,2025-08,2025,PADI,0.0,HA
2594,7780,35,JAWA TIMUR,3515,KABUPATEN SIDOARJO,2025-08,2025,JAGUNG,0.0,HA
2594,7781,35,JAWA TIMUR,3515,KABUPATEN SIDOARJO,2025-08,2025,KEDELAI,0.0,HA
2594,7782,35,JAWA TIMUR,3515,KABUPATEN SIDOARJO,2025-08,2025,PADI,0.0,HA
2595,7783,35,JAWA TIMUR,3516,KABUPATEN MOJOKERTO,2025-08,2025,JAGUNG,0.0,HA
2595,7784,35,JAWA TIMUR,3516,KABUPATEN MOJOKERTO,2025-08,2025,KEDELAI,0.0,HA
2595,7785,35,JAWA TIMUR,3516,KABUPATEN MOJOKERTO,2025-08,2025,PADI,0.0,HA
2596,7786,35,JAWA TIMUR,3517,KABUPATEN JOMBANG,2025-08,2025,JAGUNG,0.0,HA
2596,7787,35,JAWA TIMUR,3517,KABUPATEN JOMBANG,2025-08,2025,KEDELAI,0.0,HA
2596,7788,35,JAWA TIMUR,3517,KABUPATEN JOMBANG,2025-08,2025,PADI,0.0,HA
2597,7789,35,JAWA TIMUR,3518,KABUPATEN NGANJUK,2025-08,2025,JAGUNG,0.0,HA
2597,7790,35,JAWA TIMUR,3518,KABUPATEN NGANJUK,2025-08,2025,KEDELAI,0.0,HA
2597,7791,35,JAWA TIMUR,3518,KABUPATEN NGANJUK,2025-08,2025,PADI,0.0,HA
2598,7792,35,JAWA TIMUR,3519,KABUPATEN MADIUN,2025-08,2025,JAGUNG,0.0,HA
2598,7793,35,JAWA TIMUR,3519,KABUPATEN MADIUN,2025-08,2025,KEDELAI,0.0,HA
2598,7794,35,JAWA TIMUR,3519,KABUPATEN MADIUN,2025-08,2025,PADI,0.0,HA
2599,7795,35,JAWA TIMUR,3520,KABUPATEN MAGETAN,2025-08,2025,JAGUNG,0.0,HA
2599,7796,35,JAWA TIMUR,3520,KABUPATEN MAGETAN,2025-08,2025,KEDELAI,0.0,HA
2599,7797,35,JAWA TIMUR,3520,KABUPATEN MAGETAN,2025-08,2025,PADI,0.0,HA
2600,7798,35,JAWA TIMUR,3521,KABUPATEN NGAWI,2025-08,2025,JAGUNG,0.0,HA
2600,7799,35,JAWA TIMUR,3521,KABUPATEN NGAWI,2025-08,2025,KEDELAI,0.0,HA
2600,7800,35,JAWA TIMUR,3521,KABUPATEN NGAWI,2025-08,2025,PADI,0.0,HA
2601,7801,35,JAWA TIMUR,3522,KABUPATEN BOJONEGORO,2025-08,2025,JAGUNG,0.0,HA
2601,7802,35,JAWA TIMUR,3522,KABUPATEN BOJONEGORO,2025-08,2025,KEDELAI,0.0,HA
2601,7803,35,JAWA TIMUR,3522,KABUPATEN BOJONEGORO,2025-08,2025,PADI,0.0,HA
2602,7804,35,JAWA TIMUR,3523,KABUPATEN TUBAN,2025-08,2025,JAGUNG,0.0,HA
2602,7805,35,JAWA TIMUR,3523,KABUPATEN TUBAN,2025-08,2025,KEDELAI,0.0,HA
2602,7806,35,JAWA TIMUR,3523,KABUPATEN TUBAN,2025-08,2025,PADI,0.0,HA
2603,7807,35,JAWA TIMUR,3524,KABUPATEN LAMONGAN,2025-08,2025,JAGUNG,0.0,HA
2603,7808,35,JAWA TIMUR,3524,KABUPATEN LAMONGAN,2025-08,2025,KEDELAI,0.0,HA
2603,7809,35,JAWA TIMUR,3524,KABUPATEN LAMONGAN,2025-08,2025,PADI,0.0,HA
2604,7810,35,JAWA TIMUR,3525,KABUPATEN GRESIK,2025-08,2025,JAGUNG,0.0,HA
2604,7811,35,JAWA TIMUR,3525,KABUPATEN GRESIK,2025-08,2025,KEDELAI,0.0,HA
2604,7812,35,JAWA TIMUR,3525,KABUPATEN GRESIK,2025-08,2025,PADI,0.0,HA
2605,7813,35,JAWA TIMUR,3526,KABUPATEN BANGKALAN,2025-08,2025,JAGUNG,0.0,HA
2605,7814,35,JAWA TIMUR,3526,KABUPATEN BANGKALAN,2025-08,2025,KEDELAI,0.0,HA
2605,7815,35,JAWA TIMUR,3526,KABUPATEN BANGKALAN,2025-08,2025,PADI,0.0,HA
2606,7816,35,JAWA TIMUR,3527,KABUPATEN SAMPANG,2025-08,2025,JAGUNG,0.0,HA
2606,7817,35,JAWA TIMUR,3527,KABUPATEN SAMPANG,2025-08,2025,KEDELAI,0.0,HA
2606,7818,35,JAWA TIMUR,3527,KABUPATEN SAMPANG,2025-08,2025,PADI,0.0,HA
2607,7819,35,JAWA TIMUR,3528,KABUPATEN PAMEKASAN,2025-08,2025,JAGUNG,0.0,HA
2607,7820,35,JAWA TIMUR,3528,KABUPATEN PAMEKASAN,2025-08,2025,KEDELAI,0.0,HA
2607,7821,35,JAWA TIMUR,3528,KABUPATEN PAMEKASAN,2025-08,2025,PADI,0.0,HA
2608,7822,35,JAWA TIMUR,3529,KABUPATEN SUMENEP,2025-08,2025,JAGUNG,0.0,HA
2608,7823,35,JAWA TIMUR,3529,KABUPATEN SUMENEP,2025-08,2025,KEDELAI,0.0,HA
2608,7824,35,JAWA TIMUR,3529,KABUPATEN SUMENEP,2025-08,2025,PADI,0.0,HA
2609,7825,35,JAWA TIMUR,3571,KOTA KEDIRI,2025-08,2025,JAGUNG,0.0,HA
2609,7826,35,JAWA TIMUR,3571,KOTA KEDIRI,2025-08,2025,KEDELAI,0.0,HA
2609,7827,35,JAWA TIMUR,3571,KOTA KEDIRI,2025-08,2025,PADI,0.0,HA
2614,7840,35,JAWA TIMUR,3572,KOTA BLITAR,2025-08,2025,JAGUNG,0.0,HA
2614,7841,35,JAWA TIMUR,3572,KOTA BLITAR,2025-08,2025,KEDELAI,0.0,HA
2614,7842,35,JAWA TIMUR,3572,KOTA BLITAR,2025-08,2025,PADI,0.0,HA
2615,7843,35,JAWA TIMUR,3573,KOTA MALANG,2025-08,2025,JAGUNG,0.0,HA
2615,7844,35,JAWA TIMUR,3573,KOTA MALANG,2025-08,2025,KEDELAI,0.0,HA
2615,7845,35,JAWA TIMUR,3573,KOTA MALANG,2025-08,2025,PADI,0.0,HA
2610,7828,35,JAWA TIMUR,3574,KOTA PROBOLINGGO,2025-08,2025,JAGUNG,0.0,HA
2610,7829,35,JAWA TIMUR,3574,KOTA PROBOLINGGO,2025-08,2025,KEDELAI,0.0,HA
2610,7830,35,JAWA TIMUR,3574,KOTA PROBOLINGGO,2025-08,2025,PADI,0.0,HA
2611,7831,35,JAWA TIMUR,3575,KOTA PASURUAN,2025-08,2025,JAGUNG,0.0,HA
2611,7832,35,JAWA TIMUR,3575,KOTA PASURUAN,2025-08,2025,KEDELAI,0.0,HA
2611,7833,35,JAWA TIMUR,3575,KOTA PASURUAN,2025-08,2025,PADI,0.0,HA
2616,7846,35,JAWA TIMUR,3576,KOTA MOJOKERTO,2025-08,2025,JAGUNG,0.0,HA
2616,7847,35,JAWA TIMUR,3576,KOTA MOJOKERTO,2025-08,2025,KEDELAI,0.0,HA
2616,7848,35,JAWA TIMUR,3576,KOTA MOJOKERTO,2025-08,2025,PADI,0.0,HA
2612,7834,35,JAWA TIMUR,3577,KOTA MADIUN,2025-08,2025,JAGUNG,0.0,HA
2612,7835,35,JAWA TIMUR,3577,KOTA MADIUN,2025-08,2025,KEDELAI,0.0,HA
2612,7836,35,JAWA TIMUR,3577,KOTA MADIUN,2025-08,2025,PADI,0.0,HA
2617,7849,35,JAWA TIMUR,3578,KOTA SURABAYA,2025-08,2025,JAGUNG,0.0,HA
2617,7850,35,JAWA TIMUR,3578,KOTA SURABAYA,2025-08,2025,KEDELAI,0.0,HA
2617,7851,35,JAWA TIMUR,3578,KOTA SURABAYA,2025-08,2025,PADI,0.0,HA
2613,7837,35,JAWA TIMUR,3579,KOTA BATU,2025-08,2025,JAGUNG,0.0,HA
2613,7838,35,JAWA TIMUR,3579,KOTA BATU,2025-08,2025,KEDELAI,0.0,HA
2613,7839,35,JAWA TIMUR,3579,KOTA BATU,2025-08,2025,PADI,0.0,HA
2618,7852,35,JAWA TIMUR,3501,KABUPATEN PACITAN,2025-09,2025,JAGUNG,0.0,HA
2618,7853,35,JAWA TIMUR,3501,KABUPATEN PACITAN,2025-09,2025,KEDELAI,0.0,HA
2618,7854,35,JAWA TIMUR,3501,KABUPATEN PACITAN,2025-09,2025,PADI,0.0,HA
2619,7855,35,JAWA TIMUR,3502,KABUPATEN PONOROGO,2025-09,2025,JAGUNG,0.0,HA
2619,7856,35,JAWA TIMUR,3502,KABUPATEN PONOROGO,2025-09,2025,KEDELAI,0.0,HA
2619,7857,35,JAWA TIMUR,3502,KABUPATEN PONOROGO,2025-09,2025,PADI,0.0,HA
2620,7858,35,JAWA TIMUR,3503,KABUPATEN TRENGGALEK,2025-09,2025,JAGUNG,0.0,HA
2620,7859,35,JAWA TIMUR,3503,KABUPATEN TRENGGALEK,2025-09,2025,KEDELAI,0.0,HA
2620,7860,35,JAWA TIMUR,3503,KABUPATEN TRENGGALEK,2025-09,2025,PADI,0.0,HA
2621,7861,35,JAWA TIMUR,3504,KABUPATEN TULUNGAGUNG,2025-09,2025,JAGUNG,0.0,HA
2621,7862,35,JAWA TIMUR,3504,KABUPATEN TULUNGAGUNG,2025-09,2025,KEDELAI,0.0,HA
2621,7863,35,JAWA TIMUR,3504,KABUPATEN TULUNGAGUNG,2025-09,2025,PADI,0.0,HA
2622,7864,35,JAWA TIMUR,3505,KABUPATEN BLITAR,2025-09,2025,JAGUNG,0.0,HA
2622,7865,35,JAWA TIMUR,3505,KABUPATEN BLITAR,2025-09,2025,KEDELAI,0.0,HA
2622,7866,35,JAWA TIMUR,3505,KABUPATEN BLITAR,2025-09,2025,PADI,0.0,HA
2623,7867,35,JAWA TIMUR,3506,KABUPATEN KEDIRI,2025-09,2025,JAGUNG,0.0,HA
2623,7868,35,JAWA TIMUR,3506,KABUPATEN KEDIRI,2025-09,2025,KEDELAI,0.0,HA
2623,7869,35,JAWA TIMUR,3506,KABUPATEN KEDIRI,2025-09,2025,PADI,0.0,HA
2624,7870,35,JAWA TIMUR,3507,KABUPATEN MALANG,2025-09,2025,JAGUNG,0.0,HA
2624,7871,35,JAWA TIMUR,3507,KABUPATEN MALANG,2025-09,2025,KEDELAI,0.0,HA
2624,7872,35,JAWA TIMUR,3507,KABUPATEN MALANG,2025-09,2025,PADI,0.0,HA
2625,7873,35,JAWA TIMUR,3508,KABUPATEN LUMAJANG,2025-09,2025,JAGUNG,0.0,HA
2625,7874,35,JAWA TIMUR,3508,KABUPATEN LUMAJANG,2025-09,2025,KEDELAI,0.0,HA
2625,7875,35,JAWA TIMUR,3508,KABUPATEN LUMAJANG,2025-09,2025,PADI,0.0,HA
2626,7876,35,JAWA TIMUR,3509,KABUPATEN JEMBER,2025-09,2025,JAGUNG,0.0,HA
2626,7877,35,JAWA TIMUR,3509,KABUPATEN JEMBER,2025-09,2025,KEDELAI,0.0,HA
2626,7878,35,JAWA TIMUR,3509,KABUPATEN JEMBER,2025-09,2025,PADI,0.0,HA
2627,7879,35,JAWA TIMUR,3510,KABUPATEN BANYUWANGI,2025-09,2025,JAGUNG,0.0,HA
2627,7880,35,JAWA TIMUR,3510,KABUPATEN BANYUWANGI,2025-09,2025,KEDELAI,0.0,HA
2627,7881,35,JAWA TIMUR,3510,KABUPATEN BANYUWANGI,2025-09,2025,PADI,0.0,HA
2628,7882,35,JAWA TIMUR,3511,KABUPATEN BONDOWOSO,2025-09,2025,JAGUNG,0.0,HA
2628,7883,35,JAWA TIMUR,3511,KABUPATEN BONDOWOSO,2025-09,2025,KEDELAI,0.0,HA
2628,7884,35,JAWA TIMUR,3511,KABUPATEN BONDOWOSO,2025-09,2025,PADI,0.0,HA
2629,7885,35,JAWA TIMUR,3512,KABUPATEN SITUBONDO,2025-09,2025,JAGUNG,0.0,HA
2629,7886,35,JAWA TIMUR,3512,KABUPATEN SITUBONDO,2025-09,2025,KEDELAI,0.0,HA
2629,7887,35,JAWA TIMUR,3512,KABUPATEN SITUBONDO,2025-09,2025,PADI,0.0,HA
2630,7888,35,JAWA TIMUR,3513,KABUPATEN PROBOLINGGO,2025-09,2025,JAGUNG,0.0,HA
2630,7889,35,JAWA TIMUR,3513,KABUPATEN PROBOLINGGO,2025-09,2025,KEDELAI,0.0,HA
2630,7890,35,JAWA TIMUR,3513,KABUPATEN PROBOLINGGO,2025-09,2025,PADI,0.0,HA
2631,7891,35,JAWA TIMUR,3514,KABUPATEN PASURUAN,2025-09,2025,JAGUNG,0.0,HA
2631,7892,35,JAWA TIMUR,3514,KABUPATEN PASURUAN,2025-09,2025,KEDELAI,0.0,HA
2631,7893,35,JAWA TIMUR,3514,KABUPATEN PASURUAN,2025-09,2025,PADI,0.0,HA
2632,7894,35,JAWA TIMUR,3515,KABUPATEN SIDOARJO,2025-09,2025,JAGUNG,0.0,HA
2632,7895,35,JAWA TIMUR,3515,KABUPATEN SIDOARJO,2025-09,2025,KEDELAI,0.0,HA
2632,7896,35,JAWA TIMUR,3515,KABUPATEN SIDOARJO,2025-09,2025,PADI,0.0,HA
2633,7897,35,JAWA TIMUR,3516,KABUPATEN MOJOKERTO,2025-09,2025,JAGUNG,0.0,HA
2633,7898,35,JAWA TIMUR,3516,KABUPATEN MOJOKERTO,2025-09,2025,KEDELAI,0.0,HA
2633,7899,35,JAWA TIMUR,3516,KABUPATEN MOJOKERTO,2025-09,2025,PADI,0.0,HA
2634,7900,35,JAWA TIMUR,3517,KABUPATEN JOMBANG,2025-09,2025,JAGUNG,0.0,HA
2634,7901,35,JAWA TIMUR,3517,KABUPATEN JOMBANG,2025-09,2025,KEDELAI,0.0,HA
2634,7902,35,JAWA TIMUR,3517,KABUPATEN JOMBANG,2025-09,2025,PADI,0.0,HA
2635,7903,35,JAWA TIMUR,3518,KABUPATEN NGANJUK,2025-09,2025,JAGUNG,0.0,HA
2635,7904,35,JAWA TIMUR,3518,KABUPATEN NGANJUK,2025-09,2025,KEDELAI,0.0,HA
2635,7905,35,JAWA TIMUR,3518,KABUPATEN NGANJUK,2025-09,2025,PADI,0.0,HA
2636,7906,35,JAWA TIMUR,3519,KABUPATEN MADIUN,2025-09,2025,JAGUNG,0.0,HA
2636,7907,35,JAWA TIMUR,3519,KABUPATEN MADIUN,2025-09,2025,KEDELAI,0.0,HA
2636,7908,35,JAWA TIMUR,3519,KABUPATEN MADIUN,2025-09,2025,PADI,0.0,HA
2637,7909,35,JAWA TIMUR,3520,KABUPATEN MAGETAN,2025-09,2025,JAGUNG,0.0,HA
2637,7910,35,JAWA TIMUR,3520,KABUPATEN MAGETAN,2025-09,2025,KEDELAI,0.0,HA
2637,7911,35,JAWA TIMUR,3520,KABUPATEN MAGETAN,2025-09,2025,PADI,0.0,HA
2638,7912,35,JAWA TIMUR,3521,KABUPATEN NGAWI,2025-09,2025,JAGUNG,0.0,HA
2638,7913,35,JAWA TIMUR,3521,KABUPATEN NGAWI,2025-09,2025,KEDELAI,0.0,HA
2638,7914,35,JAWA TIMUR,3521,KABUPATEN NGAWI,2025-09,2025,PADI,0.0,HA
2639,7915,35,JAWA TIMUR,3522,KABUPATEN BOJONEGORO,2025-09,2025,JAGUNG,0.0,HA
2639,7916,35,JAWA TIMUR,3522,KABUPATEN BOJONEGORO,2025-09,2025,KEDELAI,0.0,HA
2639,7917,35,JAWA TIMUR,3522,KABUPATEN BOJONEGORO,2025-09,2025,PADI,31.0,HA
2640,7918,35,JAWA TIMUR,3523,KABUPATEN TUBAN,2025-09,2025,JAGUNG,0.0,HA
2640,7919,35,JAWA TIMUR,3523,KABUPATEN TUBAN,2025-09,2025,KEDELAI,0.0,HA
2640,7920,35,JAWA TIMUR,3523,KABUPATEN TUBAN,2025-09,2025,PADI,0.0,HA
2641,7921,35,JAWA TIMUR,3524,KABUPATEN LAMONGAN,2025-09,2025,JAGUNG,0.0,HA
2641,7922,35,JAWA TIMUR,3524,KABUPATEN LAMONGAN,2025-09,2025,KEDELAI,0.0,HA
2641,7923,35,JAWA TIMUR,3524,KABUPATEN LAMONGAN,2025-09,2025,PADI,0.0,HA
2642,7924,35,JAWA TIMUR,3525,KABUPATEN GRESIK,2025-09,2025,JAGUNG,0.0,HA
2642,7925,35,JAWA TIMUR,3525,KABUPATEN GRESIK,2025-09,2025,KEDELAI,0.0,HA
2642,7926,35,JAWA TIMUR,3525,KABUPATEN GRESIK,2025-09,2025,PADI,3.0,HA
2643,7927,35,JAWA TIMUR,3526,KABUPATEN BANGKALAN,2025-09,2025,JAGUNG,0.0,HA
2643,7928,35,JAWA TIMUR,3526,KABUPATEN BANGKALAN,2025-09,2025,KEDELAI,0.0,HA
2643,7929,35,JAWA TIMUR,3526,KABUPATEN BANGKALAN,2025-09,2025,PADI,0.0,HA
2644,7930,35,JAWA TIMUR,3527,KABUPATEN SAMPANG,2025-09,2025,JAGUNG,0.0,HA
2644,7931,35,JAWA TIMUR,3527,KABUPATEN SAMPANG,2025-09,2025,KEDELAI,0.0,HA
2644,7932,35,JAWA TIMUR,3527,KABUPATEN SAMPANG,2025-09,2025,PADI,0.0,HA
2645,7933,35,JAWA TIMUR,3528,KABUPATEN PAMEKASAN,2025-09,2025,JAGUNG,0.0,HA
2645,7934,35,JAWA TIMUR,3528,KABUPATEN PAMEKASAN,2025-09,2025,KEDELAI,0.0,HA
2645,7935,35,JAWA TIMUR,3528,KABUPATEN PAMEKASAN,2025-09,2025,PADI,0.0,HA
2646,7936,35,JAWA TIMUR,3529,KABUPATEN SUMENEP,2025-09,2025,JAGUNG,0.0,HA
2646,7937,35,JAWA TIMUR,3529,KABUPATEN SUMENEP,2025-09,2025,KEDELAI,0.0,HA
2646,7938,35,JAWA TIMUR,3529,KABUPATEN SUMENEP,2025-09,2025,PADI,0.0,HA
2647,7939,35,JAWA TIMUR,3571,KOTA KEDIRI,2025-09,2025,JAGUNG,0.0,HA
2647,7940,35,JAWA TIMUR,3571,KOTA KEDIRI,2025-09,2025,KEDELAI,0.0,HA
2647,7941,35,JAWA TIMUR,3571,KOTA KEDIRI,2025-09,2025,PADI,0.0,HA
2652,7954,35,JAWA TIMUR,3572,KOTA BLITAR,2025-09,2025,JAGUNG,0.0,HA
2652,7955,35,JAWA TIMUR,3572,KOTA BLITAR,2025-09,2025,KEDELAI,0.0,HA
2652,7956,35,JAWA TIMUR,3572,KOTA BLITAR,2025-09,2025,PADI,0.0,HA
2653,7957,35,JAWA TIMUR,3573,KOTA MALANG,2025-09,2025,JAGUNG,0.0,HA
2653,7958,35,JAWA TIMUR,3573,KOTA MALANG,2025-09,2025,KEDELAI,0.0,HA
2653,7959,35,JAWA TIMUR,3573,KOTA MALANG,2025-09,2025,PADI,0.0,HA
2648,7942,35,JAWA TIMUR,3574,KOTA PROBOLINGGO,2025-09,2025,JAGUNG,0.0,HA
2648,7943,35,JAWA TIMUR,3574,KOTA PROBOLINGGO,2025-09,2025,KEDELAI,0.0,HA
2648,7944,35,JAWA TIMUR,3574,KOTA PROBOLINGGO,2025-09,2025,PADI,0.0,HA
2649,7945,35,JAWA TIMUR,3575,KOTA PASURUAN,2025-09,2025,JAGUNG,0.0,HA
2649,7946,35,JAWA TIMUR,3575,KOTA PASURUAN,2025-09,2025,KEDELAI,0.0,HA
2649,7947,35,JAWA TIMUR,3575,KOTA PASURUAN,2025-09,2025,PADI,0.0,HA
2654,7960,35,JAWA TIMUR,3576,KOTA MOJOKERTO,2025-09,2025,JAGUNG,0.0,HA
2654,7961,35,JAWA TIMUR,3576,KOTA MOJOKERTO,2025-09,2025,KEDELAI,0.0,HA
2654,7962,35,JAWA TIMUR,3576,KOTA MOJOKERTO,2025-09,2025,PADI,0.0,HA
2650,7948,35,JAWA TIMUR,3577,KOTA MADIUN,2025-09,2025,JAGUNG,0.0,HA
2650,7949,35,JAWA TIMUR,3577,KOTA MADIUN,2025-09,2025,KEDELAI,0.0,HA
2650,7950,35,JAWA TIMUR,3577,KOTA MADIUN,2025-09,2025,PADI,0.0,HA
2655,7963,35,JAWA TIMUR,3578,KOTA SURABAYA,2025-09,2025,JAGUNG,0.0,HA
2655,7964,35,JAWA TIMUR,3578,KOTA SURABAYA,2025-09,2025,KEDELAI,0.0,HA
2655,7965,35,JAWA TIMUR,3578,KOTA SURABAYA,2025-09,2025,PADI,0.0,HA
2651,7951,35,JAWA TIMUR,3579,KOTA BATU,2025-09,2025,JAGUNG,0.0,HA
2651,7952,35,JAWA TIMUR,3579,KOTA BATU,2025-09,2025,KEDELAI,0.0,HA
2651,7953,35,JAWA TIMUR,3579,KOTA BATU,2025-09,2025,PADI,0.0,HA
2656,7966,35,JAWA TIMUR,3501,KABUPATEN PACITAN,2025-10,2025,JAGUNG,0.0,HA
2656,7967,35,JAWA TIMUR,3501,KABUPATEN PACITAN,2025-10,2025,KEDELAI,0.0,HA
2656,7968,35,JAWA TIMUR,3501,KABUPATEN PACITAN,2025-10,2025,PADI,0.0,HA
2657,7969,35,JAWA TIMUR,3502,KABUPATEN PONOROGO,2025-10,2025,JAGUNG,0.0,HA
2657,7970,35,JAWA TIMUR,3502,KABUPATEN PONOROGO,2025-10,2025,KEDELAI,0.0,HA
2657,7971,35,JAWA TIMUR,3502,KABUPATEN PONOROGO,2025-10,2025,PADI,0.0,HA
2658,7972,35,JAWA TIMUR,3503,KABUPATEN TRENGGALEK,2025-10,2025,JAGUNG,0.0,HA
2658,7973,35,JAWA TIMUR,3503,KABUPATEN TRENGGALEK,2025-10,2025,KEDELAI,0.0,HA
2658,7974,35,JAWA TIMUR,3503,KABUPATEN TRENGGALEK,2025-10,2025,PADI,0.0,HA
2659,7975,35,JAWA TIMUR,3504,KABUPATEN TULUNGAGUNG,2025-10,2025,JAGUNG,0.0,HA
2659,7976,35,JAWA TIMUR,3504,KABUPATEN TULUNGAGUNG,2025-10,2025,KEDELAI,0.0,HA
2659,7977,35,JAWA TIMUR,3504,KABUPATEN TULUNGAGUNG,2025-10,2025,PADI,0.0,HA
2660,7978,35,JAWA TIMUR,3505,KABUPATEN BLITAR,2025-10,2025,JAGUNG,0.0,HA
2660,7979,35,JAWA TIMUR,3505,KABUPATEN BLITAR,2025-10,2025,KEDELAI,0.0,HA
2660,7980,35,JAWA TIMUR,3505,KABUPATEN BLITAR,2025-10,2025,PADI,0.0,HA
2661,7981,35,JAWA TIMUR,3506,KABUPATEN KEDIRI,2025-10,2025,JAGUNG,0.0,HA
2661,7982,35,JAWA TIMUR,3506,KABUPATEN KEDIRI,2025-10,2025,KEDELAI,0.0,HA
2661,7983,35,JAWA TIMUR,3506,KABUPATEN KEDIRI,2025-10,2025,PADI,0.0,HA
2662,7984,35,JAWA TIMUR,3507,KABUPATEN MALANG,2025-10,2025,JAGUNG,0.0,HA
2662,7985,35,JAWA TIMUR,3507,KABUPATEN MALANG,2025-10,2025,KEDELAI,0.0,HA
2662,7986,35,JAWA TIMUR,3507,KABUPATEN MALANG,2025-10,2025,PADI,0.0,HA
2663,7987,35,JAWA TIMUR,3508,KABUPATEN LUMAJANG,2025-10,2025,JAGUNG,0.0,HA
2663,7988,35,JAWA TIMUR,3508,KABUPATEN LUMAJANG,2025-10,2025,KEDELAI,0.0,HA
2663,7989,35,JAWA TIMUR,3508,KABUPATEN LUMAJANG,2025-10,2025,PADI,0.0,HA
2664,7990,35,JAWA TIMUR,3509,KABUPATEN JEMBER,2025-10,2025,JAGUNG,0.0,HA
2664,7991,35,JAWA TIMUR,3509,KABUPATEN JEMBER,2025-10,2025,KEDELAI,0.0,HA
2664,7992,35,JAWA TIMUR,3509,KABUPATEN JEMBER,2025-10,2025,PADI,0.0,HA
2665,7993,35,JAWA TIMUR,3510,KABUPATEN BANYUWANGI,2025-10,2025,JAGUNG,0.0,HA
2665,7994,35,JAWA TIMUR,3510,KABUPATEN BANYUWANGI,2025-10,2025,KEDELAI,0.0,HA
2665,7995,35,JAWA TIMUR,3510,KABUPATEN BANYUWANGI,2025-10,2025,PADI,3.25,HA
2666,7996,35,JAWA TIMUR,3511,KABUPATEN BONDOWOSO,2025-10,2025,JAGUNG,0.0,HA
2666,7997,35,JAWA TIMUR,3511,KABUPATEN BONDOWOSO,2025-10,2025,KEDELAI,0.0,HA
2666,7998,35,JAWA TIMUR,3511,KABUPATEN BONDOWOSO,2025-10,2025,PADI,0.0,HA
2667,7999,35,JAWA TIMUR,3512,KABUPATEN SITUBONDO,2025-10,2025,JAGUNG,0.0,HA
2667,8000,35,JAWA TIMUR,3512,KABUPATEN SITUBONDO,2025-10,2025,KEDELAI,0.0,HA
2667,8001,35,JAWA TIMUR,3512,KABUPATEN SITUBONDO,2025-10,2025,PADI,0.0,HA
2668,8002,35,JAWA TIMUR,3513,KABUPATEN PROBOLINGGO,2025-10,2025,JAGUNG,0.0,HA
2668,8003,35,JAWA TIMUR,3513,KABUPATEN PROBOLINGGO,2025-10,2025,KEDELAI,0.0,HA
2668,8004,35,JAWA TIMUR,3513,KABUPATEN PROBOLINGGO,2025-10,2025,PADI,0.0,HA
2669,8005,35,JAWA TIMUR,3514,KABUPATEN PASURUAN,2025-10,2025,JAGUNG,0.0,HA
2669,8006,35,JAWA TIMUR,3514,KABUPATEN PASURUAN,2025-10,2025,KEDELAI,0.0,HA
2669,8007,35,JAWA TIMUR,3514,KABUPATEN PASURUAN,2025-10,2025,PADI,0.0,HA
2670,8008,35,JAWA TIMUR,3515,KABUPATEN SIDOARJO,2025-10,2025,JAGUNG,0.0,HA
2670,8009,35,JAWA TIMUR,3515,KABUPATEN SIDOARJO,2025-10,2025,KEDELAI,0.0,HA
2670,8010,35,JAWA TIMUR,3515,KABUPATEN SIDOARJO,2025-10,2025,PADI,3.0,HA
2671,8011,35,JAWA TIMUR,3516,KABUPATEN MOJOKERTO,2025-10,2025,JAGUNG,0.0,HA
2671,8012,35,JAWA TIMUR,3516,KABUPATEN MOJOKERTO,2025-10,2025,KEDELAI,0.0,HA
2671,8013,35,JAWA TIMUR,3516,KABUPATEN MOJOKERTO,2025-10,2025,PADI,0.0,HA
2672,8014,35,JAWA TIMUR,3517,KABUPATEN JOMBANG,2025-10,2025,JAGUNG,0.0,HA
2672,8015,35,JAWA TIMUR,3517,KABUPATEN JOMBANG,2025-10,2025,KEDELAI,0.0,HA
2672,8016,35,JAWA TIMUR,3517,KABUPATEN JOMBANG,2025-10,2025,PADI,0.0,HA
2673,8017,35,JAWA TIMUR,3518,KABUPATEN NGANJUK,2025-10,2025,JAGUNG,0.0,HA
2673,8018,35,JAWA TIMUR,3518,KABUPATEN NGANJUK,2025-10,2025,KEDELAI,0.0,HA
2673,8019,35,JAWA TIMUR,3518,KABUPATEN NGANJUK,2025-10,2025,PADI,0.0,HA
2674,8020,35,JAWA TIMUR,3519,KABUPATEN MADIUN,2025-10,2025,JAGUNG,0.0,HA
2674,8021,35,JAWA TIMUR,3519,KABUPATEN MADIUN,2025-10,2025,KEDELAI,0.0,HA
2674,8022,35,JAWA TIMUR,3519,KABUPATEN MADIUN,2025-10,2025,PADI,0.0,HA
2675,8023,35,JAWA TIMUR,3520,KABUPATEN MAGETAN,2025-10,2025,JAGUNG,0.0,HA
2675,8024,35,JAWA TIMUR,3520,KABUPATEN MAGETAN,2025-10,2025,KEDELAI,0.0,HA
2675,8025,35,JAWA TIMUR,3520,KABUPATEN MAGETAN,2025-10,2025,PADI,0.0,HA
2676,8026,35,JAWA TIMUR,3521,KABUPATEN NGAWI,2025-10,2025,JAGUNG,0.0,HA
2676,8027,35,JAWA TIMUR,3521,KABUPATEN NGAWI,2025-10,2025,KEDELAI,0.0,HA
2676,8028,35,JAWA TIMUR,3521,KABUPATEN NGAWI,2025-10,2025,PADI,0.0,HA
2677,8029,35,JAWA TIMUR,3522,KABUPATEN BOJONEGORO,2025-10,2025,JAGUNG,0.0,HA
2677,8030,35,JAWA TIMUR,3522,KABUPATEN BOJONEGORO,2025-10,2025,KEDELAI,0.0,HA
2677,8031,35,JAWA TIMUR,3522,KABUPATEN BOJONEGORO,2025-10,2025,PADI,0.0,HA
2678,8032,35,JAWA TIMUR,3523,KABUPATEN TUBAN,2025-10,2025,JAGUNG,0.0,HA
2678,8033,35,JAWA TIMUR,3523,KABUPATEN TUBAN,2025-10,2025,KEDELAI,0.0,HA
2678,8034,35,JAWA TIMUR,3523,KABUPATEN TUBAN,2025-10,2025,PADI,0.0,HA
2679,8035,35,JAWA TIMUR,3524,KABUPATEN LAMONGAN,2025-10,2025,JAGUNG,0.0,HA
2679,8036,35,JAWA TIMUR,3524,KABUPATEN LAMONGAN,2025-10,2025,KEDELAI,0.0,HA
2679,8037,35,JAWA TIMUR,3524,KABUPATEN LAMONGAN,2025-10,2025,PADI,0.0,HA
2680,8038,35,JAWA TIMUR,3525,KABUPATEN GRESIK,2025-10,2025,JAGUNG,0.0,HA
2680,8039,35,JAWA TIMUR,3525,KABUPATEN GRESIK,2025-10,2025,KEDELAI,0.0,HA
2680,8040,35,JAWA TIMUR,3525,KABUPATEN GRESIK,2025-10,2025,PADI,0.0,HA
2681,8041,35,JAWA TIMUR,3526,KABUPATEN BANGKALAN,2025-10,2025,JAGUNG,0.0,HA
2681,8042,35,JAWA TIMUR,3526,KABUPATEN BANGKALAN,2025-10,2025,KEDELAI,0.0,HA
2681,8043,35,JAWA TIMUR,3526,KABUPATEN BANGKALAN,2025-10,2025,PADI,0.0,HA
2682,8044,35,JAWA TIMUR,3527,KABUPATEN SAMPANG,2025-10,2025,JAGUNG,0.0,HA
2682,8045,35,JAWA TIMUR,3527,KABUPATEN SAMPANG,2025-10,2025,KEDELAI,0.0,HA
2682,8046,35,JAWA TIMUR,3527,KABUPATEN SAMPANG,2025-10,2025,PADI,0.0,HA
2683,8047,35,JAWA TIMUR,3528,KABUPATEN PAMEKASAN,2025-10,2025,JAGUNG,0.0,HA
2683,8048,35,JAWA TIMUR,3528,KABUPATEN PAMEKASAN,2025-10,2025,KEDELAI,0.0,HA
2683,8049,35,JAWA TIMUR,3528,KABUPATEN PAMEKASAN,2025-10,2025,PADI,0.0,HA
2684,8050,35,JAWA TIMUR,3529,KABUPATEN SUMENEP,2025-10,2025,JAGUNG,0.0,HA
2684,8051,35,JAWA TIMUR,3529,KABUPATEN SUMENEP,2025-10,2025,KEDELAI,0.0,HA
2684,8052,35,JAWA TIMUR,3529,KABUPATEN SUMENEP,2025-10,2025,PADI,0.0,HA
2685,8053,35,JAWA TIMUR,3571,KOTA KEDIRI,2025-10,2025,JAGUNG,0.0,HA
2685,8054,35,JAWA TIMUR,3571,KOTA KEDIRI,2025-10,2025,KEDELAI,0.0,HA
2685,8055,35,JAWA TIMUR,3571,KOTA KEDIRI,2025-10,2025,PADI,0.0,HA
2690,8068,35,JAWA TIMUR,3572,KOTA BLITAR,2025-10,2025,JAGUNG,0.0,HA
2690,8069,35,JAWA TIMUR,3572,KOTA BLITAR,2025-10,2025,KEDELAI,0.0,HA
2690,8070,35,JAWA TIMUR,3572,KOTA BLITAR,2025-10,2025,PADI,0.0,HA
2691,8071,35,JAWA TIMUR,3573,KOTA MALANG,2025-10,2025,JAGUNG,0.0,HA
2691,8072,35,JAWA TIMUR,3573,KOTA MALANG,2025-10,2025,KEDELAI,0.0,HA
2691,8073,35,JAWA TIMUR,3573,KOTA MALANG,2025-10,2025,PADI,0.0,HA
2686,8056,35,JAWA TIMUR,3574,KOTA PROBOLINGGO,2025-10,2025,JAGUNG,0.0,HA
2686,8057,35,JAWA TIMUR,3574,KOTA PROBOLINGGO,2025-10,2025,KEDELAI,0.0,HA
2686,8058,35,JAWA TIMUR,3574,KOTA PROBOLINGGO,2025-10,2025,PADI,0.0,HA
2687,8059,35,JAWA TIMUR,3575,KOTA PASURUAN,2025-10,2025,JAGUNG,0.0,HA
2687,8060,35,JAWA TIMUR,3575,KOTA PASURUAN,2025-10,2025,KEDELAI,0.0,HA
2687,8061,35,JAWA TIMUR,3575,KOTA PASURUAN,2025-10,2025,PADI,0.0,HA
2692,8074,35,JAWA TIMUR,3576,KOTA MOJOKERTO,2025-10,2025,JAGUNG,0.0,HA
2692,8075,35,JAWA TIMUR,3576,KOTA MOJOKERTO,2025-10,2025,KEDELAI,0.0,HA
2692,8076,35,JAWA TIMUR,3576,KOTA MOJOKERTO,2025-10,2025,PADI,0.0,HA
2688,8062,35,JAWA TIMUR,3577,KOTA MADIUN,2025-10,2025,JAGUNG,0.0,HA
2688,8063,35,JAWA TIMUR,3577,KOTA MADIUN,2025-10,2025,KEDELAI,0.0,HA
2688,8064,35,JAWA TIMUR,3577,KOTA MADIUN,2025-10,2025,PADI,0.0,HA
2693,8077,35,JAWA TIMUR,3578,KOTA SURABAYA,2025-10,2025,JAGUNG,0.0,HA
2693,8078,35,JAWA TIMUR,3578,KOTA SURABAYA,2025-10,2025,KEDELAI,0.0,HA
2693,8079,35,JAWA TIMUR,3578,KOTA SURABAYA,2025-10,2025,PADI,0.0,HA
2689,8065,35,JAWA TIMUR,3579,KOTA BATU,2025-10,2025,JAGUNG,0.0,HA
2689,8066,35,JAWA TIMUR,3579,KOTA BATU,2025-10,2025,KEDELAI,0.0,HA
2689,8067,35,JAWA TIMUR,3579,KOTA BATU,2025-10,2025,PADI,0.0,HA
2694,8080,35,JAWA TIMUR,3501,KABUPATEN PACITAN,2025-11,2025,JAGUNG,0.0,HA
2694,8081,35,JAWA TIMUR,3501,KABUPATEN PACITAN,2025-11,2025,KEDELAI,0.0,HA
2694,8082,35,JAWA TIMUR,3501,KABUPATEN PACITAN,2025-11,2025,PADI,0.0,HA
2695,8083,35,JAWA TIMUR,3502,KABUPATEN PONOROGO,2025-11,2025,JAGUNG,0.0,HA
2695,8084,35,JAWA TIMUR,3502,KABUPATEN PONOROGO,2025-11,2025,KEDELAI,0.0,HA
2695,8085,35,JAWA TIMUR,3502,KABUPATEN PONOROGO,2025-11,2025,PADI,0.0,HA
2696,8086,35,JAWA TIMUR,3503,KABUPATEN TRENGGALEK,2025-11,2025,JAGUNG,0.0,HA
2696,8087,35,JAWA TIMUR,3503,KABUPATEN TRENGGALEK,2025-11,2025,KEDELAI,0.0,HA
2696,8088,35,JAWA TIMUR,3503,KABUPATEN TRENGGALEK,2025-11,2025,PADI,0.0,HA
2697,8089,35,JAWA TIMUR,3504,KABUPATEN TULUNGAGUNG,2025-11,2025,JAGUNG,0.0,HA
2697,8090,35,JAWA TIMUR,3504,KABUPATEN TULUNGAGUNG,2025-11,2025,KEDELAI,0.0,HA
2697,8091,35,JAWA TIMUR,3504,KABUPATEN TULUNGAGUNG,2025-11,2025,PADI,0.0,HA
2698,8092,35,JAWA TIMUR,3505,KABUPATEN BLITAR,2025-11,2025,JAGUNG,0.0,HA
2698,8093,35,JAWA TIMUR,3505,KABUPATEN BLITAR,2025-11,2025,KEDELAI,0.0,HA
2698,8094,35,JAWA TIMUR,3505,KABUPATEN BLITAR,2025-11,2025,PADI,0.0,HA
2699,8095,35,JAWA TIMUR,3506,KABUPATEN KEDIRI,2025-11,2025,JAGUNG,0.0,HA
2699,8096,35,JAWA TIMUR,3506,KABUPATEN KEDIRI,2025-11,2025,KEDELAI,0.0,HA
2699,8097,35,JAWA TIMUR,3506,KABUPATEN KEDIRI,2025-11,2025,PADI,0.0,HA
2700,8098,35,JAWA TIMUR,3507,KABUPATEN MALANG,2025-11,2025,JAGUNG,0.0,HA
2700,8099,35,JAWA TIMUR,3507,KABUPATEN MALANG,2025-11,2025,KEDELAI,0.0,HA
2700,8100,35,JAWA TIMUR,3507,KABUPATEN MALANG,2025-11,2025,PADI,0.0,HA
2701,8101,35,JAWA TIMUR,3508,KABUPATEN LUMAJANG,2025-11,2025,JAGUNG,0.0,HA
2701,8102,35,JAWA TIMUR,3508,KABUPATEN LUMAJANG,2025-11,2025,KEDELAI,0.0,HA
2701,8103,35,JAWA TIMUR,3508,KABUPATEN LUMAJANG,2025-11,2025,PADI,0.0,HA
2702,8104,35,JAWA TIMUR,3509,KABUPATEN JEMBER,2025-11,2025,JAGUNG,0.0,HA
2702,8105,35,JAWA TIMUR,3509,KABUPATEN JEMBER,2025-11,2025,KEDELAI,0.0,HA
2702,8106,35,JAWA TIMUR,3509,KABUPATEN JEMBER,2025-11,2025,PADI,0.0,HA
2703,8107,35,JAWA TIMUR,3510,KABUPATEN BANYUWANGI,2025-11,2025,JAGUNG,0.0,HA
2703,8108,35,JAWA TIMUR,3510,KABUPATEN BANYUWANGI,2025-11,2025,KEDELAI,0.0,HA
2703,8109,35,JAWA TIMUR,3510,KABUPATEN BANYUWANGI,2025-11,2025,PADI,0.0,HA
2704,8110,35,JAWA TIMUR,3511,KABUPATEN BONDOWOSO,2025-11,2025,JAGUNG,0.0,HA
2704,8111,35,JAWA TIMUR,3511,KABUPATEN BONDOWOSO,2025-11,2025,KEDELAI,0.0,HA
2704,8112,35,JAWA TIMUR,3511,KABUPATEN BONDOWOSO,2025-11,2025,PADI,0.0,HA
2705,8113,35,JAWA TIMUR,3512,KABUPATEN SITUBONDO,2025-11,2025,JAGUNG,0.0,HA
2705,8114,35,JAWA TIMUR,3512,KABUPATEN SITUBONDO,2025-11,2025,KEDELAI,0.0,HA
2705,8115,35,JAWA TIMUR,3512,KABUPATEN SITUBONDO,2025-11,2025,PADI,0.0,HA
2706,8116,35,JAWA TIMUR,3513,KABUPATEN PROBOLINGGO,2025-11,2025,JAGUNG,0.0,HA
2706,8117,35,JAWA TIMUR,3513,KABUPATEN PROBOLINGGO,2025-11,2025,KEDELAI,0.0,HA
2706,8118,35,JAWA TIMUR,3513,KABUPATEN PROBOLINGGO,2025-11,2025,PADI,0.0,HA
2707,8119,35,JAWA TIMUR,3514,KABUPATEN PASURUAN,2025-11,2025,JAGUNG,0.0,HA
2707,8120,35,JAWA TIMUR,3514,KABUPATEN PASURUAN,2025-11,2025,KEDELAI,0.0,HA
2707,8121,35,JAWA TIMUR,3514,KABUPATEN PASURUAN,2025-11,2025,PADI,0.0,HA
2708,8122,35,JAWA TIMUR,3515,KABUPATEN SIDOARJO,2025-11,2025,JAGUNG,0.0,HA
2708,8123,35,JAWA TIMUR,3515,KABUPATEN SIDOARJO,2025-11,2025,KEDELAI,0.0,HA
2708,8124,35,JAWA TIMUR,3515,KABUPATEN SIDOARJO,2025-11,2025,PADI,0.0,HA
2709,8125,35,JAWA TIMUR,3516,KABUPATEN MOJOKERTO,2025-11,2025,JAGUNG,0.0,HA
2709,8126,35,JAWA TIMUR,3516,KABUPATEN MOJOKERTO,2025-11,2025,KEDELAI,0.0,HA
2709,8127,35,JAWA TIMUR,3516,KABUPATEN MOJOKERTO,2025-11,2025,PADI,0.0,HA
2710,8128,35,JAWA TIMUR,3517,KABUPATEN JOMBANG,2025-11,2025,JAGUNG,0.0,HA
2710,8129,35,JAWA TIMUR,3517,KABUPATEN JOMBANG,2025-11,2025,KEDELAI,0.0,HA
2710,8130,35,JAWA TIMUR,3517,KABUPATEN JOMBANG,2025-11,2025,PADI,0.0,HA
2711,8131,35,JAWA TIMUR,3518,KABUPATEN NGANJUK,2025-11,2025,JAGUNG,0.0,HA
2711,8132,35,JAWA TIMUR,3518,KABUPATEN NGANJUK,2025-11,2025,KEDELAI,0.0,HA
2711,8133,35,JAWA TIMUR,3518,KABUPATEN NGANJUK,2025-11,2025,PADI,0.0,HA
2712,8134,35,JAWA TIMUR,3519,KABUPATEN MADIUN,2025-11,2025,JAGUNG,0.0,HA
2712,8135,35,JAWA TIMUR,3519,KABUPATEN MADIUN,2025-11,2025,KEDELAI,0.0,HA
2712,8136,35,JAWA TIMUR,3519,KABUPATEN MADIUN,2025-11,2025,PADI,0.0,HA
2713,8137,35,JAWA TIMUR,3520,KABUPATEN MAGETAN,2025-11,2025,JAGUNG,0.0,HA
2713,8138,35,JAWA TIMUR,3520,KABUPATEN MAGETAN,2025-11,2025,KEDELAI,0.0,HA
2713,8139,35,JAWA TIMUR,3520,KABUPATEN MAGETAN,2025-11,2025,PADI,0.0,HA
2714,8140,35,JAWA TIMUR,3521,KABUPATEN NGAWI,2025-11,2025,JAGUNG,0.0,HA
2714,8141,35,JAWA TIMUR,3521,KABUPATEN NGAWI,2025-11,2025,KEDELAI,0.0,HA
2714,8142,35,JAWA TIMUR,3521,KABUPATEN NGAWI,2025-11,2025,PADI,0.0,HA
2715,8143,35,JAWA TIMUR,3522,KABUPATEN BOJONEGORO,2025-11,2025,JAGUNG,0.0,HA
2715,8144,35,JAWA TIMUR,3522,KABUPATEN BOJONEGORO,2025-11,2025,KEDELAI,0.0,HA
2715,8145,35,JAWA TIMUR,3522,KABUPATEN BOJONEGORO,2025-11,2025,PADI,0.0,HA
2716,8146,35,JAWA TIMUR,3523,KABUPATEN TUBAN,2025-11,2025,JAGUNG,0.0,HA
2716,8147,35,JAWA TIMUR,3523,KABUPATEN TUBAN,2025-11,2025,KEDELAI,0.0,HA
2716,8148,35,JAWA TIMUR,3523,KABUPATEN TUBAN,2025-11,2025,PADI,0.0,HA
2717,8149,35,JAWA TIMUR,3524,KABUPATEN LAMONGAN,2025-11,2025,JAGUNG,0.0,HA
2717,8150,35,JAWA TIMUR,3524,KABUPATEN LAMONGAN,2025-11,2025,KEDELAI,0.0,HA
2717,8151,35,JAWA TIMUR,3524,KABUPATEN LAMONGAN,2025-11,2025,PADI,0.0,HA
2718,8152,35,JAWA TIMUR,3525,KABUPATEN GRESIK,2025-11,2025,JAGUNG,0.0,HA
2718,8153,35,JAWA TIMUR,3525,KABUPATEN GRESIK,2025-11,2025,KEDELAI,0.0,HA
2718,8154,35,JAWA TIMUR,3525,KABUPATEN GRESIK,2025-11,2025,PADI,0.0,HA
2719,8155,35,JAWA TIMUR,3526,KABUPATEN BANGKALAN,2025-11,2025,JAGUNG,0.0,HA
2719,8156,35,JAWA TIMUR,3526,KABUPATEN BANGKALAN,2025-11,2025,KEDELAI,0.0,HA
2719,8157,35,JAWA TIMUR,3526,KABUPATEN BANGKALAN,2025-11,2025,PADI,0.0,HA
2720,8158,35,JAWA TIMUR,3527,KABUPATEN SAMPANG,2025-11,2025,JAGUNG,0.0,HA
2720,8159,35,JAWA TIMUR,3527,KABUPATEN SAMPANG,2025-11,2025,KEDELAI,0.0,HA
2720,8160,35,JAWA TIMUR,3527,KABUPATEN SAMPANG,2025-11,2025,PADI,0.0,HA
2721,8161,35,JAWA TIMUR,3528,KABUPATEN PAMEKASAN,2025-11,2025,JAGUNG,0.0,HA
2721,8162,35,JAWA TIMUR,3528,KABUPATEN PAMEKASAN,2025-11,2025,KEDELAI,0.0,HA
2721,8163,35,JAWA TIMUR,3528,KABUPATEN PAMEKASAN,2025-11,2025,PADI,0.0,HA
2722,8164,35,JAWA TIMUR,3529,KABUPATEN SUMENEP,2025-11,2025,JAGUNG,0.0,HA
2722,8165,35,JAWA TIMUR,3529,KABUPATEN SUMENEP,2025-11,2025,KEDELAI,0.0,HA
2722,8166,35,JAWA TIMUR,3529,KABUPATEN SUMENEP,2025-11,2025,PADI,0.0,HA
2723,8167,35,JAWA TIMUR,3571,KOTA KEDIRI,2025-11,2025,JAGUNG,0.0,HA
2723,8168,35,JAWA TIMUR,3571,KOTA KEDIRI,2025-11,2025,KEDELAI,0.0,HA
2723,8169,35,JAWA TIMUR,3571,KOTA KEDIRI,2025-11,2025,PADI,0.0,HA
2728,8182,35,JAWA TIMUR,3572,KOTA BLITAR,2025-11,2025,JAGUNG,0.0,HA
2728,8183,35,JAWA TIMUR,3572,KOTA BLITAR,2025-11,2025,KEDELAI,0.0,HA
2728,8184,35,JAWA TIMUR,3572,KOTA BLITAR,2025-11,2025,PADI,0.0,HA
2729,8185,35,JAWA TIMUR,3573,KOTA MALANG,2025-11,2025,JAGUNG,0.0,HA
2729,8186,35,JAWA TIMUR,3573,KOTA MALANG,2025-11,2025,KEDELAI,0.0,HA
2729,8187,35,JAWA TIMUR,3573,KOTA MALANG,2025-11,2025,PADI,0.0,HA
2724,8170,35,JAWA TIMUR,3574,KOTA PROBOLINGGO,2025-11,2025,JAGUNG,0.0,HA
2724,8171,35,JAWA TIMUR,3574,KOTA PROBOLINGGO,2025-11,2025,KEDELAI,0.0,HA
2724,8172,35,JAWA TIMUR,3574,KOTA PROBOLINGGO,2025-11,2025,PADI,0.0,HA
2725,8173,35,JAWA TIMUR,3575,KOTA PASURUAN,2025-11,2025,JAGUNG,0.0,HA
2725,8174,35,JAWA TIMUR,3575,KOTA PASURUAN,2025-11,2025,KEDELAI,0.0,HA
2725,8175,35,JAWA TIMUR,3575,KOTA PASURUAN,2025-11,2025,PADI,0.0,HA
2730,8188,35,JAWA TIMUR,3576,KOTA MOJOKERTO,2025-11,2025,JAGUNG,0.0,HA
2730,8189,35,JAWA TIMUR,3576,KOTA MOJOKERTO,2025-11,2025,KEDELAI,0.0,HA
2730,8190,35,JAWA TIMUR,3576,KOTA MOJOKERTO,2025-11,2025,PADI,0.0,HA
2726,8176,35,JAWA TIMUR,3577,KOTA MADIUN,2025-11,2025,JAGUNG,0.0,HA
2726,8177,35,JAWA TIMUR,3577,KOTA MADIUN,2025-11,2025,KEDELAI,0.0,HA
2726,8178,35,JAWA TIMUR,3577,KOTA MADIUN,2025-11,2025,PADI,0.0,HA
2731,8191,35,JAWA TIMUR,3578,KOTA SURABAYA,2025-11,2025,JAGUNG,0.0,HA
2731,8192,35,JAWA TIMUR,3578,KOTA SURABAYA,2025-11,2025,KEDELAI,0.0,HA
2731,8193,35,JAWA TIMUR,3578,KOTA SURABAYA,2025-11,2025,PADI,0.0,HA
2727,8179,35,JAWA TIMUR,3579,KOTA BATU,2025-11,2025,JAGUNG,0.0,HA
2727,8180,35,JAWA TIMUR,3579,KOTA BATU,2025-11,2025,KEDELAI,0.0,HA
2727,8181,35,JAWA TIMUR,3579,KOTA BATU,2025-11,2025,PADI,0.0,HA
2732,8194,35,JAWA TIMUR,3501,KABUPATEN PACITAN,2025-12,2025,JAGUNG,0.0,HA
2732,8195,35,JAWA TIMUR,3501,KABUPATEN PACITAN,2025-12,2025,KEDELAI,0.0,HA
2732,8196,35,JAWA TIMUR,3501,KABUPATEN PACITAN,2025-12,2025,PADI,0.0,HA
2733,8197,35,JAWA TIMUR,3502,KABUPATEN PONOROGO,2025-12,2025,JAGUNG,0.0,HA
2733,8198,35,JAWA TIMUR,3502,KABUPATEN PONOROGO,2025-12,2025,KEDELAI,0.0,HA
2733,8199,35,JAWA TIMUR,3502,KABUPATEN PONOROGO,2025-12,2025,PADI,0.0,HA
2734,8200,35,JAWA TIMUR,3503,KABUPATEN TRENGGALEK,2025-12,2025,JAGUNG,0.0,HA
2734,8201,35,JAWA TIMUR,3503,KABUPATEN TRENGGALEK,2025-12,2025,KEDELAI,0.0,HA
2734,8202,35,JAWA TIMUR,3503,KABUPATEN TRENGGALEK,2025-12,2025,PADI,0.0,HA
2735,8203,35,JAWA TIMUR,3504,KABUPATEN TULUNGAGUNG,2025-12,2025,JAGUNG,0.0,HA
2735,8204,35,JAWA TIMUR,3504,KABUPATEN TULUNGAGUNG,2025-12,2025,KEDELAI,0.0,HA
2735,8205,35,JAWA TIMUR,3504,KABUPATEN TULUNGAGUNG,2025-12,2025,PADI,0.0,HA
2736,8206,35,JAWA TIMUR,3505,KABUPATEN BLITAR,2025-12,2025,JAGUNG,0.0,HA
2736,8207,35,JAWA TIMUR,3505,KABUPATEN BLITAR,2025-12,2025,KEDELAI,0.0,HA
2736,8208,35,JAWA TIMUR,3505,KABUPATEN BLITAR,2025-12,2025,PADI,0.0,HA
2737,8209,35,JAWA TIMUR,3506,KABUPATEN KEDIRI,2025-12,2025,JAGUNG,0.0,HA
2737,8210,35,JAWA TIMUR,3506,KABUPATEN KEDIRI,2025-12,2025,KEDELAI,0.0,HA
2737,8211,35,JAWA TIMUR,3506,KABUPATEN KEDIRI,2025-12,2025,PADI,0.0,HA
2738,8212,35,JAWA TIMUR,3507,KABUPATEN MALANG,2025-12,2025,JAGUNG,0.0,HA
2738,8213,35,JAWA TIMUR,3507,KABUPATEN MALANG,2025-12,2025,KEDELAI,0.0,HA
2738,8214,35,JAWA TIMUR,3507,KABUPATEN MALANG,2025-12,2025,PADI,0.0,HA
2739,8215,35,JAWA TIMUR,3508,KABUPATEN LUMAJANG,2025-12,2025,JAGUNG,0.0,HA
2739,8216,35,JAWA TIMUR,3508,KABUPATEN LUMAJANG,2025-12,2025,KEDELAI,0.0,HA
2739,8217,35,JAWA TIMUR,3508,KABUPATEN LUMAJANG,2025-12,2025,PADI,0.0,HA
2740,8218,35,JAWA TIMUR,3509,KABUPATEN JEMBER,2025-12,2025,JAGUNG,0.0,HA
2740,8219,35,JAWA TIMUR,3509,KABUPATEN JEMBER,2025-12,2025,KEDELAI,0.0,HA
2740,8220,35,JAWA TIMUR,3509,KABUPATEN JEMBER,2025-12,2025,PADI,0.0,HA
2741,8221,35,JAWA TIMUR,3510,KABUPATEN BANYUWANGI,2025-12,2025,JAGUNG,0.0,HA
2741,8222,35,JAWA TIMUR,3510,KABUPATEN BANYUWANGI,2025-12,2025,KEDELAI,0.0,HA
2741,8223,35,JAWA TIMUR,3510,KABUPATEN BANYUWANGI,2025-12,2025,PADI,0.0,HA
2742,8224,35,JAWA TIMUR,3511,KABUPATEN BONDOWOSO,2025-12,2025,JAGUNG,0.0,HA
2742,8225,35,JAWA TIMUR,3511,KABUPATEN BONDOWOSO,2025-12,2025,KEDELAI,0.0,HA
2742,8226,35,JAWA TIMUR,3511,KABUPATEN BONDOWOSO,2025-12,2025,PADI,0.0,HA
2743,8227,35,JAWA TIMUR,3512,KABUPATEN SITUBONDO,2025-12,2025,JAGUNG,0.0,HA
2743,8228,35,JAWA TIMUR,3512,KABUPATEN SITUBONDO,2025-12,2025,KEDELAI,0.0,HA
2743,8229,35,JAWA TIMUR,3512,KABUPATEN SITUBONDO,2025-12,2025,PADI,0.0,HA
2744,8230,35,JAWA TIMUR,3513,KABUPATEN PROBOLINGGO,2025-12,2025,JAGUNG,0.0,HA
2744,8231,35,JAWA TIMUR,3513,KABUPATEN PROBOLINGGO,2025-12,2025,KEDELAI,0.0,HA
2744,8232,35,JAWA TIMUR,3513,KABUPATEN PROBOLINGGO,2025-12,2025,PADI,0.0,HA
2745,8233,35,JAWA TIMUR,3514,KABUPATEN PASURUAN,2025-12,2025,JAGUNG,0.0,HA
2745,8234,35,JAWA TIMUR,3514,KABUPATEN PASURUAN,2025-12,2025,KEDELAI,0.0,HA
2745,8235,35,JAWA TIMUR,3514,KABUPATEN PASURUAN,2025-12,2025,PADI,0.0,HA
2746,8236,35,JAWA TIMUR,3515,KABUPATEN SIDOARJO,2025-12,2025,JAGUNG,0.0,HA
2746,8237,35,JAWA TIMUR,3515,KABUPATEN SIDOARJO,2025-12,2025,KEDELAI,0.0,HA
2746,8238,35,JAWA TIMUR,3515,KABUPATEN SIDOARJO,2025-12,2025,PADI,0.0,HA
2747,8239,35,JAWA TIMUR,3516,KABUPATEN MOJOKERTO,2025-12,2025,JAGUNG,0.0,HA
2747,8240,35,JAWA TIMUR,3516,KABUPATEN MOJOKERTO,2025-12,2025,KEDELAI,0.0,HA
2747,8241,35,JAWA TIMUR,3516,KABUPATEN MOJOKERTO,2025-12,2025,PADI,0.0,HA
2748,8242,35,JAWA TIMUR,3517,KABUPATEN JOMBANG,2025-12,2025,JAGUNG,0.0,HA
2748,8243,35,JAWA TIMUR,3517,KABUPATEN JOMBANG,2025-12,2025,KEDELAI,0.0,HA
2748,8244,35,JAWA TIMUR,3517,KABUPATEN JOMBANG,2025-12,2025,PADI,0.0,HA
2749,8245,35,JAWA TIMUR,3518,KABUPATEN NGANJUK,2025-12,2025,JAGUNG,0.0,HA
2749,8246,35,JAWA TIMUR,3518,KABUPATEN NGANJUK,2025-12,2025,KEDELAI,0.0,HA
2749,8247,35,JAWA TIMUR,3518,KABUPATEN NGANJUK,2025-12,2025,PADI,0.0,HA
2750,8248,35,JAWA TIMUR,3519,KABUPATEN MADIUN,2025-12,2025,JAGUNG,0.0,HA
2750,8249,35,JAWA TIMUR,3519,KABUPATEN MADIUN,2025-12,2025,KEDELAI,0.0,HA
2750,8250,35,JAWA TIMUR,3519,KABUPATEN MADIUN,2025-12,2025,PADI,0.0,HA
2751,8251,35,JAWA TIMUR,3520,KABUPATEN MAGETAN,2025-12,2025,JAGUNG,0.0,HA
2751,8252,35,JAWA TIMUR,3520,KABUPATEN MAGETAN,2025-12,2025,KEDELAI,0.0,HA
2751,8253,35,JAWA TIMUR,3520,KABUPATEN MAGETAN,2025-12,2025,PADI,0.0,HA
2752,8254,35,JAWA TIMUR,3521,KABUPATEN NGAWI,2025-12,2025,JAGUNG,0.0,HA
2752,8255,35,JAWA TIMUR,3521,KABUPATEN NGAWI,2025-12,2025,KEDELAI,0.0,HA
2752,8256,35,JAWA TIMUR,3521,KABUPATEN NGAWI,2025-12,2025,PADI,0.0,HA
2753,8257,35,JAWA TIMUR,3522,KABUPATEN BOJONEGORO,2025-12,2025,JAGUNG,0.0,HA
2753,8258,35,JAWA TIMUR,3522,KABUPATEN BOJONEGORO,2025-12,2025,KEDELAI,0.0,HA
2753,8259,35,JAWA TIMUR,3522,KABUPATEN BOJONEGORO,2025-12,2025,PADI,1076.0,HA
2754,8260,35,JAWA TIMUR,3523,KABUPATEN TUBAN,2025-12,2025,JAGUNG,0.0,HA
2754,8261,35,JAWA TIMUR,3523,KABUPATEN TUBAN,2025-12,2025,KEDELAI,0.0,HA
2754,8262,35,JAWA TIMUR,3523,KABUPATEN TUBAN,2025-12,2025,PADI,0.0,HA
2755,8263,35,JAWA TIMUR,3524,KABUPATEN LAMONGAN,2025-12,2025,JAGUNG,0.0,HA
2755,8264,35,JAWA TIMUR,3524,KABUPATEN LAMONGAN,2025-12,2025,KEDELAI,0.0,HA
2755,8265,35,JAWA TIMUR,3524,KABUPATEN LAMONGAN,2025-12,2025,PADI,120.0,HA
2756,8266,35,JAWA TIMUR,3525,KABUPATEN GRESIK,2025-12,2025,JAGUNG,0.0,HA
2756,8267,35,JAWA TIMUR,3525,KABUPATEN GRESIK,2025-12,2025,KEDELAI,0.0,HA
2756,8268,35,JAWA TIMUR,3525,KABUPATEN GRESIK,2025-12,2025,PADI,0.0,HA
2757,8269,35,JAWA TIMUR,3526,KABUPATEN BANGKALAN,2025-12,2025,JAGUNG,0.0,HA
2757,8270,35,JAWA TIMUR,3526,KABUPATEN BANGKALAN,2025-12,2025,KEDELAI,0.0,HA
2757,8271,35,JAWA TIMUR,3526,KABUPATEN BANGKALAN,2025-12,2025,PADI,0.0,HA
2758,8272,35,JAWA TIMUR,3527,KABUPATEN SAMPANG,2025-12,2025,JAGUNG,0.0,HA
2758,8273,35,JAWA TIMUR,3527,KABUPATEN SAMPANG,2025-12,2025,KEDELAI,0.0,HA
2758,8274,35,JAWA TIMUR,3527,KABUPATEN SAMPANG,2025-12,2025,PADI,0.0,HA
2759,8275,35,JAWA TIMUR,3528,KABUPATEN PAMEKASAN,2025-12,2025,JAGUNG,0.0,HA
2759,8276,35,JAWA TIMUR,3528,KABUPATEN PAMEKASAN,2025-12,2025,KEDELAI,0.0,HA
2759,8277,35,JAWA TIMUR,3528,KABUPATEN PAMEKASAN,2025-12,2025,PADI,0.0,HA
2760,8278,35,JAWA TIMUR,3529,KABUPATEN SUMENEP,2025-12,2025,JAGUNG,0.0,HA
2760,8279,35,JAWA TIMUR,3529,KABUPATEN SUMENEP,2025-12,2025,KEDELAI,0.0,HA
2760,8280,35,JAWA TIMUR,3529,KABUPATEN SUMENEP,2025-12,2025,PADI,0.0,HA
2761,8281,35,JAWA TIMUR,3571,KOTA KEDIRI,2025-12,2025,JAGUNG,0.0,HA
2761,8282,35,JAWA TIMUR,3571,KOTA KEDIRI,2025-12,2025,KEDELAI,0.0,HA
2761,8283,35,JAWA TIMUR,3571,KOTA KEDIRI,2025-12,2025,PADI,0.0,HA
2766,8296,35,JAWA TIMUR,3572,KOTA BLITAR,2025-12,2025,JAGUNG,0.0,HA
2766,8297,35,JAWA TIMUR,3572,KOTA BLITAR,2025-12,2025,KEDELAI,0.0,HA
2766,8298,35,JAWA TIMUR,3572,KOTA BLITAR,2025-12,2025,PADI,0.0,HA
2767,8299,35,JAWA TIMUR,3573,KOTA MALANG,2025-12,2025,JAGUNG,0.0,HA
2767,8300,35,JAWA TIMUR,3573,KOTA MALANG,2025-12,2025,KEDELAI,0.0,HA
2767,8301,35,JAWA TIMUR,3573,KOTA MALANG,2025-12,2025,PADI,0.0,HA
2762,8284,35,JAWA TIMUR,3574,KOTA PROBOLINGGO,2025-12,2025,JAGUNG,0.0,HA
2762,8285,35,JAWA TIMUR,3574,KOTA PROBOLINGGO,2025-12,2025,KEDELAI,0.0,HA
2762,8286,35,JAWA TIMUR,3574,KOTA PROBOLINGGO,2025-12,2025,PADI,0.0,HA
2763,8287,35,JAWA TIMUR,3575,KOTA PASURUAN,2025-12,2025,JAGUNG,0.0,HA
2763,8288,35,JAWA TIMUR,3575,KOTA PASURUAN,2025-12,2025,KEDELAI,0.0,HA
2763,8289,35,JAWA TIMUR,3575,KOTA PASURUAN,2025-12,2025,PADI,0.0,HA
2768,8302,35,JAWA TIMUR,3576,KOTA MOJOKERTO,2025-12,2025,JAGUNG,0.0,HA
2768,8303,35,JAWA TIMUR,3576,KOTA MOJOKERTO,2025-12,2025,KEDELAI,0.0,HA
2768,8304,35,JAWA TIMUR,3576,KOTA MOJOKERTO,2025-12,2025,PADI,0.0,HA
2764,8290,35,JAWA TIMUR,3577,KOTA MADIUN,2025-12,2025,JAGUNG,0.0,HA
2764,8291,35,JAWA TIMUR,3577,KOTA MADIUN,2025-12,2025,KEDELAI,0.0,HA
2764,8292,35,JAWA TIMUR,3577,KOTA MADIUN,2025-12,2025,PADI,0.0,HA
2769,8305,35,JAWA TIMUR,3578,KOTA SURABAYA,2025-12,2025,JAGUNG,0.0,HA
2769,8306,35,JAWA TIMUR,3578,KOTA SURABAYA,2025-12,2025,KEDELAI,0.0,HA
2769,8307,35,JAWA TIMUR,3578,KOTA SURABAYA,2025-12,2025,PADI,0.0,HA
2765,8293,35,JAWA TIMUR,3579,KOTA BATU,2025-12,2025,JAGUNG,0.0,HA
2765,8294,35,JAWA TIMUR,3579,KOTA BATU,2025-12,2025,KEDELAI,0.0,HA
2765,8295,35,JAWA TIMUR,3579,KOTA BATU,2025-12,2025,PADI,0.0,HA
2770,8308,35,JAWA TIMUR,3501,KABUPATEN PACITAN,2026-01,2026,JAGUNG,0.0,HA
2770,8309,35,JAWA TIMUR,3501,KABUPATEN PACITAN,2026-01,2026,KEDELAI,0.0,HA
2770,8310,35,JAWA TIMUR,3501,KABUPATEN PACITAN,2026-01,2026,PADI,0.0,HA
2771,8311,35,JAWA TIMUR,3502,KABUPATEN PONOROGO,2026-01,2026,JAGUNG,0.0,HA
2771,8312,35,JAWA TIMUR,3502,KABUPATEN PONOROGO,2026-01,2026,KEDELAI,0.0,HA
2771,8313,35,JAWA TIMUR,3502,KABUPATEN PONOROGO,2026-01,2026,PADI,0.0,HA
2772,8314,35,JAWA TIMUR,3503,KABUPATEN TRENGGALEK,2026-01,2026,JAGUNG,0.0,HA
2772,8315,35,JAWA TIMUR,3503,KABUPATEN TRENGGALEK,2026-01,2026,KEDELAI,0.0,HA
2772,8316,35,JAWA TIMUR,3503,KABUPATEN TRENGGALEK,2026-01,2026,PADI,0.0,HA
2773,8317,35,JAWA TIMUR,3504,KABUPATEN TULUNGAGUNG,2026-01,2026,JAGUNG,0.0,HA
2773,8318,35,JAWA TIMUR,3504,KABUPATEN TULUNGAGUNG,2026-01,2026,KEDELAI,0.0,HA
2773,8319,35,JAWA TIMUR,3504,KABUPATEN TULUNGAGUNG,2026-01,2026,PADI,0.0,HA
2774,8320,35,JAWA TIMUR,3505,KABUPATEN BLITAR,2026-01,2026,JAGUNG,0.0,HA
2774,8321,35,JAWA TIMUR,3505,KABUPATEN BLITAR,2026-01,2026,KEDELAI,0.0,HA
2774,8322,35,JAWA TIMUR,3505,KABUPATEN BLITAR,2026-01,2026,PADI,0.0,HA
2775,8323,35,JAWA TIMUR,3506,KABUPATEN KEDIRI,2026-01,2026,JAGUNG,0.0,HA
2775,8324,35,JAWA TIMUR,3506,KABUPATEN KEDIRI,2026-01,2026,KEDELAI,0.0,HA
2775,8325,35,JAWA TIMUR,3506,KABUPATEN KEDIRI,2026-01,2026,PADI,0.0,HA
2776,8326,35,JAWA TIMUR,3507,KABUPATEN MALANG,2026-01,2026,JAGUNG,0.0,HA
2776,8327,35,JAWA TIMUR,3507,KABUPATEN MALANG,2026-01,2026,KEDELAI,0.0,HA
2776,8328,35,JAWA TIMUR,3507,KABUPATEN MALANG,2026-01,2026,PADI,0.0,HA
2777,8329,35,JAWA TIMUR,3508,KABUPATEN LUMAJANG,2026-01,2026,JAGUNG,0.0,HA
2777,8330,35,JAWA TIMUR,3508,KABUPATEN LUMAJANG,2026-01,2026,KEDELAI,0.0,HA
2777,8331,35,JAWA TIMUR,3508,KABUPATEN LUMAJANG,2026-01,2026,PADI,0.0,HA
2778,8332,35,JAWA TIMUR,3509,KABUPATEN JEMBER,2026-01,2026,JAGUNG,0.0,HA
2778,8333,35,JAWA TIMUR,3509,KABUPATEN JEMBER,2026-01,2026,KEDELAI,0.0,HA
2778,8334,35,JAWA TIMUR,3509,KABUPATEN JEMBER,2026-01,2026,PADI,0.0,HA
2779,8335,35,JAWA TIMUR,3510,KABUPATEN BANYUWANGI,2026-01,2026,JAGUNG,0.0,HA
2779,8336,35,JAWA TIMUR,3510,KABUPATEN BANYUWANGI,2026-01,2026,KEDELAI,0.0,HA
2779,8337,35,JAWA TIMUR,3510,KABUPATEN BANYUWANGI,2026-01,2026,PADI,0.0,HA
2780,8338,35,JAWA TIMUR,3511,KABUPATEN BONDOWOSO,2026-01,2026,JAGUNG,0.0,HA
2780,8339,35,JAWA TIMUR,3511,KABUPATEN BONDOWOSO,2026-01,2026,KEDELAI,0.0,HA
2780,8340,35,JAWA TIMUR,3511,KABUPATEN BONDOWOSO,2026-01,2026,PADI,0.0,HA
2781,8341,35,JAWA TIMUR,3512,KABUPATEN SITUBONDO,2026-01,2026,JAGUNG,0.0,HA
2781,8342,35,JAWA TIMUR,3512,KABUPATEN SITUBONDO,2026-01,2026,KEDELAI,0.0,HA
2781,8343,35,JAWA TIMUR,3512,KABUPATEN SITUBONDO,2026-01,2026,PADI,0.0,HA
2782,8344,35,JAWA TIMUR,3513,KABUPATEN PROBOLINGGO,2026-01,2026,JAGUNG,0.0,HA
2782,8345,35,JAWA TIMUR,3513,KABUPATEN PROBOLINGGO,2026-01,2026,KEDELAI,0.0,HA
2782,8346,35,JAWA TIMUR,3513,KABUPATEN PROBOLINGGO,2026-01,2026,PADI,0.0,HA
2783,8347,35,JAWA TIMUR,3514,KABUPATEN PASURUAN,2026-01,2026,JAGUNG,0.0,HA
2783,8348,35,JAWA TIMUR,3514,KABUPATEN PASURUAN,2026-01,2026,KEDELAI,0.0,HA
2783,8349,35,JAWA TIMUR,3514,KABUPATEN PASURUAN,2026-01,2026,PADI,0.0,HA
2784,8350,35,JAWA TIMUR,3515,KABUPATEN SIDOARJO,2026-01,2026,JAGUNG,0.0,HA
2784,8351,35,JAWA TIMUR,3515,KABUPATEN SIDOARJO,2026-01,2026,KEDELAI,0.0,HA
2784,8352,35,JAWA TIMUR,3515,KABUPATEN SIDOARJO,2026-01,2026,PADI,0.0,HA
2785,8353,35,JAWA TIMUR,3516,KABUPATEN MOJOKERTO,2026-01,2026,JAGUNG,0.0,HA
2785,8354,35,JAWA TIMUR,3516,KABUPATEN MOJOKERTO,2026-01,2026,KEDELAI,0.0,HA
2785,8355,35,JAWA TIMUR,3516,KABUPATEN MOJOKERTO,2026-01,2026,PADI,0.0,HA
2786,8356,35,JAWA TIMUR,3517,KABUPATEN JOMBANG,2026-01,2026,JAGUNG,0.0,HA
2786,8357,35,JAWA TIMUR,3517,KABUPATEN JOMBANG,2026-01,2026,KEDELAI,0.0,HA
2786,8358,35,JAWA TIMUR,3517,KABUPATEN JOMBANG,2026-01,2026,PADI,0.0,HA
2787,8359,35,JAWA TIMUR,3518,KABUPATEN NGANJUK,2026-01,2026,JAGUNG,0.0,HA
2787,8360,35,JAWA TIMUR,3518,KABUPATEN NGANJUK,2026-01,2026,KEDELAI,0.0,HA
2787,8361,35,JAWA TIMUR,3518,KABUPATEN NGANJUK,2026-01,2026,PADI,0.0,HA
2788,8362,35,JAWA TIMUR,3519,KABUPATEN MADIUN,2026-01,2026,JAGUNG,0.0,HA
2788,8363,35,JAWA TIMUR,3519,KABUPATEN MADIUN,2026-01,2026,KEDELAI,0.0,HA
2788,8364,35,JAWA TIMUR,3519,KABUPATEN MADIUN,2026-01,2026,PADI,0.0,HA
2789,8365,35,JAWA TIMUR,3520,KABUPATEN MAGETAN,2026-01,2026,JAGUNG,0.0,HA
2789,8366,35,JAWA TIMUR,3520,KABUPATEN MAGETAN,2026-01,2026,KEDELAI,0.0,HA
2789,8367,35,JAWA TIMUR,3520,KABUPATEN MAGETAN,2026-01,2026,PADI,0.0,HA
2790,8368,35,JAWA TIMUR,3521,KABUPATEN NGAWI,2026-01,2026,JAGUNG,0.0,HA
2790,8369,35,JAWA TIMUR,3521,KABUPATEN NGAWI,2026-01,2026,KEDELAI,0.0,HA
2790,8370,35,JAWA TIMUR,3521,KABUPATEN NGAWI,2026-01,2026,PADI,0.0,HA
2791,8371,35,JAWA TIMUR,3522,KABUPATEN BOJONEGORO,2026-01,2026,JAGUNG,0.0,HA
2791,8372,35,JAWA TIMUR,3522,KABUPATEN BOJONEGORO,2026-01,2026,KEDELAI,0.0,HA
2791,8373,35,JAWA TIMUR,3522,KABUPATEN BOJONEGORO,2026-01,2026,PADI,0.0,HA
2792,8374,35,JAWA TIMUR,3523,KABUPATEN TUBAN,2026-01,2026,JAGUNG,0.0,HA
2792,8375,35,JAWA TIMUR,3523,KABUPATEN TUBAN,2026-01,2026,KEDELAI,0.0,HA
2792,8376,35,JAWA TIMUR,3523,KABUPATEN TUBAN,2026-01,2026,PADI,0.0,HA
2793,8377,35,JAWA TIMUR,3524,KABUPATEN LAMONGAN,2026-01,2026,JAGUNG,0.0,HA
2793,8378,35,JAWA TIMUR,3524,KABUPATEN LAMONGAN,2026-01,2026,KEDELAI,0.0,HA
2793,8379,35,JAWA TIMUR,3524,KABUPATEN LAMONGAN,2026-01,2026,PADI,0.0,HA
2794,8380,35,JAWA TIMUR,3525,KABUPATEN GRESIK,2026-01,2026,JAGUNG,0.0,HA
2794,8381,35,JAWA TIMUR,3525,KABUPATEN GRESIK,2026-01,2026,KEDELAI,0.0,HA
2794,8382,35,JAWA TIMUR,3525,KABUPATEN GRESIK,2026-01,2026,PADI,0.0,HA
2795,8383,35,JAWA TIMUR,3526,KABUPATEN BANGKALAN,2026-01,2026,JAGUNG,0.0,HA
2795,8384,35,JAWA TIMUR,3526,KABUPATEN BANGKALAN,2026-01,2026,KEDELAI,0.0,HA
2795,8385,35,JAWA TIMUR,3526,KABUPATEN BANGKALAN,2026-01,2026,PADI,0.0,HA
2796,8386,35,JAWA TIMUR,3527,KABUPATEN SAMPANG,2026-01,2026,JAGUNG,0.0,HA
2796,8387,35,JAWA TIMUR,3527,KABUPATEN SAMPANG,2026-01,2026,KEDELAI,0.0,HA
2796,8388,35,JAWA TIMUR,3527,KABUPATEN SAMPANG,2026-01,2026,PADI,0.0,HA
2797,8389,35,JAWA TIMUR,3528,KABUPATEN PAMEKASAN,2026-01,2026,JAGUNG,0.0,HA
2797,8390,35,JAWA TIMUR,3528,KABUPATEN PAMEKASAN,2026-01,2026,KEDELAI,0.0,HA
2797,8391,35,JAWA TIMUR,3528,KABUPATEN PAMEKASAN,2026-01,2026,PADI,0.0,HA
2798,8392,35,JAWA TIMUR,3529,KABUPATEN SUMENEP,2026-01,2026,JAGUNG,0.0,HA
2798,8393,35,JAWA TIMUR,3529,KABUPATEN SUMENEP,2026-01,2026,KEDELAI,0.0,HA
2798,8394,35,JAWA TIMUR,3529,KABUPATEN SUMENEP,2026-01,2026,PADI,0.0,HA
2799,8395,35,JAWA TIMUR,3571,KOTA KEDIRI,2026-01,2026,JAGUNG,0.0,HA
2799,8396,35,JAWA TIMUR,3571,KOTA KEDIRI,2026-01,2026,KEDELAI,0.0,HA
2799,8397,35,JAWA TIMUR,3571,KOTA KEDIRI,2026-01,2026,PADI,0.0,HA
2804,8410,35,JAWA TIMUR,3572,KOTA BLITAR,2026-01,2026,JAGUNG,0.0,HA
2804,8411,35,JAWA TIMUR,3572,KOTA BLITAR,2026-01,2026,KEDELAI,0.0,HA
2804,8412,35,JAWA TIMUR,3572,KOTA BLITAR,2026-01,2026,PADI,0.0,HA
2805,8413,35,JAWA TIMUR,3573,KOTA MALANG,2026-01,2026,JAGUNG,0.0,HA
2805,8414,35,JAWA TIMUR,3573,KOTA MALANG,2026-01,2026,KEDELAI,0.0,HA
2805,8415,35,JAWA TIMUR,3573,KOTA MALANG,2026-01,2026,PADI,0.0,HA
2800,8398,35,JAWA TIMUR,3574,KOTA PROBOLINGGO,2026-01,2026,JAGUNG,0.0,HA
2800,8399,35,JAWA TIMUR,3574,KOTA PROBOLINGGO,2026-01,2026,KEDELAI,0.0,HA
2800,8400,35,JAWA TIMUR,3574,KOTA PROBOLINGGO,2026-01,2026,PADI,0.0,HA
2801,8401,35,JAWA TIMUR,3575,KOTA PASURUAN,2026-01,2026,JAGUNG,0.0,HA
2801,8402,35,JAWA TIMUR,3575,KOTA PASURUAN,2026-01,2026,KEDELAI,0.0,HA
2801,8403,35,JAWA TIMUR,3575,KOTA PASURUAN,2026-01,2026,PADI,0.0,HA
2806,8416,35,JAWA TIMUR,3576,KOTA MOJOKERTO,2026-01,2026,JAGUNG,0.0,HA
2806,8417,35,JAWA TIMUR,3576,KOTA MOJOKERTO,2026-01,2026,KEDELAI,0.0,HA
2806,8418,35,JAWA TIMUR,3576,KOTA MOJOKERTO,2026-01,2026,PADI,0.0,HA
2802,8404,35,JAWA TIMUR,3577,KOTA MADIUN,2026-01,2026,JAGUNG,0.0,HA
2802,8405,35,JAWA TIMUR,3577,KOTA MADIUN,2026-01,2026,KEDELAI,0.0,HA
2802,8406,35,JAWA TIMUR,3577,KOTA MADIUN,2026-01,2026,PADI,0.0,HA
2807,8419,35,JAWA TIMUR,3578,KOTA SURABAYA,2026-01,2026,JAGUNG,0.0,HA
2807,8420,35,JAWA TIMUR,3578,KOTA SURABAYA,2026-01,2026,KEDELAI,0.0,HA
2807,8421,35,JAWA TIMUR,3578,KOTA SURABAYA,2026-01,2026,PADI,0.0,HA
2803,8407,35,JAWA TIMUR,3579,KOTA BATU,2026-01,2026,JAGUNG,0.0,HA
2803,8408,35,JAWA TIMUR,3579,KOTA BATU,2026-01,2026,KEDELAI,0.0,HA
2803,8409,35,JAWA TIMUR,3579,KOTA BATU,2026-01,2026,PADI,0.0,HA
2808,8536,35,JAWA TIMUR,3501,KABUPATEN PACITAN,2026-02,2026,JAGUNG,0.0,HA
2808,8537,35,JAWA TIMUR,3501,KABUPATEN PACITAN,2026-02,2026,KEDELAI,0.0,HA
2808,8538,35,JAWA TIMUR,3501,KABUPATEN PACITAN,2026-02,2026,PADI,0.0,HA
2809,8539,35,JAWA TIMUR,3502,KABUPATEN PONOROGO,2026-02,2026,JAGUNG,0.0,HA
2809,8540,35,JAWA TIMUR,3502,KABUPATEN PONOROGO,2026-02,2026,KEDELAI,0.0,HA
2809,8541,35,JAWA TIMUR,3502,KABUPATEN PONOROGO,2026-02,2026,PADI,0.0,HA
2810,8542,35,JAWA TIMUR,3503,KABUPATEN TRENGGALEK,2026-02,2026,JAGUNG,0.0,HA
2810,8543,35,JAWA TIMUR,3503,KABUPATEN TRENGGALEK,2026-02,2026,KEDELAI,0.0,HA
2810,8544,35,JAWA TIMUR,3503,KABUPATEN TRENGGALEK,2026-02,2026,PADI,0.0,HA
2811,8545,35,JAWA TIMUR,3504,KABUPATEN TULUNGAGUNG,2026-02,2026,JAGUNG,0.0,HA
2811,8546,35,JAWA TIMUR,3504,KABUPATEN TULUNGAGUNG,2026-02,2026,KEDELAI,0.0,HA
2811,8547,35,JAWA TIMUR,3504,KABUPATEN TULUNGAGUNG,2026-02,2026,PADI,0.0,HA
2812,8548,35,JAWA TIMUR,3505,KABUPATEN BLITAR,2026-02,2026,JAGUNG,0.0,HA
2812,8549,35,JAWA TIMUR,3505,KABUPATEN BLITAR,2026-02,2026,KEDELAI,0.0,HA
2812,8550,35,JAWA TIMUR,3505,KABUPATEN BLITAR,2026-02,2026,PADI,0.0,HA
2813,8551,35,JAWA TIMUR,3506,KABUPATEN KEDIRI,2026-02,2026,JAGUNG,0.0,HA
2813,8552,35,JAWA TIMUR,3506,KABUPATEN KEDIRI,2026-02,2026,KEDELAI,0.0,HA
2813,8553,35,JAWA TIMUR,3506,KABUPATEN KEDIRI,2026-02,2026,PADI,0.0,HA
2814,8554,35,JAWA TIMUR,3507,KABUPATEN MALANG,2026-02,2026,JAGUNG,0.0,HA
2814,8555,35,JAWA TIMUR,3507,KABUPATEN MALANG,2026-02,2026,KEDELAI,0.0,HA
2814,8556,35,JAWA TIMUR,3507,KABUPATEN MALANG,2026-02,2026,PADI,0.0,HA
2815,8557,35,JAWA TIMUR,3508,KABUPATEN LUMAJANG,2026-02,2026,JAGUNG,0.0,HA
2815,8558,35,JAWA TIMUR,3508,KABUPATEN LUMAJANG,2026-02,2026,KEDELAI,0.0,HA
2815,8559,35,JAWA TIMUR,3508,KABUPATEN LUMAJANG,2026-02,2026,PADI,0.0,HA
2816,8560,35,JAWA TIMUR,3509,KABUPATEN JEMBER,2026-02,2026,JAGUNG,0.0,HA
2816,8561,35,JAWA TIMUR,3509,KABUPATEN JEMBER,2026-02,2026,KEDELAI,0.0,HA
2816,8562,35,JAWA TIMUR,3509,KABUPATEN JEMBER,2026-02,2026,PADI,0.0,HA
2817,8563,35,JAWA TIMUR,3510,KABUPATEN BANYUWANGI,2026-02,2026,JAGUNG,0.0,HA
2817,8564,35,JAWA TIMUR,3510,KABUPATEN BANYUWANGI,2026-02,2026,KEDELAI,0.0,HA
2817,8565,35,JAWA TIMUR,3510,KABUPATEN BANYUWANGI,2026-02,2026,PADI,0.0,HA
2818,8566,35,JAWA TIMUR,3511,KABUPATEN BONDOWOSO,2026-02,2026,JAGUNG,0.0,HA
2818,8567,35,JAWA TIMUR,3511,KABUPATEN BONDOWOSO,2026-02,2026,KEDELAI,0.0,HA
2818,8568,35,JAWA TIMUR,3511,KABUPATEN BONDOWOSO,2026-02,2026,PADI,0.0,HA
2819,8569,35,JAWA TIMUR,3512,KABUPATEN SITUBONDO,2026-02,2026,JAGUNG,0.0,HA
2819,8570,35,JAWA TIMUR,3512,KABUPATEN SITUBONDO,2026-02,2026,KEDELAI,0.0,HA
2819,8571,35,JAWA TIMUR,3512,KABUPATEN SITUBONDO,2026-02,2026,PADI,0.0,HA
2820,8572,35,JAWA TIMUR,3513,KABUPATEN PROBOLINGGO,2026-02,2026,JAGUNG,0.0,HA
2820,8573,35,JAWA TIMUR,3513,KABUPATEN PROBOLINGGO,2026-02,2026,KEDELAI,0.0,HA
2820,8574,35,JAWA TIMUR,3513,KABUPATEN PROBOLINGGO,2026-02,2026,PADI,0.0,HA
2821,8575,35,JAWA TIMUR,3514,KABUPATEN PASURUAN,2026-02,2026,JAGUNG,0.0,HA
2821,8576,35,JAWA TIMUR,3514,KABUPATEN PASURUAN,2026-02,2026,KEDELAI,0.0,HA
2821,8577,35,JAWA TIMUR,3514,KABUPATEN PASURUAN,2026-02,2026,PADI,0.0,HA
2822,8578,35,JAWA TIMUR,3515,KABUPATEN SIDOARJO,2026-02,2026,JAGUNG,0.0,HA
2822,8579,35,JAWA TIMUR,3515,KABUPATEN SIDOARJO,2026-02,2026,KEDELAI,0.0,HA
2822,8580,35,JAWA TIMUR,3515,KABUPATEN SIDOARJO,2026-02,2026,PADI,0.0,HA
2823,8581,35,JAWA TIMUR,3516,KABUPATEN MOJOKERTO,2026-02,2026,JAGUNG,0.0,HA
2823,8582,35,JAWA TIMUR,3516,KABUPATEN MOJOKERTO,2026-02,2026,KEDELAI,0.0,HA
2823,8583,35,JAWA TIMUR,3516,KABUPATEN MOJOKERTO,2026-02,2026,PADI,0.0,HA
2824,8584,35,JAWA TIMUR,3517,KABUPATEN JOMBANG,2026-02,2026,JAGUNG,0.0,HA
2824,8585,35,JAWA TIMUR,3517,KABUPATEN JOMBANG,2026-02,2026,KEDELAI,0.0,HA
2824,8586,35,JAWA TIMUR,3517,KABUPATEN JOMBANG,2026-02,2026,PADI,0.0,HA
2825,8587,35,JAWA TIMUR,3518,KABUPATEN NGANJUK,2026-02,2026,JAGUNG,0.0,HA
2825,8588,35,JAWA TIMUR,3518,KABUPATEN NGANJUK,2026-02,2026,KEDELAI,0.0,HA
2825,8589,35,JAWA TIMUR,3518,KABUPATEN NGANJUK,2026-02,2026,PADI,0.0,HA
2826,8590,35,JAWA TIMUR,3519,KABUPATEN MADIUN,2026-02,2026,JAGUNG,0.0,HA
2826,8591,35,JAWA TIMUR,3519,KABUPATEN MADIUN,2026-02,2026,KEDELAI,0.0,HA
2826,8592,35,JAWA TIMUR,3519,KABUPATEN MADIUN,2026-02,2026,PADI,0.0,HA
2827,8593,35,JAWA TIMUR,3520,KABUPATEN MAGETAN,2026-02,2026,JAGUNG,0.0,HA
2827,8594,35,JAWA TIMUR,3520,KABUPATEN MAGETAN,2026-02,2026,KEDELAI,0.0,HA
2827,8595,35,JAWA TIMUR,3520,KABUPATEN MAGETAN,2026-02,2026,PADI,0.0,HA
2828,8596,35,JAWA TIMUR,3521,KABUPATEN NGAWI,2026-02,2026,JAGUNG,0.0,HA
2828,8597,35,JAWA TIMUR,3521,KABUPATEN NGAWI,2026-02,2026,KEDELAI,0.0,HA
2828,8598,35,JAWA TIMUR,3521,KABUPATEN NGAWI,2026-02,2026,PADI,0.0,HA
2829,8599,35,JAWA TIMUR,3522,KABUPATEN BOJONEGORO,2026-02,2026,JAGUNG,0.0,HA
2829,8600,35,JAWA TIMUR,3522,KABUPATEN BOJONEGORO,2026-02,2026,KEDELAI,0.0,HA
2829,8601,35,JAWA TIMUR,3522,KABUPATEN BOJONEGORO,2026-02,2026,PADI,0.0,HA
2830,8602,35,JAWA TIMUR,3523,KABUPATEN TUBAN,2026-02,2026,JAGUNG,0.0,HA
2830,8603,35,JAWA TIMUR,3523,KABUPATEN TUBAN,2026-02,2026,KEDELAI,0.0,HA
2830,8604,35,JAWA TIMUR,3523,KABUPATEN TUBAN,2026-02,2026,PADI,0.0,HA
2831,8605,35,JAWA TIMUR,3524,KABUPATEN LAMONGAN,2026-02,2026,JAGUNG,0.0,HA
2831,8606,35,JAWA TIMUR,3524,KABUPATEN LAMONGAN,2026-02,2026,KEDELAI,0.0,HA
2831,8607,35,JAWA TIMUR,3524,KABUPATEN LAMONGAN,2026-02,2026,PADI,0.0,HA
2832,8608,35,JAWA TIMUR,3525,KABUPATEN GRESIK,2026-02,2026,JAGUNG,0.0,HA
2832,8609,35,JAWA TIMUR,3525,KABUPATEN GRESIK,2026-02,2026,KEDELAI,0.0,HA
2832,8610,35,JAWA TIMUR,3525,KABUPATEN GRESIK,2026-02,2026,PADI,0.0,HA
2833,8611,35,JAWA TIMUR,3526,KABUPATEN BANGKALAN,2026-02,2026,JAGUNG,0.0,HA
2833,8612,35,JAWA TIMUR,3526,KABUPATEN BANGKALAN,2026-02,2026,KEDELAI,0.0,HA
2833,8613,35,JAWA TIMUR,3526,KABUPATEN BANGKALAN,2026-02,2026,PADI,0.0,HA
2834,8614,35,JAWA TIMUR,3527,KABUPATEN SAMPANG,2026-02,2026,JAGUNG,0.0,HA
2834,8615,35,JAWA TIMUR,3527,KABUPATEN SAMPANG,2026-02,2026,KEDELAI,0.0,HA
2834,8616,35,JAWA TIMUR,3527,KABUPATEN SAMPANG,2026-02,2026,PADI,0.0,HA
2835,8617,35,JAWA TIMUR,3528,KABUPATEN PAMEKASAN,2026-02,2026,JAGUNG,0.0,HA
2835,8618,35,JAWA TIMUR,3528,KABUPATEN PAMEKASAN,2026-02,2026,KEDELAI,0.0,HA
2835,8619,35,JAWA TIMUR,3528,KABUPATEN PAMEKASAN,2026-02,2026,PADI,0.0,HA
2836,8620,35,JAWA TIMUR,3529,KABUPATEN SUMENEP,2026-02,2026,JAGUNG,0.0,HA
2836,8621,35,JAWA TIMUR,3529,KABUPATEN SUMENEP,2026-02,2026,KEDELAI,0.0,HA
2836,8622,35,JAWA TIMUR,3529,KABUPATEN SUMENEP,2026-02,2026,PADI,0.0,HA
2837,8623,35,JAWA TIMUR,3571,KOTA KEDIRI,2026-02,2026,JAGUNG,0.0,HA
2837,8624,35,JAWA TIMUR,3571,KOTA KEDIRI,2026-02,2026,KEDELAI,0.0,HA
2837,8625,35,JAWA TIMUR,3571,KOTA KEDIRI,2026-02,2026,PADI,0.0,HA
2842,8638,35,JAWA TIMUR,3572,KOTA BLITAR,2026-02,2026,JAGUNG,0.0,HA
2842,8639,35,JAWA TIMUR,3572,KOTA BLITAR,2026-02,2026,KEDELAI,0.0,HA
2842,8640,35,JAWA TIMUR,3572,KOTA BLITAR,2026-02,2026,PADI,0.0,HA
2843,8641,35,JAWA TIMUR,3573,KOTA MALANG,2026-02,2026,JAGUNG,0.0,HA
2843,8642,35,JAWA TIMUR,3573,KOTA MALANG,2026-02,2026,KEDELAI,0.0,HA
2843,8643,35,JAWA TIMUR,3573,KOTA MALANG,2026-02,2026,PADI,0.0,HA
2838,8626,35,JAWA TIMUR,3574,KOTA PROBOLINGGO,2026-02,2026,JAGUNG,0.0,HA
2838,8627,35,JAWA TIMUR,3574,KOTA PROBOLINGGO,2026-02,2026,KEDELAI,0.0,HA
2838,8628,35,JAWA TIMUR,3574,KOTA PROBOLINGGO,2026-02,2026,PADI,0.0,HA
2839,8629,35,JAWA TIMUR,3575,KOTA PASURUAN,2026-02,2026,JAGUNG,0.0,HA
2839,8630,35,JAWA TIMUR,3575,KOTA PASURUAN,2026-02,2026,KEDELAI,0.0,HA
2839,8631,35,JAWA TIMUR,3575,KOTA PASURUAN,2026-02,2026,PADI,0.0,HA
2844,8644,35,JAWA TIMUR,3576,KOTA MOJOKERTO,2026-02,2026,JAGUNG,0.0,HA
2844,8645,35,JAWA TIMUR,3576,KOTA MOJOKERTO,2026-02,2026,KEDELAI,0.0,HA
2844,8646,35,JAWA TIMUR,3576,KOTA MOJOKERTO,2026-02,2026,PADI,0.0,HA
2840,8632,35,JAWA TIMUR,3577,KOTA MADIUN,2026-02,2026,JAGUNG,0.0,HA
2840,8633,35,JAWA TIMUR,3577,KOTA MADIUN,2026-02,2026,KEDELAI,0.0,HA
2840,8634,35,JAWA TIMUR,3577,KOTA MADIUN,2026-02,2026,PADI,0.0,HA
2845,8647,35,JAWA TIMUR,3578,KOTA SURABAYA,2026-02,2026,JAGUNG,0.0,HA
2845,8648,35,JAWA TIMUR,3578,KOTA SURABAYA,2026-02,2026,KEDELAI,0.0,HA
2845,8649,35,JAWA TIMUR,3578,KOTA SURABAYA,2026-02,2026,PADI,0.0,HA
2841,8635,35,JAWA TIMUR,3579,KOTA BATU,2026-02,2026,JAGUNG,0.0,HA
2841,8636,35,JAWA TIMUR,3579,KOTA BATU,2026-02,2026,KEDELAI,0.0,HA
2841,8637,35,JAWA TIMUR,3579,KOTA BATU,2026-02,2026,PADI,0.0,HA
2846,8422,35,JAWA TIMUR,3501,KABUPATEN PACITAN,2026-03,2026,JAGUNG,0.0,HA
2846,8423,35,JAWA TIMUR,3501,KABUPATEN PACITAN,2026-03,2026,KEDELAI,0.0,HA
2846,8424,35,JAWA TIMUR,3501,KABUPATEN PACITAN,2026-03,2026,PADI,0.0,HA
2847,8425,35,JAWA TIMUR,3502,KABUPATEN PONOROGO,2026-03,2026,JAGUNG,0.0,HA
2847,8426,35,JAWA TIMUR,3502,KABUPATEN PONOROGO,2026-03,2026,KEDELAI,0.0,HA
2847,8427,35,JAWA TIMUR,3502,KABUPATEN PONOROGO,2026-03,2026,PADI,0.0,HA
2848,8428,35,JAWA TIMUR,3503,KABUPATEN TRENGGALEK,2026-03,2026,JAGUNG,0.0,HA
2848,8429,35,JAWA TIMUR,3503,KABUPATEN TRENGGALEK,2026-03,2026,KEDELAI,0.0,HA
2848,8430,35,JAWA TIMUR,3503,KABUPATEN TRENGGALEK,2026-03,2026,PADI,0.0,HA
2849,8431,35,JAWA TIMUR,3504,KABUPATEN TULUNGAGUNG,2026-03,2026,JAGUNG,0.0,HA
2849,8432,35,JAWA TIMUR,3504,KABUPATEN TULUNGAGUNG,2026-03,2026,KEDELAI,0.0,HA
2849,8433,35,JAWA TIMUR,3504,KABUPATEN TULUNGAGUNG,2026-03,2026,PADI,0.0,HA
2850,8434,35,JAWA TIMUR,3505,KABUPATEN BLITAR,2026-03,2026,JAGUNG,0.0,HA
2850,8435,35,JAWA TIMUR,3505,KABUPATEN BLITAR,2026-03,2026,KEDELAI,0.0,HA
2850,8436,35,JAWA TIMUR,3505,KABUPATEN BLITAR,2026-03,2026,PADI,0.0,HA
2851,8437,35,JAWA TIMUR,3506,KABUPATEN KEDIRI,2026-03,2026,JAGUNG,0.0,HA
2851,8438,35,JAWA TIMUR,3506,KABUPATEN KEDIRI,2026-03,2026,KEDELAI,0.0,HA
2851,8439,35,JAWA TIMUR,3506,KABUPATEN KEDIRI,2026-03,2026,PADI,0.0,HA
2852,8440,35,JAWA TIMUR,3507,KABUPATEN MALANG,2026-03,2026,JAGUNG,0.0,HA
2852,8441,35,JAWA TIMUR,3507,KABUPATEN MALANG,2026-03,2026,KEDELAI,0.0,HA
2852,8442,35,JAWA TIMUR,3507,KABUPATEN MALANG,2026-03,2026,PADI,0.0,HA
2853,8443,35,JAWA TIMUR,3508,KABUPATEN LUMAJANG,2026-03,2026,JAGUNG,0.0,HA
2853,8444,35,JAWA TIMUR,3508,KABUPATEN LUMAJANG,2026-03,2026,KEDELAI,0.0,HA
2853,8445,35,JAWA TIMUR,3508,KABUPATEN LUMAJANG,2026-03,2026,PADI,0.0,HA
2854,8446,35,JAWA TIMUR,3509,KABUPATEN JEMBER,2026-03,2026,JAGUNG,0.0,HA
2854,8447,35,JAWA TIMUR,3509,KABUPATEN JEMBER,2026-03,2026,KEDELAI,0.0,HA
2854,8448,35,JAWA TIMUR,3509,KABUPATEN JEMBER,2026-03,2026,PADI,0.0,HA
2855,8449,35,JAWA TIMUR,3510,KABUPATEN BANYUWANGI,2026-03,2026,JAGUNG,0.0,HA
2855,8450,35,JAWA TIMUR,3510,KABUPATEN BANYUWANGI,2026-03,2026,KEDELAI,0.0,HA
2855,8451,35,JAWA TIMUR,3510,KABUPATEN BANYUWANGI,2026-03,2026,PADI,0.0,HA
2856,8452,35,JAWA TIMUR,3511,KABUPATEN BONDOWOSO,2026-03,2026,JAGUNG,0.0,HA
2856,8453,35,JAWA TIMUR,3511,KABUPATEN BONDOWOSO,2026-03,2026,KEDELAI,0.0,HA
2856,8454,35,JAWA TIMUR,3511,KABUPATEN BONDOWOSO,2026-03,2026,PADI,0.0,HA
2857,8455,35,JAWA TIMUR,3512,KABUPATEN SITUBONDO,2026-03,2026,JAGUNG,0.0,HA
2857,8456,35,JAWA TIMUR,3512,KABUPATEN SITUBONDO,2026-03,2026,KEDELAI,0.0,HA
2857,8457,35,JAWA TIMUR,3512,KABUPATEN SITUBONDO,2026-03,2026,PADI,0.0,HA
2858,8458,35,JAWA TIMUR,3513,KABUPATEN PROBOLINGGO,2026-03,2026,JAGUNG,0.0,HA
2858,8459,35,JAWA TIMUR,3513,KABUPATEN PROBOLINGGO,2026-03,2026,KEDELAI,0.0,HA
2858,8460,35,JAWA TIMUR,3513,KABUPATEN PROBOLINGGO,2026-03,2026,PADI,0.0,HA
2859,8461,35,JAWA TIMUR,3514,KABUPATEN PASURUAN,2026-03,2026,JAGUNG,0.0,HA
2859,8462,35,JAWA TIMUR,3514,KABUPATEN PASURUAN,2026-03,2026,KEDELAI,0.0,HA
2859,8463,35,JAWA TIMUR,3514,KABUPATEN PASURUAN,2026-03,2026,PADI,0.0,HA
2860,8464,35,JAWA TIMUR,3515,KABUPATEN SIDOARJO,2026-03,2026,JAGUNG,0.0,HA
2860,8465,35,JAWA TIMUR,3515,KABUPATEN SIDOARJO,2026-03,2026,KEDELAI,0.0,HA
2860,8466,35,JAWA TIMUR,3515,KABUPATEN SIDOARJO,2026-03,2026,PADI,0.0,HA
2861,8467,35,JAWA TIMUR,3516,KABUPATEN MOJOKERTO,2026-03,2026,JAGUNG,0.0,HA
2861,8468,35,JAWA TIMUR,3516,KABUPATEN MOJOKERTO,2026-03,2026,KEDELAI,0.0,HA
2861,8469,35,JAWA TIMUR,3516,KABUPATEN MOJOKERTO,2026-03,2026,PADI,0.0,HA
2862,8470,35,JAWA TIMUR,3517,KABUPATEN JOMBANG,2026-03,2026,JAGUNG,0.0,HA
2862,8471,35,JAWA TIMUR,3517,KABUPATEN JOMBANG,2026-03,2026,KEDELAI,0.0,HA
2862,8472,35,JAWA TIMUR,3517,KABUPATEN JOMBANG,2026-03,2026,PADI,0.0,HA
2863,8473,35,JAWA TIMUR,3518,KABUPATEN NGANJUK,2026-03,2026,JAGUNG,0.0,HA
2863,8474,35,JAWA TIMUR,3518,KABUPATEN NGANJUK,2026-03,2026,KEDELAI,0.0,HA
2863,8475,35,JAWA TIMUR,3518,KABUPATEN NGANJUK,2026-03,2026,PADI,0.0,HA
2864,8476,35,JAWA TIMUR,3519,KABUPATEN MADIUN,2026-03,2026,JAGUNG,0.0,HA
2864,8477,35,JAWA TIMUR,3519,KABUPATEN MADIUN,2026-03,2026,KEDELAI,0.0,HA
2864,8478,35,JAWA TIMUR,3519,KABUPATEN MADIUN,2026-03,2026,PADI,0.0,HA
2865,8479,35,JAWA TIMUR,3520,KABUPATEN MAGETAN,2026-03,2026,JAGUNG,0.0,HA
2865,8480,35,JAWA TIMUR,3520,KABUPATEN MAGETAN,2026-03,2026,KEDELAI,0.0,HA
2865,8481,35,JAWA TIMUR,3520,KABUPATEN MAGETAN,2026-03,2026,PADI,0.0,HA
2866,8482,35,JAWA TIMUR,3521,KABUPATEN NGAWI,2026-03,2026,JAGUNG,0.0,HA
2866,8483,35,JAWA TIMUR,3521,KABUPATEN NGAWI,2026-03,2026,KEDELAI,0.0,HA
2866,8484,35,JAWA TIMUR,3521,KABUPATEN NGAWI,2026-03,2026,PADI,0.0,HA
2867,8485,35,JAWA TIMUR,3522,KABUPATEN BOJONEGORO,2026-03,2026,JAGUNG,0.0,HA
2867,8486,35,JAWA TIMUR,3522,KABUPATEN BOJONEGORO,2026-03,2026,KEDELAI,0.0,HA
2867,8487,35,JAWA TIMUR,3522,KABUPATEN BOJONEGORO,2026-03,2026,PADI,0.0,HA
2868,8488,35,JAWA TIMUR,3523,KABUPATEN TUBAN,2026-03,2026,JAGUNG,0.0,HA
2868,8489,35,JAWA TIMUR,3523,KABUPATEN TUBAN,2026-03,2026,KEDELAI,0.0,HA
2868,8490,35,JAWA TIMUR,3523,KABUPATEN TUBAN,2026-03,2026,PADI,0.0,HA
2869,8491,35,JAWA TIMUR,3524,KABUPATEN LAMONGAN,2026-03,2026,JAGUNG,0.0,HA
2869,8492,35,JAWA TIMUR,3524,KABUPATEN LAMONGAN,2026-03,2026,KEDELAI,0.0,HA
2869,8493,35,JAWA TIMUR,3524,KABUPATEN LAMONGAN,2026-03,2026,PADI,0.0,HA
2870,8494,35,JAWA TIMUR,3525,KABUPATEN GRESIK,2026-03,2026,JAGUNG,0.0,HA
2870,8495,35,JAWA TIMUR,3525,KABUPATEN GRESIK,2026-03,2026,KEDELAI,0.0,HA
2870,8496,35,JAWA TIMUR,3525,KABUPATEN GRESIK,2026-03,2026,PADI,0.0,HA
2871,8497,35,JAWA TIMUR,3526,KABUPATEN BANGKALAN,2026-03,2026,JAGUNG,0.0,HA
2871,8498,35,JAWA TIMUR,3526,KABUPATEN BANGKALAN,2026-03,2026,KEDELAI,0.0,HA
2871,8499,35,JAWA TIMUR,3526,KABUPATEN BANGKALAN,2026-03,2026,PADI,0.0,HA
2872,8500,35,JAWA TIMUR,3527,KABUPATEN SAMPANG,2026-03,2026,JAGUNG,0.0,HA
2872,8501,35,JAWA TIMUR,3527,KABUPATEN SAMPANG,2026-03,2026,KEDELAI,0.0,HA
2872,8502,35,JAWA TIMUR,3527,KABUPATEN SAMPANG,2026-03,2026,PADI,0.0,HA
2873,8503,35,JAWA TIMUR,3528,KABUPATEN PAMEKASAN,2026-03,2026,JAGUNG,0.0,HA
2873,8504,35,JAWA TIMUR,3528,KABUPATEN PAMEKASAN,2026-03,2026,KEDELAI,0.0,HA
2873,8505,35,JAWA TIMUR,3528,KABUPATEN PAMEKASAN,2026-03,2026,PADI,0.0,HA
2874,8506,35,JAWA TIMUR,3529,KABUPATEN SUMENEP,2026-03,2026,JAGUNG,0.0,HA
2874,8507,35,JAWA TIMUR,3529,KABUPATEN SUMENEP,2026-03,2026,KEDELAI,0.0,HA
2874,8508,35,JAWA TIMUR,3529,KABUPATEN SUMENEP,2026-03,2026,PADI,0.0,HA
2875,8509,35,JAWA TIMUR,3571,KOTA KEDIRI,2026-03,2026,JAGUNG,0.0,HA
2875,8510,35,JAWA TIMUR,3571,KOTA KEDIRI,2026-03,2026,KEDELAI,0.0,HA
2875,8511,35,JAWA TIMUR,3571,KOTA KEDIRI,2026-03,2026,PADI,0.0,HA
2880,8524,35,JAWA TIMUR,3572,KOTA BLITAR,2026-03,2026,JAGUNG,0.0,HA
2880,8525,35,JAWA TIMUR,3572,KOTA BLITAR,2026-03,2026,KEDELAI,0.0,HA
2880,8526,35,JAWA TIMUR,3572,KOTA BLITAR,2026-03,2026,PADI,0.0,HA
2881,8527,35,JAWA TIMUR,3573,KOTA MALANG,2026-03,2026,JAGUNG,0.0,HA
2881,8528,35,JAWA TIMUR,3573,KOTA MALANG,2026-03,2026,KEDELAI,0.0,HA
2881,8529,35,JAWA TIMUR,3573,KOTA MALANG,2026-03,2026,PADI,0.0,HA
2876,8512,35,JAWA TIMUR,3574,KOTA PROBOLINGGO,2026-03,2026,JAGUNG,0.0,HA
2876,8513,35,JAWA TIMUR,3574,KOTA PROBOLINGGO,2026-03,2026,KEDELAI,0.0,HA
2876,8514,35,JAWA TIMUR,3574,KOTA PROBOLINGGO,2026-03,2026,PADI,0.0,HA
2877,8515,35,JAWA TIMUR,3575,KOTA PASURUAN,2026-03,2026,JAGUNG,0.0,HA
2877,8516,35,JAWA TIMUR,3575,KOTA PASURUAN,2026-03,2026,KEDELAI,0.0,HA
2877,8517,35,JAWA TIMUR,3575,KOTA PASURUAN,2026-03,2026,PADI,0.0,HA
2882,8530,35,JAWA TIMUR,3576,KOTA MOJOKERTO,2026-03,2026,JAGUNG,0.0,HA
2882,8531,35,JAWA TIMUR,3576,KOTA MOJOKERTO,2026-03,2026,KEDELAI,0.0,HA
2882,8532,35,JAWA TIMUR,3576,KOTA MOJOKERTO,2026-03,2026,PADI,0.0,HA
2878,8518,35,JAWA TIMUR,3577,KOTA MADIUN,2026-03,2026,JAGUNG,0.0,HA
2878,8519,35,JAWA TIMUR,3577,KOTA MADIUN,2026-03,2026,KEDELAI,0.0,HA
2878,8520,35,JAWA TIMUR,3577,KOTA MADIUN,2026-03,2026,PADI,0.0,HA
2883,8533,35,JAWA TIMUR,3578,KOTA SURABAYA,2026-03,2026,JAGUNG,0.0,HA
2883,8534,35,JAWA TIMUR,3578,KOTA SURABAYA,2026-03,2026,KEDELAI,0.0,HA
2883,8535,35,JAWA TIMUR,3578,KOTA SURABAYA,2026-03,2026,PADI,0.0,HA
2879,8521,35,JAWA TIMUR,3579,KOTA BATU,2026-03,2026,JAGUNG,0.0,HA
2879,8522,35,JAWA TIMUR,3579,KOTA BATU,2026-03,2026,KEDELAI,0.0,HA
2879,8523,35,JAWA TIMUR,3579,KOTA BATU,2026-03,2026,PADI,0.0,HA
2884,8878,35,JAWA TIMUR,3501,KABUPATEN PACITAN,2026-04,2026,JAGUNG,0.0,HA
2884,8879,35,JAWA TIMUR,3501,KABUPATEN PACITAN,2026-04,2026,KEDELAI,0.0,HA
2884,8880,35,JAWA TIMUR,3501,KABUPATEN PACITAN,2026-04,2026,PADI,0.0,HA
2885,8881,35,JAWA TIMUR,3502,KABUPATEN PONOROGO,2026-04,2026,JAGUNG,0.0,HA
2885,8882,35,JAWA TIMUR,3502,KABUPATEN PONOROGO,2026-04,2026,KEDELAI,0.0,HA
2885,8883,35,JAWA TIMUR,3502,KABUPATEN PONOROGO,2026-04,2026,PADI,0.0,HA
2886,8884,35,JAWA TIMUR,3503,KABUPATEN TRENGGALEK,2026-04,2026,JAGUNG,0.0,HA
2886,8885,35,JAWA TIMUR,3503,KABUPATEN TRENGGALEK,2026-04,2026,KEDELAI,0.0,HA
2886,8886,35,JAWA TIMUR,3503,KABUPATEN TRENGGALEK,2026-04,2026,PADI,0.0,HA
2887,8887,35,JAWA TIMUR,3504,KABUPATEN TULUNGAGUNG,2026-04,2026,JAGUNG,0.0,HA
2887,8888,35,JAWA TIMUR,3504,KABUPATEN TULUNGAGUNG,2026-04,2026,KEDELAI,0.0,HA
2887,8889,35,JAWA TIMUR,3504,KABUPATEN TULUNGAGUNG,2026-04,2026,PADI,0.0,HA
2888,8890,35,JAWA TIMUR,3505,KABUPATEN BLITAR,2026-04,2026,JAGUNG,0.0,HA
2888,8891,35,JAWA TIMUR,3505,KABUPATEN BLITAR,2026-04,2026,KEDELAI,0.0,HA
2888,8892,35,JAWA TIMUR,3505,KABUPATEN BLITAR,2026-04,2026,PADI,0.0,HA
2889,8893,35,JAWA TIMUR,3506,KABUPATEN KEDIRI,2026-04,2026,JAGUNG,0.0,HA
2889,8894,35,JAWA TIMUR,3506,KABUPATEN KEDIRI,2026-04,2026,KEDELAI,0.0,HA
2889,8895,35,JAWA TIMUR,3506,KABUPATEN KEDIRI,2026-04,2026,PADI,0.0,HA
2890,8896,35,JAWA TIMUR,3507,KABUPATEN MALANG,2026-04,2026,JAGUNG,0.0,HA
2890,8897,35,JAWA TIMUR,3507,KABUPATEN MALANG,2026-04,2026,KEDELAI,0.0,HA
2890,8898,35,JAWA TIMUR,3507,KABUPATEN MALANG,2026-04,2026,PADI,0.0,HA
2891,8899,35,JAWA TIMUR,3508,KABUPATEN LUMAJANG,2026-04,2026,JAGUNG,0.0,HA
2891,8900,35,JAWA TIMUR,3508,KABUPATEN LUMAJANG,2026-04,2026,KEDELAI,0.0,HA
2891,8901,35,JAWA TIMUR,3508,KABUPATEN LUMAJANG,2026-04,2026,PADI,0.0,HA
2892,8902,35,JAWA TIMUR,3509,KABUPATEN JEMBER,2026-04,2026,JAGUNG,0.0,HA
2892,8903,35,JAWA TIMUR,3509,KABUPATEN JEMBER,2026-04,2026,KEDELAI,0.0,HA
2892,8904,35,JAWA TIMUR,3509,KABUPATEN JEMBER,2026-04,2026,PADI,0.0,HA
2893,8905,35,JAWA TIMUR,3510,KABUPATEN BANYUWANGI,2026-04,2026,JAGUNG,0.0,HA
2893,8906,35,JAWA TIMUR,3510,KABUPATEN BANYUWANGI,2026-04,2026,KEDELAI,0.0,HA
2893,8907,35,JAWA TIMUR,3510,KABUPATEN BANYUWANGI,2026-04,2026,PADI,0.0,HA
2894,8908,35,JAWA TIMUR,3511,KABUPATEN BONDOWOSO,2026-04,2026,JAGUNG,0.0,HA
2894,8909,35,JAWA TIMUR,3511,KABUPATEN BONDOWOSO,2026-04,2026,KEDELAI,0.0,HA
2894,8910,35,JAWA TIMUR,3511,KABUPATEN BONDOWOSO,2026-04,2026,PADI,0.0,HA
2895,8911,35,JAWA TIMUR,3512,KABUPATEN SITUBONDO,2026-04,2026,JAGUNG,0.0,HA
2895,8912,35,JAWA TIMUR,3512,KABUPATEN SITUBONDO,2026-04,2026,KEDELAI,0.0,HA
2895,8913,35,JAWA TIMUR,3512,KABUPATEN SITUBONDO,2026-04,2026,PADI,0.0,HA
2896,8914,35,JAWA TIMUR,3513,KABUPATEN PROBOLINGGO,2026-04,2026,JAGUNG,0.0,HA
2896,8915,35,JAWA TIMUR,3513,KABUPATEN PROBOLINGGO,2026-04,2026,KEDELAI,0.0,HA
2896,8916,35,JAWA TIMUR,3513,KABUPATEN PROBOLINGGO,2026-04,2026,PADI,0.0,HA
2897,8917,35,JAWA TIMUR,3514,KABUPATEN PASURUAN,2026-04,2026,JAGUNG,0.0,HA
2897,8918,35,JAWA TIMUR,3514,KABUPATEN PASURUAN,2026-04,2026,KEDELAI,0.0,HA
2897,8919,35,JAWA TIMUR,3514,KABUPATEN PASURUAN,2026-04,2026,PADI,0.0,HA
2898,8920,35,JAWA TIMUR,3515,KABUPATEN SIDOARJO,2026-04,2026,JAGUNG,0.0,HA
2898,8921,35,JAWA TIMUR,3515,KABUPATEN SIDOARJO,2026-04,2026,KEDELAI,0.0,HA
2898,8922,35,JAWA TIMUR,3515,KABUPATEN SIDOARJO,2026-04,2026,PADI,0.0,HA
2899,8923,35,JAWA TIMUR,3516,KABUPATEN MOJOKERTO,2026-04,2026,JAGUNG,0.0,HA
2899,8924,35,JAWA TIMUR,3516,KABUPATEN MOJOKERTO,2026-04,2026,KEDELAI,0.0,HA
2899,8925,35,JAWA TIMUR,3516,KABUPATEN MOJOKERTO,2026-04,2026,PADI,0.0,HA
2900,8926,35,JAWA TIMUR,3517,KABUPATEN JOMBANG,2026-04,2026,JAGUNG,0.0,HA
2900,8927,35,JAWA TIMUR,3517,KABUPATEN JOMBANG,2026-04,2026,KEDELAI,0.0,HA
2900,8928,35,JAWA TIMUR,3517,KABUPATEN JOMBANG,2026-04,2026,PADI,0.0,HA
2901,8929,35,JAWA TIMUR,3518,KABUPATEN NGANJUK,2026-04,2026,JAGUNG,0.0,HA
2901,8930,35,JAWA TIMUR,3518,KABUPATEN NGANJUK,2026-04,2026,KEDELAI,0.0,HA
2901,8931,35,JAWA TIMUR,3518,KABUPATEN NGANJUK,2026-04,2026,PADI,0.0,HA
2902,8932,35,JAWA TIMUR,3519,KABUPATEN MADIUN,2026-04,2026,JAGUNG,0.0,HA
2902,8933,35,JAWA TIMUR,3519,KABUPATEN MADIUN,2026-04,2026,KEDELAI,0.0,HA
2902,8934,35,JAWA TIMUR,3519,KABUPATEN MADIUN,2026-04,2026,PADI,0.0,HA
2903,8935,35,JAWA TIMUR,3520,KABUPATEN MAGETAN,2026-04,2026,JAGUNG,0.0,HA
2903,8936,35,JAWA TIMUR,3520,KABUPATEN MAGETAN,2026-04,2026,KEDELAI,0.0,HA
2903,8937,35,JAWA TIMUR,3520,KABUPATEN MAGETAN,2026-04,2026,PADI,0.0,HA
2904,8938,35,JAWA TIMUR,3521,KABUPATEN NGAWI,2026-04,2026,JAGUNG,0.0,HA
2904,8939,35,JAWA TIMUR,3521,KABUPATEN NGAWI,2026-04,2026,KEDELAI,0.0,HA
2904,8940,35,JAWA TIMUR,3521,KABUPATEN NGAWI,2026-04,2026,PADI,0.0,HA
2905,8941,35,JAWA TIMUR,3522,KABUPATEN BOJONEGORO,2026-04,2026,JAGUNG,0.0,HA
2905,8942,35,JAWA TIMUR,3522,KABUPATEN BOJONEGORO,2026-04,2026,KEDELAI,0.0,HA
2905,8943,35,JAWA TIMUR,3522,KABUPATEN BOJONEGORO,2026-04,2026,PADI,0.0,HA
2906,8944,35,JAWA TIMUR,3523,KABUPATEN TUBAN,2026-04,2026,JAGUNG,0.0,HA
2906,8945,35,JAWA TIMUR,3523,KABUPATEN TUBAN,2026-04,2026,KEDELAI,0.0,HA
2906,8946,35,JAWA TIMUR,3523,KABUPATEN TUBAN,2026-04,2026,PADI,0.0,HA
2907,8947,35,JAWA TIMUR,3524,KABUPATEN LAMONGAN,2026-04,2026,JAGUNG,0.0,HA
2907,8948,35,JAWA TIMUR,3524,KABUPATEN LAMONGAN,2026-04,2026,KEDELAI,0.0,HA
2907,8949,35,JAWA TIMUR,3524,KABUPATEN LAMONGAN,2026-04,2026,PADI,0.0,HA
2908,8950,35,JAWA TIMUR,3525,KABUPATEN GRESIK,2026-04,2026,JAGUNG,0.0,HA
2908,8951,35,JAWA TIMUR,3525,KABUPATEN GRESIK,2026-04,2026,KEDELAI,0.0,HA
2908,8952,35,JAWA TIMUR,3525,KABUPATEN GRESIK,2026-04,2026,PADI,0.0,HA
2909,8953,35,JAWA TIMUR,3526,KABUPATEN BANGKALAN,2026-04,2026,JAGUNG,0.0,HA
2909,8954,35,JAWA TIMUR,3526,KABUPATEN BANGKALAN,2026-04,2026,KEDELAI,0.0,HA
2909,8955,35,JAWA TIMUR,3526,KABUPATEN BANGKALAN,2026-04,2026,PADI,0.0,HA
2910,8956,35,JAWA TIMUR,3527,KABUPATEN SAMPANG,2026-04,2026,JAGUNG,0.0,HA
2910,8957,35,JAWA TIMUR,3527,KABUPATEN SAMPANG,2026-04,2026,KEDELAI,0.0,HA
2910,8958,35,JAWA TIMUR,3527,KABUPATEN SAMPANG,2026-04,2026,PADI,0.0,HA
2911,8959,35,JAWA TIMUR,3528,KABUPATEN PAMEKASAN,2026-04,2026,JAGUNG,0.0,HA
2911,8960,35,JAWA TIMUR,3528,KABUPATEN PAMEKASAN,2026-04,2026,KEDELAI,0.0,HA
2911,8961,35,JAWA TIMUR,3528,KABUPATEN PAMEKASAN,2026-04,2026,PADI,0.0,HA
2912,8962,35,JAWA TIMUR,3529,KABUPATEN SUMENEP,2026-04,2026,JAGUNG,0.0,HA
2912,8963,35,JAWA TIMUR,3529,KABUPATEN SUMENEP,2026-04,2026,KEDELAI,0.0,HA
2912,8964,35,JAWA TIMUR,3529,KABUPATEN SUMENEP,2026-04,2026,PADI,0.0,HA
2913,8965,35,JAWA TIMUR,3571,KOTA KEDIRI,2026-04,2026,JAGUNG,0.0,HA
2913,8966,35,JAWA TIMUR,3571,KOTA KEDIRI,2026-04,2026,KEDELAI,0.0,HA
2913,8967,35,JAWA TIMUR,3571,KOTA KEDIRI,2026-04,2026,PADI,0.0,HA
2918,8980,35,JAWA TIMUR,3572,KOTA BLITAR,2026-04,2026,JAGUNG,0.0,HA
2918,8981,35,JAWA TIMUR,3572,KOTA BLITAR,2026-04,2026,KEDELAI,0.0,HA
2918,8982,35,JAWA TIMUR,3572,KOTA BLITAR,2026-04,2026,PADI,0.0,HA
2919,8983,35,JAWA TIMUR,3573,KOTA MALANG,2026-04,2026,JAGUNG,0.0,HA
2919,8984,35,JAWA TIMUR,3573,KOTA MALANG,2026-04,2026,KEDELAI,0.0,HA
2919,8985,35,JAWA TIMUR,3573,KOTA MALANG,2026-04,2026,PADI,0.0,HA
2914,8968,35,JAWA TIMUR,3574,KOTA PROBOLINGGO,2026-04,2026,JAGUNG,0.0,HA
2914,8969,35,JAWA TIMUR,3574,KOTA PROBOLINGGO,2026-04,2026,KEDELAI,0.0,HA
2914,8970,35,JAWA TIMUR,3574,KOTA PROBOLINGGO,2026-04,2026,PADI,0.0,HA
2915,8971,35,JAWA TIMUR,3575,KOTA PASURUAN,2026-04,2026,JAGUNG,0.0,HA
2915,8972,35,JAWA TIMUR,3575,KOTA PASURUAN,2026-04,2026,KEDELAI,0.0,HA
2915,8973,35,JAWA TIMUR,3575,KOTA PASURUAN,2026-04,2026,PADI,0.0,HA
2920,8986,35,JAWA TIMUR,3576,KOTA MOJOKERTO,2026-04,2026,JAGUNG,0.0,HA
2920,8987,35,JAWA TIMUR,3576,KOTA MOJOKERTO,2026-04,2026,KEDELAI,0.0,HA
2920,8988,35,JAWA TIMUR,3576,KOTA MOJOKERTO,2026-04,2026,PADI,0.0,HA
2916,8974,35,JAWA TIMUR,3577,KOTA MADIUN,2026-04,2026,JAGUNG,0.0,HA
2916,8975,35,JAWA TIMUR,3577,KOTA MADIUN,2026-04,2026,KEDELAI,0.0,HA
2916,8976,35,JAWA TIMUR,3577,KOTA MADIUN,2026-04,2026,PADI,0.0,HA
2921,8989,35,JAWA TIMUR,3578,KOTA SURABAYA,2026-04,2026,JAGUNG,0.0,HA
2921,8990,35,JAWA TIMUR,3578,KOTA SURABAYA,2026-04,2026,KEDELAI,0.0,HA
2921,8991,35,JAWA TIMUR,3578,KOTA SURABAYA,2026-04,2026,PADI,0.0,HA
2917,8977,35,JAWA TIMUR,3579,KOTA BATU,2026-04,2026,JAGUNG,0.0,HA
2917,8978,35,JAWA TIMUR,3579,KOTA BATU,2026-04,2026,KEDELAI,0.0,HA
2917,8979,35,JAWA TIMUR,3579,KOTA BATU,2026-04,2026,PADI,0.0,HA
2922,8650,35,JAWA TIMUR,3501,KABUPATEN PACITAN,2026-05,2026,JAGUNG,0.0,HA
2922,8651,35,JAWA TIMUR,3501,KABUPATEN PACITAN,2026-05,2026,KEDELAI,0.0,HA
2922,8652,35,JAWA TIMUR,3501,KABUPATEN PACITAN,2026-05,2026,PADI,0.0,HA
2923,8653,35,JAWA TIMUR,3502,KABUPATEN PONOROGO,2026-05,2026,JAGUNG,0.0,HA
2923,8654,35,JAWA TIMUR,3502,KABUPATEN PONOROGO,2026-05,2026,KEDELAI,0.0,HA
2923,8655,35,JAWA TIMUR,3502,KABUPATEN PONOROGO,2026-05,2026,PADI,0.0,HA
2924,8656,35,JAWA TIMUR,3503,KABUPATEN TRENGGALEK,2026-05,2026,JAGUNG,0.0,HA
2924,8657,35,JAWA TIMUR,3503,KABUPATEN TRENGGALEK,2026-05,2026,KEDELAI,0.0,HA
2924,8658,35,JAWA TIMUR,3503,KABUPATEN TRENGGALEK,2026-05,2026,PADI,0.0,HA
2925,8659,35,JAWA TIMUR,3504,KABUPATEN TULUNGAGUNG,2026-05,2026,JAGUNG,0.0,HA
2925,8660,35,JAWA TIMUR,3504,KABUPATEN TULUNGAGUNG,2026-05,2026,KEDELAI,0.0,HA
2925,8661,35,JAWA TIMUR,3504,KABUPATEN TULUNGAGUNG,2026-05,2026,PADI,0.0,HA
2926,8662,35,JAWA TIMUR,3505,KABUPATEN BLITAR,2026-05,2026,JAGUNG,0.0,HA
2926,8663,35,JAWA TIMUR,3505,KABUPATEN BLITAR,2026-05,2026,KEDELAI,0.0,HA
2926,8664,35,JAWA TIMUR,3505,KABUPATEN BLITAR,2026-05,2026,PADI,0.67,HA
2927,8665,35,JAWA TIMUR,3506,KABUPATEN KEDIRI,2026-05,2026,JAGUNG,0.0,HA
2927,8666,35,JAWA TIMUR,3506,KABUPATEN KEDIRI,2026-05,2026,KEDELAI,0.0,HA
2927,8667,35,JAWA TIMUR,3506,KABUPATEN KEDIRI,2026-05,2026,PADI,0.0,HA
2928,8668,35,JAWA TIMUR,3507,KABUPATEN MALANG,2026-05,2026,JAGUNG,0.0,HA
2928,8669,35,JAWA TIMUR,3507,KABUPATEN MALANG,2026-05,2026,KEDELAI,0.0,HA
2928,8670,35,JAWA TIMUR,3507,KABUPATEN MALANG,2026-05,2026,PADI,0.0,HA
2929,8671,35,JAWA TIMUR,3508,KABUPATEN LUMAJANG,2026-05,2026,JAGUNG,0.0,HA
2929,8672,35,JAWA TIMUR,3508,KABUPATEN LUMAJANG,2026-05,2026,KEDELAI,0.0,HA
2929,8673,35,JAWA TIMUR,3508,KABUPATEN LUMAJANG,2026-05,2026,PADI,0.0,HA
2930,8674,35,JAWA TIMUR,3509,KABUPATEN JEMBER,2026-05,2026,JAGUNG,0.0,HA
2930,8675,35,JAWA TIMUR,3509,KABUPATEN JEMBER,2026-05,2026,KEDELAI,0.0,HA
2930,8676,35,JAWA TIMUR,3509,KABUPATEN JEMBER,2026-05,2026,PADI,0.0,HA
2931,8677,35,JAWA TIMUR,3510,KABUPATEN BANYUWANGI,2026-05,2026,JAGUNG,0.0,HA
2931,8678,35,JAWA TIMUR,3510,KABUPATEN BANYUWANGI,2026-05,2026,KEDELAI,0.0,HA
2931,8679,35,JAWA TIMUR,3510,KABUPATEN BANYUWANGI,2026-05,2026,PADI,0.0,HA
2932,8680,35,JAWA TIMUR,3511,KABUPATEN BONDOWOSO,2026-05,2026,JAGUNG,0.0,HA
2932,8681,35,JAWA TIMUR,3511,KABUPATEN BONDOWOSO,2026-05,2026,KEDELAI,0.0,HA
2932,8682,35,JAWA TIMUR,3511,KABUPATEN BONDOWOSO,2026-05,2026,PADI,0.0,HA
2933,8683,35,JAWA TIMUR,3512,KABUPATEN SITUBONDO,2026-05,2026,JAGUNG,0.0,HA
2933,8684,35,JAWA TIMUR,3512,KABUPATEN SITUBONDO,2026-05,2026,KEDELAI,0.0,HA
2933,8685,35,JAWA TIMUR,3512,KABUPATEN SITUBONDO,2026-05,2026,PADI,0.0,HA
2934,8686,35,JAWA TIMUR,3513,KABUPATEN PROBOLINGGO,2026-05,2026,JAGUNG,0.0,HA
2934,8687,35,JAWA TIMUR,3513,KABUPATEN PROBOLINGGO,2026-05,2026,KEDELAI,0.0,HA
2934,8688,35,JAWA TIMUR,3513,KABUPATEN PROBOLINGGO,2026-05,2026,PADI,0.0,HA
2935,8689,35,JAWA TIMUR,3514,KABUPATEN PASURUAN,2026-05,2026,JAGUNG,0.0,HA
2935,8690,35,JAWA TIMUR,3514,KABUPATEN PASURUAN,2026-05,2026,KEDELAI,0.0,HA
2935,8691,35,JAWA TIMUR,3514,KABUPATEN PASURUAN,2026-05,2026,PADI,0.0,HA
2936,8692,35,JAWA TIMUR,3515,KABUPATEN SIDOARJO,2026-05,2026,JAGUNG,0.0,HA
2936,8693,35,JAWA TIMUR,3515,KABUPATEN SIDOARJO,2026-05,2026,KEDELAI,0.0,HA
2936,8694,35,JAWA TIMUR,3515,KABUPATEN SIDOARJO,2026-05,2026,PADI,0.0,HA
2937,8695,35,JAWA TIMUR,3516,KABUPATEN MOJOKERTO,2026-05,2026,JAGUNG,0.0,HA
2937,8696,35,JAWA TIMUR,3516,KABUPATEN MOJOKERTO,2026-05,2026,KEDELAI,0.0,HA
2937,8697,35,JAWA TIMUR,3516,KABUPATEN MOJOKERTO,2026-05,2026,PADI,0.0,HA
2938,8698,35,JAWA TIMUR,3517,KABUPATEN JOMBANG,2026-05,2026,JAGUNG,0.0,HA
2938,8699,35,JAWA TIMUR,3517,KABUPATEN JOMBANG,2026-05,2026,KEDELAI,0.0,HA
2938,8700,35,JAWA TIMUR,3517,KABUPATEN JOMBANG,2026-05,2026,PADI,0.0,HA
2939,8701,35,JAWA TIMUR,3518,KABUPATEN NGANJUK,2026-05,2026,JAGUNG,0.0,HA
2939,8702,35,JAWA TIMUR,3518,KABUPATEN NGANJUK,2026-05,2026,KEDELAI,0.0,HA
2939,8703,35,JAWA TIMUR,3518,KABUPATEN NGANJUK,2026-05,2026,PADI,0.0,HA
2940,8704,35,JAWA TIMUR,3519,KABUPATEN MADIUN,2026-05,2026,JAGUNG,0.0,HA
2940,8705,35,JAWA TIMUR,3519,KABUPATEN MADIUN,2026-05,2026,KEDELAI,0.0,HA
2940,8706,35,JAWA TIMUR,3519,KABUPATEN MADIUN,2026-05,2026,PADI,0.0,HA
2941,8707,35,JAWA TIMUR,3520,KABUPATEN MAGETAN,2026-05,2026,JAGUNG,0.0,HA
2941,8708,35,JAWA TIMUR,3520,KABUPATEN MAGETAN,2026-05,2026,KEDELAI,0.0,HA
2941,8709,35,JAWA TIMUR,3520,KABUPATEN MAGETAN,2026-05,2026,PADI,0.0,HA
2942,8710,35,JAWA TIMUR,3521,KABUPATEN NGAWI,2026-05,2026,JAGUNG,0.0,HA
2942,8711,35,JAWA TIMUR,3521,KABUPATEN NGAWI,2026-05,2026,KEDELAI,0.0,HA
2942,8712,35,JAWA TIMUR,3521,KABUPATEN NGAWI,2026-05,2026,PADI,0.0,HA
2943,8713,35,JAWA TIMUR,3522,KABUPATEN BOJONEGORO,2026-05,2026,JAGUNG,0.0,HA
2943,8714,35,JAWA TIMUR,3522,KABUPATEN BOJONEGORO,2026-05,2026,KEDELAI,0.0,HA
2943,8715,35,JAWA TIMUR,3522,KABUPATEN BOJONEGORO,2026-05,2026,PADI,60.0,HA
2944,8716,35,JAWA TIMUR,3523,KABUPATEN TUBAN,2026-05,2026,JAGUNG,0.0,HA
2944,8717,35,JAWA TIMUR,3523,KABUPATEN TUBAN,2026-05,2026,KEDELAI,0.0,HA
2944,8718,35,JAWA TIMUR,3523,KABUPATEN TUBAN,2026-05,2026,PADI,0.0,HA
2945,8719,35,JAWA TIMUR,3524,KABUPATEN LAMONGAN,2026-05,2026,JAGUNG,0.0,HA
2945,8720,35,JAWA TIMUR,3524,KABUPATEN LAMONGAN,2026-05,2026,KEDELAI,0.0,HA
2945,8721,35,JAWA TIMUR,3524,KABUPATEN LAMONGAN,2026-05,2026,PADI,1.0,HA
2946,8722,35,JAWA TIMUR,3525,KABUPATEN GRESIK,2026-05,2026,JAGUNG,0.0,HA
2946,8723,35,JAWA TIMUR,3525,KABUPATEN GRESIK,2026-05,2026,KEDELAI,0.0,HA
2946,8724,35,JAWA TIMUR,3525,KABUPATEN GRESIK,2026-05,2026,PADI,0.0,HA
2947,8725,35,JAWA TIMUR,3526,KABUPATEN BANGKALAN,2026-05,2026,JAGUNG,0.0,HA
2947,8726,35,JAWA TIMUR,3526,KABUPATEN BANGKALAN,2026-05,2026,KEDELAI,0.0,HA
2947,8727,35,JAWA TIMUR,3526,KABUPATEN BANGKALAN,2026-05,2026,PADI,0.0,HA
2948,8728,35,JAWA TIMUR,3527,KABUPATEN SAMPANG,2026-05,2026,JAGUNG,0.0,HA
2948,8729,35,JAWA TIMUR,3527,KABUPATEN SAMPANG,2026-05,2026,KEDELAI,0.0,HA
2948,8730,35,JAWA TIMUR,3527,KABUPATEN SAMPANG,2026-05,2026,PADI,0.0,HA
2949,8731,35,JAWA TIMUR,3528,KABUPATEN PAMEKASAN,2026-05,2026,JAGUNG,0.0,HA
2949,8732,35,JAWA TIMUR,3528,KABUPATEN PAMEKASAN,2026-05,2026,KEDELAI,0.0,HA
2949,8733,35,JAWA TIMUR,3528,KABUPATEN PAMEKASAN,2026-05,2026,PADI,0.0,HA
2950,8734,35,JAWA TIMUR,3529,KABUPATEN SUMENEP,2026-05,2026,JAGUNG,0.0,HA
2950,8735,35,JAWA TIMUR,3529,KABUPATEN SUMENEP,2026-05,2026,KEDELAI,0.0,HA
2950,8736,35,JAWA TIMUR,3529,KABUPATEN SUMENEP,2026-05,2026,PADI,0.0,HA
2951,8737,35,JAWA TIMUR,3571,KOTA KEDIRI,2026-05,2026,JAGUNG,0.0,HA
2951,8738,35,JAWA TIMUR,3571,KOTA KEDIRI,2026-05,2026,KEDELAI,0.0,HA
2951,8739,35,JAWA TIMUR,3571,KOTA KEDIRI,2026-05,2026,PADI,0.0,HA
2956,8752,35,JAWA TIMUR,3572,KOTA BLITAR,2026-05,2026,JAGUNG,0.0,HA
2956,8753,35,JAWA TIMUR,3572,KOTA BLITAR,2026-05,2026,KEDELAI,0.0,HA
2956,8754,35,JAWA TIMUR,3572,KOTA BLITAR,2026-05,2026,PADI,0.0,HA
2957,8755,35,JAWA TIMUR,3573,KOTA MALANG,2026-05,2026,JAGUNG,0.0,HA
2957,8756,35,JAWA TIMUR,3573,KOTA MALANG,2026-05,2026,KEDELAI,0.0,HA
2957,8757,35,JAWA TIMUR,3573,KOTA MALANG,2026-05,2026,PADI,0.0,HA
2952,8740,35,JAWA TIMUR,3574,KOTA PROBOLINGGO,2026-05,2026,JAGUNG,0.0,HA
2952,8741,35,JAWA TIMUR,3574,KOTA PROBOLINGGO,2026-05,2026,KEDELAI,0.0,HA
2952,8742,35,JAWA TIMUR,3574,KOTA PROBOLINGGO,2026-05,2026,PADI,0.0,HA
2953,8743,35,JAWA TIMUR,3575,KOTA PASURUAN,2026-05,2026,JAGUNG,0.0,HA
2953,8744,35,JAWA TIMUR,3575,KOTA PASURUAN,2026-05,2026,KEDELAI,0.0,HA
2953,8745,35,JAWA TIMUR,3575,KOTA PASURUAN,2026-05,2026,PADI,0.0,HA
2958,8758,35,JAWA TIMUR,3576,KOTA MOJOKERTO,2026-05,2026,JAGUNG,0.0,HA
2958,8759,35,JAWA TIMUR,3576,KOTA MOJOKERTO,2026-05,2026,KEDELAI,0.0,HA
2958,8760,35,JAWA TIMUR,3576,KOTA MOJOKERTO,2026-05,2026,PADI,0.0,HA
2954,8746,35,JAWA TIMUR,3577,KOTA MADIUN,2026-05,2026,JAGUNG,0.0,HA
2954,8747,35,JAWA TIMUR,3577,KOTA MADIUN,2026-05,2026,KEDELAI,0.0,HA
2954,8748,35,JAWA TIMUR,3577,KOTA MADIUN,2026-05,2026,PADI,0.0,HA
2959,8761,35,JAWA TIMUR,3578,KOTA SURABAYA,2026-05,2026,JAGUNG,0.0,HA
2959,8762,35,JAWA TIMUR,3578,KOTA SURABAYA,2026-05,2026,KEDELAI,0.0,HA
2959,8763,35,JAWA TIMUR,3578,KOTA SURABAYA,2026-05,2026,PADI,0.0,HA
2955,8749,35,JAWA TIMUR,3579,KOTA BATU,2026-05,2026,JAGUNG,0.0,HA
2955,8750,35,JAWA TIMUR,3579,KOTA BATU,2026-05,2026,KEDELAI,0.0,HA
2955,8751,35,JAWA TIMUR,3579,KOTA BATU,2026-05,2026,PADI,0.0,HA
2960,8764,35,JAWA TIMUR,3501,KABUPATEN PACITAN,2026-06,2026,JAGUNG,0.0,HA
2960,8765,35,JAWA TIMUR,3501,KABUPATEN PACITAN,2026-06,2026,KEDELAI,0.0,HA
2960,8766,35,JAWA TIMUR,3501,KABUPATEN PACITAN,2026-06,2026,PADI,0.0,HA
2961,8767,35,JAWA TIMUR,3502,KABUPATEN PONOROGO,2026-06,2026,JAGUNG,0.0,HA
2961,8768,35,JAWA TIMUR,3502,KABUPATEN PONOROGO,2026-06,2026,KEDELAI,0.0,HA
2961,8769,35,JAWA TIMUR,3502,KABUPATEN PONOROGO,2026-06,2026,PADI,0.0,HA
2962,8770,35,JAWA TIMUR,3503,KABUPATEN TRENGGALEK,2026-06,2026,JAGUNG,0.0,HA
2962,8771,35,JAWA TIMUR,3503,KABUPATEN TRENGGALEK,2026-06,2026,KEDELAI,0.0,HA
2962,8772,35,JAWA TIMUR,3503,KABUPATEN TRENGGALEK,2026-06,2026,PADI,0.0,HA
2963,8773,35,JAWA TIMUR,3504,KABUPATEN TULUNGAGUNG,2026-06,2026,JAGUNG,16.6,HA
2963,8774,35,JAWA TIMUR,3504,KABUPATEN TULUNGAGUNG,2026-06,2026,KEDELAI,0.0,HA
2963,8775,35,JAWA TIMUR,3504,KABUPATEN TULUNGAGUNG,2026-06,2026,PADI,34.0,HA
2964,8776,35,JAWA TIMUR,3505,KABUPATEN BLITAR,2026-06,2026,JAGUNG,0.0,HA
2964,8777,35,JAWA TIMUR,3505,KABUPATEN BLITAR,2026-06,2026,KEDELAI,0.0,HA
2964,8778,35,JAWA TIMUR,3505,KABUPATEN BLITAR,2026-06,2026,PADI,1.69,HA
2965,8779,35,JAWA TIMUR,3506,KABUPATEN KEDIRI,2026-06,2026,JAGUNG,0.0,HA
2965,8780,35,JAWA TIMUR,3506,KABUPATEN KEDIRI,2026-06,2026,KEDELAI,0.0,HA
2965,8781,35,JAWA TIMUR,3506,KABUPATEN KEDIRI,2026-06,2026,PADI,0.0,HA
2966,8782,35,JAWA TIMUR,3507,KABUPATEN MALANG,2026-06,2026,JAGUNG,0.0,HA
2966,8783,35,JAWA TIMUR,3507,KABUPATEN MALANG,2026-06,2026,KEDELAI,0.0,HA
2966,8784,35,JAWA TIMUR,3507,KABUPATEN MALANG,2026-06,2026,PADI,0.0,HA
2967,8785,35,JAWA TIMUR,3508,KABUPATEN LUMAJANG,2026-06,2026,JAGUNG,0.0,HA
2967,8786,35,JAWA TIMUR,3508,KABUPATEN LUMAJANG,2026-06,2026,KEDELAI,0.0,HA
2967,8787,35,JAWA TIMUR,3508,KABUPATEN LUMAJANG,2026-06,2026,PADI,0.0,HA
2968,8788,35,JAWA TIMUR,3509,KABUPATEN JEMBER,2026-06,2026,JAGUNG,0.0,HA
2968,8789,35,JAWA TIMUR,3509,KABUPATEN JEMBER,2026-06,2026,KEDELAI,0.0,HA
2968,8790,35,JAWA TIMUR,3509,KABUPATEN JEMBER,2026-06,2026,PADI,0.0,HA
2969,8791,35,JAWA TIMUR,3510,KABUPATEN BANYUWANGI,2026-06,2026,JAGUNG,0.0,HA
2969,8792,35,JAWA TIMUR,3510,KABUPATEN BANYUWANGI,2026-06,2026,KEDELAI,0.0,HA
2969,8793,35,JAWA TIMUR,3510,KABUPATEN BANYUWANGI,2026-06,2026,PADI,0.0,HA
2970,8794,35,JAWA TIMUR,3511,KABUPATEN BONDOWOSO,2026-06,2026,JAGUNG,0.0,HA
2970,8795,35,JAWA TIMUR,3511,KABUPATEN BONDOWOSO,2026-06,2026,KEDELAI,0.0,HA
2970,8796,35,JAWA TIMUR,3511,KABUPATEN BONDOWOSO,2026-06,2026,PADI,0.0,HA
2971,8797,35,JAWA TIMUR,3512,KABUPATEN SITUBONDO,2026-06,2026,JAGUNG,0.0,HA
2971,8798,35,JAWA TIMUR,3512,KABUPATEN SITUBONDO,2026-06,2026,KEDELAI,0.0,HA
2971,8799,35,JAWA TIMUR,3512,KABUPATEN SITUBONDO,2026-06,2026,PADI,0.0,HA
2972,8800,35,JAWA TIMUR,3513,KABUPATEN PROBOLINGGO,2026-06,2026,JAGUNG,0.0,HA
2972,8801,35,JAWA TIMUR,3513,KABUPATEN PROBOLINGGO,2026-06,2026,KEDELAI,0.0,HA
2972,8802,35,JAWA TIMUR,3513,KABUPATEN PROBOLINGGO,2026-06,2026,PADI,0.0,HA
2973,8803,35,JAWA TIMUR,3514,KABUPATEN PASURUAN,2026-06,2026,JAGUNG,0.0,HA
2973,8804,35,JAWA TIMUR,3514,KABUPATEN PASURUAN,2026-06,2026,KEDELAI,0.0,HA
2973,8805,35,JAWA TIMUR,3514,KABUPATEN PASURUAN,2026-06,2026,PADI,0.0,HA
2974,8806,35,JAWA TIMUR,3515,KABUPATEN SIDOARJO,2026-06,2026,JAGUNG,0.0,HA
2974,8807,35,JAWA TIMUR,3515,KABUPATEN SIDOARJO,2026-06,2026,KEDELAI,0.0,HA
2974,8808,35,JAWA TIMUR,3515,KABUPATEN SIDOARJO,2026-06,2026,PADI,0.0,HA
2975,8809,35,JAWA TIMUR,3516,KABUPATEN MOJOKERTO,2026-06,2026,JAGUNG,0.0,HA
2975,8810,35,JAWA TIMUR,3516,KABUPATEN MOJOKERTO,2026-06,2026,KEDELAI,0.0,HA
2975,8811,35,JAWA TIMUR,3516,KABUPATEN MOJOKERTO,2026-06,2026,PADI,0.0,HA
2976,8812,35,JAWA TIMUR,3517,KABUPATEN JOMBANG,2026-06,2026,JAGUNG,0.0,HA
2976,8813,35,JAWA TIMUR,3517,KABUPATEN JOMBANG,2026-06,2026,KEDELAI,0.0,HA
2976,8814,35,JAWA TIMUR,3517,KABUPATEN JOMBANG,2026-06,2026,PADI,0.0,HA
2977,8815,35,JAWA TIMUR,3518,KABUPATEN NGANJUK,2026-06,2026,JAGUNG,0.0,HA
2977,8816,35,JAWA TIMUR,3518,KABUPATEN NGANJUK,2026-06,2026,KEDELAI,0.0,HA
2977,8817,35,JAWA TIMUR,3518,KABUPATEN NGANJUK,2026-06,2026,PADI,1.0,HA
2978,8818,35,JAWA TIMUR,3519,KABUPATEN MADIUN,2026-06,2026,JAGUNG,0.0,HA
2978,8819,35,JAWA TIMUR,3519,KABUPATEN MADIUN,2026-06,2026,KEDELAI,0.0,HA
2978,8820,35,JAWA TIMUR,3519,KABUPATEN MADIUN,2026-06,2026,PADI,0.0,HA
2979,8821,35,JAWA TIMUR,3520,KABUPATEN MAGETAN,2026-06,2026,JAGUNG,0.0,HA
2979,8822,35,JAWA TIMUR,3520,KABUPATEN MAGETAN,2026-06,2026,KEDELAI,0.0,HA
2979,8823,35,JAWA TIMUR,3520,KABUPATEN MAGETAN,2026-06,2026,PADI,0.0,HA
2980,8824,35,JAWA TIMUR,3521,KABUPATEN NGAWI,2026-06,2026,JAGUNG,0.0,HA
2980,8825,35,JAWA TIMUR,3521,KABUPATEN NGAWI,2026-06,2026,KEDELAI,0.0,HA
2980,8826,35,JAWA TIMUR,3521,KABUPATEN NGAWI,2026-06,2026,PADI,0.0,HA
2981,8827,35,JAWA TIMUR,3522,KABUPATEN BOJONEGORO,2026-06,2026,JAGUNG,0.0,HA
2981,8828,35,JAWA TIMUR,3522,KABUPATEN BOJONEGORO,2026-06,2026,KEDELAI,0.0,HA
2981,8829,35,JAWA TIMUR,3522,KABUPATEN BOJONEGORO,2026-06,2026,PADI,10.0,HA
2982,8830,35,JAWA TIMUR,3523,KABUPATEN TUBAN,2026-06,2026,JAGUNG,0.0,HA
2982,8831,35,JAWA TIMUR,3523,KABUPATEN TUBAN,2026-06,2026,KEDELAI,0.0,HA
2982,8832,35,JAWA TIMUR,3523,KABUPATEN TUBAN,2026-06,2026,PADI,0.0,HA
2983,8833,35,JAWA TIMUR,3524,KABUPATEN LAMONGAN,2026-06,2026,JAGUNG,0.0,HA
2983,8834,35,JAWA TIMUR,3524,KABUPATEN LAMONGAN,2026-06,2026,KEDELAI,0.0,HA
2983,8835,35,JAWA TIMUR,3524,KABUPATEN LAMONGAN,2026-06,2026,PADI,3.5,HA
2984,8836,35,JAWA TIMUR,3525,KABUPATEN GRESIK,2026-06,2026,JAGUNG,0.0,HA
2984,8837,35,JAWA TIMUR,3525,KABUPATEN GRESIK,2026-06,2026,KEDELAI,0.0,HA
2984,8838,35,JAWA TIMUR,3525,KABUPATEN GRESIK,2026-06,2026,PADI,0.0,HA
2985,8839,35,JAWA TIMUR,3526,KABUPATEN BANGKALAN,2026-06,2026,JAGUNG,0.0,HA
2985,8840,35,JAWA TIMUR,3526,KABUPATEN BANGKALAN,2026-06,2026,KEDELAI,0.0,HA
2985,8841,35,JAWA TIMUR,3526,KABUPATEN BANGKALAN,2026-06,2026,PADI,0.0,HA
2986,8842,35,JAWA TIMUR,3527,KABUPATEN SAMPANG,2026-06,2026,JAGUNG,0.0,HA
2986,8843,35,JAWA TIMUR,3527,KABUPATEN SAMPANG,2026-06,2026,KEDELAI,0.0,HA
2986,8844,35,JAWA TIMUR,3527,KABUPATEN SAMPANG,2026-06,2026,PADI,0.0,HA
2987,8845,35,JAWA TIMUR,3528,KABUPATEN PAMEKASAN,2026-06,2026,JAGUNG,0.0,HA
2987,8846,35,JAWA TIMUR,3528,KABUPATEN PAMEKASAN,2026-06,2026,KEDELAI,0.0,HA
2987,8847,35,JAWA TIMUR,3528,KABUPATEN PAMEKASAN,2026-06,2026,PADI,0.0,HA
2988,8848,35,JAWA TIMUR,3529,KABUPATEN SUMENEP,2026-06,2026,JAGUNG,0.0,HA
2988,8849,35,JAWA TIMUR,3529,KABUPATEN SUMENEP,2026-06,2026,KEDELAI,0.0,HA
2988,8850,35,JAWA TIMUR,3529,KABUPATEN SUMENEP,2026-06,2026,PADI,0.0,HA
2989,8851,35,JAWA TIMUR,3571,KOTA KEDIRI,2026-06,2026,JAGUNG,0.0,HA
2989,8852,35,JAWA TIMUR,3571,KOTA KEDIRI,2026-06,2026,KEDELAI,0.0,HA
2989,8853,35,JAWA TIMUR,3571,KOTA KEDIRI,2026-06,2026,PADI,0.0,HA
2994,8866,35,JAWA TIMUR,3572,KOTA BLITAR,2026-06,2026,JAGUNG,0.0,HA
2994,8867,35,JAWA TIMUR,3572,KOTA BLITAR,2026-06,2026,KEDELAI,0.0,HA
2994,8868,35,JAWA TIMUR,3572,KOTA BLITAR,2026-06,2026,PADI,0.0,HA
2995,8869,35,JAWA TIMUR,3573,KOTA MALANG,2026-06,2026,JAGUNG,0.0,HA
2995,8870,35,JAWA TIMUR,3573,KOTA MALANG,2026-06,2026,KEDELAI,0.0,HA
2995,8871,35,JAWA TIMUR,3573,KOTA MALANG,2026-06,2026,PADI,0.0,HA
2990,8854,35,JAWA TIMUR,3574,KOTA PROBOLINGGO,2026-06,2026,JAGUNG,0.0,HA
2990,8855,35,JAWA TIMUR,3574,KOTA PROBOLINGGO,2026-06,2026,KEDELAI,0.0,HA
2990,8856,35,JAWA TIMUR,3574,KOTA PROBOLINGGO,2026-06,2026,PADI,0.0,HA
2991,8857,35,JAWA TIMUR,3575,KOTA PASURUAN,2026-06,2026,JAGUNG,0.0,HA
2991,8858,35,JAWA TIMUR,3575,KOTA PASURUAN,2026-06,2026,KEDELAI,0.0,HA
2991,8859,35,JAWA TIMUR,3575,KOTA PASURUAN,2026-06,2026,PADI,0.0,HA
2996,8872,35,JAWA TIMUR,3576,KOTA MOJOKERTO,2026-06,2026,JAGUNG,0.0,HA
2996,8873,35,JAWA TIMUR,3576,KOTA MOJOKERTO,2026-06,2026,KEDELAI,0.0,HA
2996,8874,35,JAWA TIMUR,3576,KOTA MOJOKERTO,2026-06,2026,PADI,0.0,HA
2992,8860,35,JAWA TIMUR,3577,KOTA MADIUN,2026-06,2026,JAGUNG,0.0,HA
2992,8861,35,JAWA TIMUR,3577,KOTA MADIUN,2026-06,2026,KEDELAI,0.0,HA
2992,8862,35,JAWA TIMUR,3577,KOTA MADIUN,2026-06,2026,PADI,0.0,HA
2997,8875,35,JAWA TIMUR,3578,KOTA SURABAYA,2026-06,2026,JAGUNG,0.0,HA
2997,8876,35,JAWA TIMUR,3578,KOTA SURABAYA,2026-06,2026,KEDELAI,0.0,HA
2997,8877,35,JAWA TIMUR,3578,KOTA SURABAYA,2026-06,2026,PADI,0.0,HA
2993,8863,35,JAWA TIMUR,3579,KOTA BATU,2026-06,2026,JAGUNG,0.0,HA
2993,8864,35,JAWA TIMUR,3579,KOTA BATU,2026-06,2026,KEDELAI,0.0,HA
2993,8865,35,JAWA TIMUR,3579,KOTA BATU,2026-06,2026,PADI,0.0,HA
