prov_rank,kabupaten,kecamatan,mean_lsi,median_lsi,std_lsi,iqr_lsi,pct_critical_area,pct_severe_area,n_pixels_1km2,intra_kab_rank,kab_total_kec,kab_mean_lsi,intra_kab_delta,intra_kab_zscore,risk_category
1,Bondowoso,Pujer,0.9837629795074463,1.0,0.04104284569621086,0.0,100.0,97.22222222222221,36,1,17,0.7410174660822925,0.24274551342515382,1.3826873538150601,Extreme Priority (Tier 1)
2,Bondowoso,Tenggarang,0.9786932468414307,1.0,0.05568058043718338,0.0,100.0,91.30434782608695,23,2,17,0.7410174660822925,0.2376757807591382,1.3538099704780278,Extreme Priority (Tier 1)
3,Bondowoso,Bondowoso,0.9645897150039673,1.0,0.06922253221273422,0.04087698459625244,95.0,95.0,20,3,17,0.7410174660822925,0.22357224892167482,1.273475735498227,Extreme Priority (Tier 1)
4,Bondowoso,Tapen,0.9524722695350647,1.0,0.08172363042831421,0.058500707149505615,93.87755102040816,89.79591836734694,49,4,17,0.7410174660822925,0.21145480345277223,1.2044543213679049,Extreme Priority (Tier 1)
5,Bondowoso,Wonosari,0.9359071254730225,0.9761925935745239,0.07766851037740707,0.11260485649108887,97.22222222222221,83.33333333333334,36,5,17,0.7410174660822925,0.19488965939073,1.1100986528098014,Extreme Priority (Tier 1)
6,Lamongan,Blubuk,0.8851944208145142,0.8787381649017334,0.0886271595954895,0.14467889070510864,90.38461538461539,63.46153846153846,52,1,25,0.6764296876887481,0.20876473312576604,1.6704624236854502,Extreme Priority (Tier 1)
7,Lamongan,Sambeng,0.8781217336654663,0.8793619871139526,0.08122073858976364,0.12907642126083374,94.9438202247191,58.98876404494382,178,2,25,0.6764296876887481,0.2016920459767182,1.6138692532774488,Extreme Priority (Tier 1)
8,Ngawi,Geneng,0.8720927834510803,0.8783587217330933,0.12223903089761734,0.1909623146057129,80.43478260869566,54.347826086956516,92,1,16,0.7481553852558136,0.12393739819526672,1.6140756613047802,Extreme Priority (Tier 1)
9,Bojonegoro,Baureno,0.8670632839202881,1.0,0.24484699964523315,0.1755082607269287,78.48101265822784,72.15189873417721,79,1,23,0.7530349026555601,0.11402838126472803,1.4201528976882243,Extreme Priority (Tier 1)
10,Jombang,Mojoagung,0.863274097442627,0.8730775713920593,0.1086820438504219,0.15867626667022705,83.63636363636363,61.81818181818181,55,1,20,0.6710116803646088,0.19226241707801817,1.7947800357564268,Extreme Priority (Tier 1)
11,Mojokerto,Damarblandong,0.8605543971061707,0.8645932674407959,0.07351893931627274,0.09013664722442627,91.02564102564102,61.53846153846154,78,1,17,0.6392107851365033,0.22134361196966734,1.6228874922155099,Extreme Priority (Tier 1)
12,Bojonegoro,Ngasem,0.8516664505004883,0.85434889793396,0.10534442216157913,0.16630303859710693,81.4207650273224,50.81967213114754,183,2,23,0.7530349026555601,0.09863154784492822,1.2283948690831539,Extreme Priority (Tier 1)
13,Ngawi,Widodaren,0.8478701710700989,0.862563967704773,0.12033774703741074,0.1846368908882141,78.76106194690266,54.86725663716814,226,2,16,0.7481553852558136,0.09971478581428528,1.2986169727516819,Extreme Priority (Tier 1)
14,Jombang,Sumobito,0.838641345500946,0.9008203744888306,0.1750866323709488,0.27302008867263794,72.0,56.00000000000001,50,2,20,0.6710116803646088,0.16762966513633726,1.5648319674726023,Extreme Priority (Tier 1)
15,Bojonegoro,Padangan,0.8376098275184631,0.8514841198921204,0.1537870466709137,0.21472865343093872,81.53846153846153,50.76923076923077,65,3,23,0.7530349026555601,0.08457492486290308,1.053328331803379,Extreme Priority (Tier 1)
16,Bojonegoro,Malo,0.8370358347892761,0.8829994201660156,0.1491338610649109,0.23737001419067383,72.6027397260274,58.9041095890411,73,4,23,0.7530349026555601,0.08400093213371607,1.0461796077000838,Extreme Priority (Tier 1)
17,Ngawi,Paron,0.8359732031822205,0.8219371438026428,0.11707314103841782,0.2310768961906433,69.6969696969697,42.42424242424242,99,3,16,0.7481553852558136,0.08781781792640686,1.1436790235065728,Extreme Priority (Tier 1)
18,Bondowoso,Tamanan,0.8354803919792175,0.8542866706848145,0.1353100687265396,0.2371290922164917,67.9245283018868,52.83018867924528,53,6,17,0.7410174660822925,0.09446292589692507,0.5380642929259308,Extreme Priority (Tier 1)
19,Ngawi,Kedungalar,0.8327356576919556,0.8274098634719849,0.10264606028795242,0.15382879972457886,75.60975609756098,46.34146341463415,82,4,16,0.7481553852558136,0.08458027243614197,1.1015154517816728,Extreme Priority (Tier 1)
20,Lamongan,Ngimbang,0.8305118680000305,0.8138318657875061,0.08479199558496475,0.10604751110076904,85.26315789473684,32.631578947368425,95,3,25,0.6764296876887481,0.1540821803112824,1.2329117495839919,Extreme Priority (Tier 1)
21,Nganjuk,Baron,0.8275855779647827,0.8135144710540771,0.12832953035831451,0.1994062066078186,78.125,43.75,32,1,20,0.6635750740766525,0.1640105038881302,2.040199685531448,Extreme Priority (Tier 1)
22,Mojokerto,Jetis,0.8237906694412231,0.8265211582183838,0.1065286174416542,0.12831628322601318,81.9672131147541,47.540983606557376,61,2,17,0.6392107851365033,0.18457988430471983,1.3533364838817485,Extreme Priority (Tier 1)
23,Bojonegoro,Margomulyo,0.8225011229515076,0.8135504722595215,0.1086779236793518,0.1607087254524231,72.26277372262774,40.14598540145985,137,5,23,0.7530349026555601,0.06946622029594751,0.8651587696900355,Extreme Priority (Tier 1)
24,Ngawi,Pitu,0.8197500109672546,0.8146389126777649,0.09495758265256882,0.11990964412689209,75.90361445783132,34.93975903614458,83,5,16,0.7481553852558136,0.07159462571144104,0.9323992961268709,Extreme Priority (Tier 1)
25,Lamongan,Mantep,0.8144817352294922,0.8103595972061157,0.09366046637296677,0.13250672817230225,73.5632183908046,27.586206896551722,87,4,25,0.6764296876887481,0.13805204754074407,1.104644230262415,Extreme Priority (Tier 1)
26,Kediri,Plemahan,0.8126602172851562,0.8346390724182129,0.15849269926548004,0.2383670210838318,68.75,45.83333333333333,48,1,21,0.6245542353107816,0.18810598197437467,1.7397457455961698,Extreme Priority (Tier 1)
27,Lamongan,Modo,0.8101436495780945,0.8007375597953796,0.11328477412462234,0.19194358587265015,65.82278481012658,37.9746835443038,79,5,25,0.6764296876887481,0.13371396188934637,1.069932385196978,Extreme Priority (Tier 1)
28,Bojonegoro,Kepohbaru,0.8051733374595642,0.7728725671768188,0.10757371038198471,0.1413763165473938,65.27777777777779,27.77777777777778,72,6,23,0.7530349026555601,0.05213843480400415,0.6493519284109928,Extreme Priority (Tier 1)
29,Kediri,Papar,0.8049234747886658,0.7873536348342896,0.16638730466365814,0.2877182960510254,59.523809523809526,47.61904761904761,42,2,21,0.6245542353107816,0.1803692394778842,1.6681905260238543,Extreme Priority (Tier 1)
30,Jombang,Jogoroto,0.8044215440750122,0.7596768736839294,0.12529277801513672,0.2229628562927246,63.33333333333333,30.0,30,3,20,0.6710116803646088,0.13340986371040342,1.2453882750431404,Extreme Priority (Tier 1)
31,Bojonegoro,Ngraho,0.7944043278694153,0.7863147258758545,0.08313900232315063,0.11416375637054443,67.5925925925926,25.0,108,7,23,0.7530349026555601,0.04136942521385523,0.5152305806811097,Extreme Priority (Tier 1)
32,Situbondo,Jangkar,0.7937770485877991,0.7916266322135925,0.08804450184106827,0.11303085088729858,61.53846153846154,28.205128205128204,39,1,17,0.584401069318547,0.2093759792692521,2.4869130401693242,Extreme Priority (Tier 1)
33,Kediri,Pagu,0.7903371453285217,0.7936294674873352,0.12340112775564194,0.15904629230499268,59.01639344262295,27.86885245901639,61,3,21,0.6245542353107816,0.16578291001774015,1.533285169183014,High Priority (Tier 2)
34,Bojonegoro,Dander,0.7890951037406921,0.7813903093338013,0.14671050012111664,0.23273444175720215,58.97435897435898,36.75213675213676,117,8,23,0.7530349026555601,0.03606020108513208,0.44910748091195857,High Priority (Tier 2)
35,Bojonegoro,Purwosari,0.7881935834884644,0.7838780879974365,0.08781854063272476,0.10411602258682251,68.33333333333333,20.0,60,9,23,0.7530349026555601,0.0351586808329043,0.4378796042699709,Extreme Priority (Tier 1)
36,Lamongan,Sugio,0.7852314710617065,0.7813514471054077,0.07761385291814804,0.10752791166305542,65.27777777777779,20.833333333333336,72,6,25,0.6764296876887481,0.10880178337295843,0.8705938404117342,Extreme Priority (Tier 1)
37,Bojonegoro,Kasiman,0.7824594378471375,0.7645963430404663,0.10781975835561752,0.146040141582489,53.62318840579711,25.36231884057971,138,10,23,0.7530349026555601,0.029424535191577394,0.36646437011531696,High Priority (Tier 2)
38,Madiun,Balerejo,0.7823013663291931,0.7946484088897705,0.13813287019729614,0.2051045298576355,58.490566037735846,37.735849056603776,53,1,15,0.6499545017878214,0.13234686454137168,1.7670993362853913,High Priority (Tier 2)
39,Bojonegoro,Tambakrejo,0.7818498611450195,0.7798752784729004,0.07092225551605225,0.10184133052825928,67.6328502415459,20.28985507246377,207,11,23,0.7530349026555601,0.028814958489459475,0.35887246965795444,Extreme Priority (Tier 1)
40,Lamongan,Babat,0.7791088223457336,0.7717159986495972,0.09949729591608047,0.1031714677810669,58.333333333333336,20.0,60,7,25,0.6764296876887481,0.10267913465698553,0.8216025454725777,High Priority (Tier 2)
41,Jombang,Kudu,0.7749744653701782,0.7921805381774902,0.1285722404718399,0.1027151346206665,70.66666666666667,24.0,75,4,20,0.6710116803646088,0.10396278500556944,0.970498206697969,Extreme Priority (Tier 1)
42,Tuban,Parengan,0.7747106552124023,0.7792477607727051,0.08211925625801086,0.10757279396057129,65.15151515151516,19.696969696969695,132,1,19,0.6537798674483049,0.12093078776409749,1.5593384487713016,Extreme Priority (Tier 1)
43,Bojonegoro,Kedungadem,0.7737360596656799,0.7650009393692017,0.0805622935295105,0.12234503030776978,57.7922077922078,18.83116883116883,154,12,23,0.7530349026555601,0.020701157010119875,0.25782009520216226,High Priority (Tier 2)
44,Mojokerto,Trowulan,0.7710246443748474,0.7822539210319519,0.13893596827983856,0.1938382387161255,59.57446808510638,36.17021276595745,47,3,17,0.6392107851365033,0.1318138592383441,0.966456910840868,High Priority (Tier 2)
45,Jombang,Peterongan,0.7678524255752563,0.7636362910270691,0.19737090170383453,0.36030417680740356,57.14285714285714,39.285714285714285,28,5,20,0.6710116803646088,0.09684074521064756,0.9040135809866343,High Priority (Tier 2)
46,Ngawi,Mantingan,0.767539381980896,0.7833492755889893,0.12042203545570374,0.17278945446014404,59.45945945945946,26.351351351351347,148,6,16,0.7481553852558136,0.019383996725082397,0.25244387721834516,High Priority (Tier 2)
47,Pamekasan,Galis,0.764589250087738,0.7626661658287048,0.05828384310007095,0.06305086612701416,70.58823529411765,5.88235294117647,17,1,13,0.6722519260186416,0.09233732406909645,1.536794196850502,Extreme Priority (Tier 1)
48,Pasuruan,Purwosari,0.7643433809280396,0.7399718165397644,0.1504897028207779,0.19238430261611938,42.62295081967213,31.147540983606557,61,1,24,0.5713256684442362,0.1930177124838034,2.2669747190688114,High Priority (Tier 2)
49,Pamekasan,Tlanakan,0.7639950513839722,0.7707252502441406,0.06727562844753265,0.05910974740982056,64.28571428571429,8.928571428571429,56,2,13,0.6722519260186416,0.09174312536533058,1.52690479265854,Extreme Priority (Tier 1)
50,Bojonegoro,Sumberejo,0.7632974982261658,0.7692949771881104,0.10111015290021896,0.10529839992523193,55.072463768115945,11.594202898550725,69,13,23,0.7530349026555601,0.010262595570605715,0.12781427461959685,High Priority (Tier 2)
51,Ngawi,Bringin,0.7586860656738281,0.7558333277702332,0.08902353048324585,0.13050830364227295,53.84615384615385,10.76923076923077,65,7,16,0.7481553852558136,0.010530680418014526,0.1371443584196948,High Priority (Tier 2)
52,Tuban,Plumpang,0.7571273446083069,0.7425061464309692,0.14939551055431366,0.23066359758377075,48.837209302325576,30.23255813953488,86,2,19,0.6537798674483049,0.10334747716000203,1.3326109727613067,High Priority (Tier 2)
53,Ngawi,Ngrambe,0.755885124206543,0.7769178152084351,0.16297517716884613,0.15426760911941528,56.52173913043478,24.637681159420293,69,8,16,0.7481553852558136,0.00772973895072937,0.10066681800883819,High Priority (Tier 2)
54,Mojokerto,Kemlagi,0.7535431385040283,0.7792140245437622,0.12054513394832611,0.11987584829330444,69.6969696969697,12.121212121212121,66,4,17,0.6392107851365033,0.11433235336752501,0.8382828155038309,Extreme Priority (Tier 1)
55,Lamongan,Kedungpring,0.7534321546554565,0.7420996427536011,0.09255722165107727,0.12733346223831177,46.15384615384615,14.102564102564102,78,8,25,0.6764296876887481,0.07700246696670843,0.6161468255343503,High Priority (Tier 2)
56,Gresik,Balongpanggang,0.7516782283782959,0.7457706332206726,0.07811637222766876,0.08780097961425781,47.94520547945205,12.32876712328767,73,1,18,0.6209769807755947,0.1307012476027012,2.335946004379861,High Priority (Tier 2)
57,Tuban,Montong,0.749626636505127,0.7421098947525024,0.0768047422170639,0.10756796598434448,45.52238805970149,10.44776119402985,134,3,19,0.6537798674483049,0.0958467690568221,1.2358933150452678,High Priority (Tier 2)
58,Pamekasan,Proppo,0.7481494545936584,0.7445768117904663,0.09254591912031174,0.1535433530807495,48.05194805194805,12.987012987012985,77,3,13,0.6722519260186416,0.07589752857501686,1.2631823874612138,High Priority (Tier 2)
59,Nganjuk,Ngronggot,0.7474671602249146,0.7107689380645752,0.13308751583099365,0.20158928632736206,42.30769230769231,23.076923076923077,52,2,20,0.6635750740766525,0.08389208614826205,1.0435710135675544,High Priority (Tier 2)
60,Malang,Lawang,0.74483722448349,0.7640079259872437,0.13601882755756378,0.16862553358078003,56.97674418604651,16.27906976744186,86,1,35,0.5215494292122977,0.22328779527119225,2.357508200298365,High Priority (Tier 2)
61,Lamongan,Tikung,0.7448071837425232,0.7405152320861816,0.07831090688705444,0.09778439998626709,43.56435643564357,7.920792079207921,101,9,25,0.6764296876887481,0.06837749605377508,0.5471328230267738,High Priority (Tier 2)
62,Kediri,Purwoasri,0.7445578575134277,0.7657763361930847,0.14565600454807281,0.19176727533340454,52.54237288135594,20.33898305084746,59,4,21,0.6245542353107816,0.12000362220264615,1.1098838484127784,High Priority (Tier 2)
63,Bojonegoro,Sugihwaras,0.7426453232765198,0.7436475157737732,0.08103660494089127,0.07916271686553955,43.61702127659575,8.51063829787234,94,14,23,0.7530349026555601,-0.010389579379040281,-0.1293957793424357,High Priority (Tier 2)
64,Ngawi,Ngawi,0.7425525784492493,0.7332027554512024,0.09308190643787384,0.1175464391708374,42.465753424657535,13.698630136986301,73,9,16,0.7481553852558136,-0.005602806806564331,-0.07296711269684875,High Priority (Tier 2)
65,Bondowoso,Tlogosari,0.7414587736129761,0.9245449900627136,0.33350884914398193,0.46519768238067627,62.264150943396224,58.490566037735846,106,7,17,0.7410174660822925,0.00044130753068361006,0.002513703891823815,Extreme Priority (Tier 1)
66,Bojonegoro,Trucuk,0.7412573099136353,0.7647047638893127,0.18911445140838623,0.3255549669265747,52.27272727272727,34.090909090909086,44,15,23,0.7530349026555601,-0.011777592741924803,-0.14668262650686328,High Priority (Tier 2)
67,Bangkalan,Geger,0.7399540543556213,0.7363670468330383,0.09713035821914673,0.11441987752914429,42.22222222222222,9.62962962962963,135,1,18,0.6350120902061462,0.1049419641494751,1.4882963809384104,High Priority (Tier 2)
68,Bojonegoro,Kapas,0.7389248609542847,0.7423638105392456,0.10987335443496704,0.10692077875137329,45.23809523809524,11.904761904761903,84,16,23,0.7530349026555601,-0.014110041701275389,-0.17573183435838471,High Priority (Tier 2)
69,Jombang,Mojowarno,0.737273097038269,0.7359170913696289,0.11392227560281754,0.1689547896385193,45.20547945205479,12.32876712328767,73,6,20,0.6710116803646088,0.06626141667366026,0.618553899374754,High Priority (Tier 2)
70,Kediri,Kunjang,0.7369784116744995,0.7783225178718567,0.17902037501335144,0.21124041080474854,52.77777777777778,27.77777777777778,36,5,21,0.6245542353107816,0.11242417636371793,1.0397834267576698,High Priority (Tier 2)
71,Ngawi,Padas,0.7360073328018188,0.7800701260566711,0.17419984936714172,0.22729194164276123,56.32183908045977,28.735632183908045,87,10,16,0.7481553852558136,-0.012148052453994751,-0.15820790240693933,High Priority (Tier 2)
72,Tuban,Rengel,0.7341018319129944,0.7987465262413025,0.2241053432226181,0.12483209371566772,73.72262773722628,30.656934306569344,137,4,19,0.6537798674483049,0.08032196446468953,1.0357091836279029,Extreme Priority (Tier 1)
73,Jombang,Bareng,0.734076738357544,0.7320218086242676,0.11697997897863388,0.1230056881904602,40.32258064516129,16.129032258064516,62,7,20,0.6710116803646088,0.06306505799293516,0.588715718650363,High Priority (Tier 2)
74,Mojokerto,Bangsal,0.732770562171936,0.724346935749054,0.15792392194271088,0.25362855195999146,45.714285714285715,34.285714285714285,35,5,17,0.6392107851365033,0.09355977703543272,0.6859786490973285,High Priority (Tier 2)
75,Lamongan,Sukorame,0.729997456073761,0.723998486995697,0.09174124151468277,0.1355891227722168,40.27777777777778,8.333333333333332,72,10,25,0.6764296876887481,0.05356776838501287,0.42863055875410844,High Priority (Tier 2)
76,Bangkalan,Galis,0.7297670245170593,0.7288828492164612,0.08295357972383499,0.11075198650360107,39.130434782608695,11.304347826086957,115,2,18,0.6350120902061462,0.09475493431091309,1.3438230068775985,High Priority (Tier 2)
77,Bojonegoro,Kanor,0.7296422123908997,0.7542000412940979,0.24748052656650543,0.44355785846710205,51.470588235294116,39.705882352941174,68,17,23,0.7530349026555601,-0.0233926902646604,-0.2913414756538052,High Priority (Tier 2)
78,Tuban,Soko,0.7270158529281616,0.8119344115257263,0.2631133496761322,0.17316550016403198,70.47619047619048,36.19047619047619,105,5,19,0.6537798674483049,0.07323598547985677,0.9443392382026768,Extreme Priority (Tier 1)
79,Nganjuk,Nganjuk,0.7234755158424377,0.7137044668197632,0.09888000041246414,0.13510000705718994,31.818181818181817,9.090909090909092,22,3,20,0.6635750740766525,0.05990044176578524,0.7451282665231441,High Priority (Tier 2)
80,Kota Madiun,Mangunharjo,0.7213857769966125,0.6718180179595947,0.13446830213069916,0.15964877605438232,40.0,20.0,10,1,3,0.6265403230985006,0.09484545389811194,0.9846726882338932,High Priority (Tier 2)
81,Nganjuk,Gondang,0.7203400731086731,0.712141752243042,0.08922071009874344,0.10754722356796265,31.46067415730337,6.741573033707865,89,4,20,0.6635750740766525,0.05676499903202059,0.7061250982639223,High Priority (Tier 2)
82,Bangkalan,Konang,0.7175431847572327,0.7164970636367798,0.10520720481872559,0.14891886711120605,42.10526315789473,11.842105263157894,76,3,18,0.6350120902061462,0.08253109455108643,1.1704634111889936,High Priority (Tier 2)
83,Bondowoso,Tegalampel,0.7171704769134521,0.7112511396408081,0.11508164554834366,0.12609899044036865,36.36363636363637,11.688311688311687,77,8,17,0.7410174660822925,-0.023846989168840316,-0.1358333255476906,High Priority (Tier 2)
84,Kediri,Kandangan,0.7170206904411316,0.7250417470932007,0.15269067883491516,0.18837732076644897,42.028985507246375,15.942028985507244,69,6,21,0.6245542353107816,0.09246645513035001,0.8551993946970826,High Priority (Tier 2)
85,Jombang,Kabuh,0.7141944766044617,0.6969977617263794,0.09342179447412491,0.11355996131896973,30.208333333333332,6.25,96,8,20,0.6710116803646088,0.04318279623985288,0.40311373256051103,High Priority (Tier 2)
86,Madiun,Kebonsari,0.7136157751083374,0.7219011187553406,0.10234915465116501,0.12423241138458252,42.0,6.0,50,2,15,0.6499545017878214,0.06366127332051597,0.8500072458958816,High Priority (Tier 2)
87,Jombang,Ngoro,0.7111342549324036,0.7056533694267273,0.1365295946598053,0.15227669477462769,32.075471698113205,15.09433962264151,53,9,20,0.6710116803646088,0.04012257456779478,0.3745463981564592,High Priority (Tier 2)
88,Sampang,Robatal,0.7107781171798706,0.7151591181755066,0.07145243138074875,0.11300408840179443,36.09467455621302,2.366863905325444,169,1,12,0.6185134251912435,0.09226469198862708,1.713932861221928,High Priority (Tier 2)
89,Mojokerto,Mojosari,0.7101500630378723,0.7256012558937073,0.13307350873947144,0.20073997974395752,41.935483870967744,16.129032258064516,31,6,17,0.6392107851365033,0.070939277901369,0.5201255450223189,High Priority (Tier 2)
90,Sumenep,Pasongsongan,0.7101079225540161,0.7378100752830505,0.11730831116437912,0.16740262508392334,45.714285714285715,7.6190476190476195,105,1,25,0.6219279944896698,0.08817992806434627,1.8331589071285854,High Priority (Tier 2)
91,Nganjuk,Jatikalen,0.7089806199073792,0.7072176337242126,0.074639692902565,0.07040667533874512,19.565217391304348,4.3478260869565215,46,5,20,0.6635750740766525,0.045405545830726646,0.5648198019586509,High Priority (Tier 2)
92,Madiun,Pilangkenceng,0.7086839079856873,0.6873070001602173,0.11042466014623642,0.13465410470962524,28.999999999999996,13.0,100,3,15,0.6499545017878214,0.05872940619786582,0.7841568069808103,High Priority (Tier 2)
93,Tuban,Semanding,0.7079393267631531,0.7190852761268616,0.07866059988737106,0.10790044069290161,32.450331125827816,1.3245033112582782,151,6,19,0.6537798674483049,0.054159459314848224,0.6983575385207292,High Priority (Tier 2)
94,Sumenep,Bluto,0.7068618535995483,0.7025473117828369,0.07407340407371521,0.082275390625,22.22222222222222,3.7037037037037033,54,2,25,0.6219279944896698,0.0849338591098785,1.7656768809162942,High Priority (Tier 2)
95,Lamongan,Kambangbahu,0.7068138122558594,0.7000629305839539,0.05979513004422188,0.07321786880493164,20.0,1.6666666666666667,60,11,25,0.6764296876887481,0.03038412456711126,0.24312314444107122,High Priority (Tier 2)
96,Bangkalan,Kokop,0.7065009474754333,0.711256742477417,0.08418011665344238,0.101706862449646,32.52032520325203,2.4390243902439024,123,4,18,0.6350120902061462,0.07148885726928711,1.0138614081946813,High Priority (Tier 2)
97,Ngawi,Pangkur,0.7064128518104553,0.7244387865066528,0.1465107947587967,0.08855599164962769,35.294117647058826,8.823529411764707,34,11,16,0.7481553852558136,-0.041742533445358276,-0.5436261229980113,High Priority (Tier 2)
98,Bojonegoro,Bubulan,0.7055960893630981,0.7046959400177002,0.105801522731781,0.14175844192504883,32.967032967032964,8.791208791208792,182,18,23,0.7530349026555601,-0.04743881329246191,-0.5908210518552706,High Priority (Tier 2)
99,Madiun,Dolopo,0.7032856345176697,0.6984564065933228,0.11402423679828644,0.15582549571990967,33.33333333333333,8.333333333333332,60,4,15,0.6499545017878214,0.05333113272984824,0.7120788964426357,High Priority (Tier 2)
100,Kediri,Gurah,0.6986751556396484,0.6894623637199402,0.1333724856376648,0.19756436347961426,30.357142857142854,16.071428571428573,56,7,21,0.6245542353107816,0.07412092032886686,0.6855260765677595,High Priority (Tier 2)
101,Sumenep,Dungkek,0.6981221437454224,0.6925885081291199,0.09026577323675156,0.10621452331542969,23.52941176470588,5.88235294117647,51,3,25,0.6219279944896698,0.07619414925575252,1.5839884024099438,High Priority (Tier 2)
102,Bondowoso,Cermee,0.6973525881767273,0.6755085587501526,0.14801450073719025,0.1692638397216797,29.94011976047904,16.16766467065868,167,9,17,0.7410174660822925,-0.04366487790556517,-0.2487167471563551,High Priority (Tier 2)
103,Bondowoso,Prajekan,0.6963764429092407,0.6579752564430237,0.16075195372104645,0.2254604697227478,33.33333333333333,17.77777777777778,90,10,17,0.7410174660822925,-0.04464102317305174,-0.25427690642684253,High Priority (Tier 2)
104,Nganjuk,Berbek,0.6963128447532654,0.6824003458023071,0.11381720751523972,0.17758631706237793,32.0,8.0,75,6,20,0.6635750740766525,0.032737770676612876,0.40723970633602874,High Priority (Tier 2)
105,Pamekasan,Larangan,0.6957577466964722,0.6919364929199219,0.06446205079555511,0.11709791421890259,28.57142857142857,0.0,42,4,13,0.6722519260186416,0.02350582067783058,0.3912135116983367,High Priority (Tier 2)
106,Trenggalek,Gandusari,0.6948760151863098,0.694984495639801,0.14102725684642792,0.12698125839233398,25.925925925925924,14.814814814814813,54,1,13,0.4784364299132274,0.21643958527308244,1.4024781631436978,High Priority (Tier 2)
107,Sampang,Omben,0.6944503784179688,0.695543110370636,0.08581485599279404,0.12687349319458008,27.27272727272727,4.040404040404041,99,2,12,0.6185134251912435,0.07593695322672522,1.4106245489054448,High Priority (Tier 2)
108,Pamekasan,Pamekasan,0.6941299438476562,0.712952733039856,0.11968601495027542,0.13219362497329712,27.586206896551722,10.344827586206897,29,5,13,0.6722519260186416,0.021878017829014662,0.3641215638116396,High Priority (Tier 2)
109,Nganjuk,Bagor,0.6938225626945496,0.6712535619735718,0.12311502546072006,0.13004779815673828,24.489795918367346,16.3265306122449,49,7,20,0.6635750740766525,0.030247488617897056,0.37626197897935837,High Priority (Tier 2)
110,Bondowoso,Curahdami,0.6921006441116333,0.7042157053947449,0.24247875809669495,0.3042786121368408,47.5609756097561,29.268292682926827,82,11,17,0.7410174660822925,-0.04891682197065916,-0.2786320133101354,High Priority (Tier 2)
111,Magetan,Karangmojo,0.6918598413467407,0.6841481924057007,0.10193128883838654,0.12748652696609497,27.450980392156865,7.8431372549019605,51,1,13,0.603030264377594,0.08882957696914673,1.9578335700730423,High Priority (Tier 2)
112,Mojokerto,Dlanggu,0.691312313079834,0.701608419418335,0.13655468821525574,0.17648619413375854,30.0,10.0,40,7,17,0.6392107851365033,0.05210152794333067,0.3820074917551067,High Priority (Tier 2)
113,Nganjuk,Kertosono,0.691196858882904,0.7043696641921997,0.14180436730384827,0.13023239374160767,29.411764705882355,8.823529411764707,34,8,20,0.6635750740766525,0.027621784806251548,0.3435996801398169,High Priority (Tier 2)
114,Nganjuk,Pace,0.6906747221946716,0.6724743843078613,0.13063795864582062,0.13190007209777832,26.08695652173913,15.217391304347828,46,9,20,0.6635750740766525,0.027099648118019126,0.3371045893871976,High Priority (Tier 2)
115,Jember,Mayang,0.6894314885139465,0.6694601774215698,0.13530029356479645,0.15673094987869263,32.22222222222222,13.333333333333334,90,1,28,0.5093095212110451,0.18012196730290142,1.3623852031984471,High Priority (Tier 2)
116,Mojokerto,Kutorejo,0.6887306571006775,0.6698258519172668,0.10481937974691391,0.13138288259506226,25.0,9.090909090909092,44,8,17,0.6392107851365033,0.04951987196417418,0.36307883526263646,High Priority (Tier 2)
117,Malang,Gondang Legi,0.6883471608161926,0.6863611340522766,0.1252351999282837,0.19742417335510254,34.82142857142857,8.035714285714286,112,2,35,0.5215494292122977,0.16679773160389488,1.7610770869485166,High Priority (Tier 2)
118,Jember,Balung,0.6874286532402039,0.6671958565711975,0.22083532810211182,0.35887718200683594,41.509433962264154,28.30188679245283,53,2,28,0.5093095212110451,0.17811913202915874,1.3472363949645112,High Priority (Tier 2)
119,Sumenep,Guluk-guluk,0.6867240071296692,0.6812525987625122,0.09447356313467026,0.1086583137512207,22.388059701492537,4.477611940298507,67,4,25,0.6219279944896698,0.06479601263999935,1.3470343004901815,High Priority (Tier 2)
120,Bojonegoro,Ngambon,0.6858675479888916,0.6732106804847717,0.13489362597465515,0.18657845258712769,29.411764705882355,13.903743315508022,187,19,23,0.7530349026555601,-0.06716735466666846,-0.8365278214242954,High Priority (Tier 2)
121,Bojonegoro,Kalitidu,0.6853028535842896,0.6805505752563477,0.20229534804821014,0.32432085275650024,42.1875,26.5625,64,20,23,0.7530349026555601,-0.0677320490712705,-0.843560740651151,High Priority (Tier 2)
122,Pasuruan,Purwodadi,0.6838288307189941,0.681258499622345,0.13961467146873474,0.19518083333969116,38.73873873873874,9.00900900900901,111,2,24,0.5713256684442362,0.11250316227475798,1.321338966306388,High Priority (Tier 2)
123,Gresik,Sidayu,0.6838270425796509,0.6871732473373413,0.11088599264621735,0.13502538204193115,25.0,10.0,20,2,18,0.6209769807755947,0.06285006180405617,1.1232819383062884,High Priority (Tier 2)
124,Ngawi,Kwadungan,0.6830059885978699,0.6864308714866638,0.06832581758499146,0.10955613851547241,16.666666666666664,0.0,36,12,16,0.7481553852558136,-0.06514939665794373,-0.8484610539314512,High Priority (Tier 2)
125,Banyuwangi,Banyuwangi,0.6821228265762329,0.6359081864356995,0.13355539739131927,0.21777242422103882,33.33333333333333,22.22222222222222,9,1,19,0.48182513682465805,0.20029768975157486,1.5626616676835086,High Priority (Tier 2)
126,Tulungagung,Kauman,0.6816297173500061,0.7354108095169067,0.19272135198116302,0.2065468430519104,37.03703703703704,14.814814814814813,27,1,19,0.5478861473108593,0.13374357003914683,1.583076737252137,High Priority (Tier 2)
127,Pamekasan,Pademawu,0.6806589365005493,0.6888452768325806,0.09829418361186981,0.1591816544532776,28.333333333333332,0.0,60,6,13,0.6722519260186416,0.008407010481907728,0.13992007080245425,High Priority (Tier 2)
128,Tuban,Widang,0.6800549030303955,0.6651689410209656,0.14137305319309235,0.16384422779083252,29.059829059829063,12.82051282051282,117,7,19,0.6537798674483049,0.026275035582090656,0.33880266542141774,High Priority (Tier 2)
129,Nganjuk,Ngluyu,0.6799761652946472,0.6780240535736084,0.06674893945455551,0.0967225432395935,16.3265306122449,0.0,98,10,20,0.6635750740766525,0.016401091217994712,0.20402047644551555,High Priority (Tier 2)
130,Nganjuk,Lengkong,0.6797938346862793,0.6810948252677917,0.0757569894194603,0.08568483591079712,14.814814814814813,2.4691358024691357,81,11,20,0.6635750740766525,0.016218760609626792,0.20175238482311117,High Priority (Tier 2)
131,Sampang,Camplong,0.6795786023139954,0.6656820178031921,0.06836128979921341,0.07060974836349487,18.30985915492958,1.4084507042253522,71,3,12,0.6185134251912435,0.061065177122751835,1.1343625767473746,High Priority (Tier 2)
132,Jombang,Plandaan,0.6794381141662598,0.6820423007011414,0.10210420191287994,0.1306965947151184,23.577235772357724,5.691056910569105,123,10,20,0.6710116803646088,0.008426433801650979,0.07866121413468605,High Priority (Tier 2)
133,Jember,Sukowono,0.6788840889930725,0.6669406294822693,0.10562538355588913,0.1769641637802124,27.86885245901639,4.918032786885246,61,3,28,0.5093095212110451,0.1695745677820274,1.2826080319037514,High Priority (Tier 2)
134,Magetan,Parang,0.6779829859733582,0.6783835291862488,0.07679376006126404,0.08241236209869385,18.055555555555554,2.7777777777777777,72,2,13,0.603030264377594,0.07495272159576416,1.651983038931896,High Priority (Tier 2)
135,Gresik,Kedamean,0.6779022812843323,0.6781536936759949,0.0603213794529438,0.08316445350646973,14.925373134328357,0.0,67,3,18,0.6209769807755947,0.056925300508737564,1.0173921879897971,High Priority (Tier 2)
136,Nganjuk,Tanjunganom,0.6776639223098755,0.6652822494506836,0.10070624202489853,0.148565411567688,23.52941176470588,5.88235294117647,68,12,20,0.6635750740766525,0.014088848233222984,0.17525745640369375,High Priority (Tier 2)
137,Pamekasan,Pasean,0.6774070858955383,0.6622838973999023,0.1269865781068802,0.18498003482818604,27.380952380952383,10.714285714285714,84,7,13,0.6722519260186416,0.005155159876896742,0.08579867201612945,High Priority (Tier 2)
138,Tuban,Kerek,0.6772956848144531,0.6704270839691162,0.06750921159982681,0.09870463609695435,16.379310344827587,0.8620689655172413,116,8,19,0.6537798674483049,0.023515817366148273,0.30322400813968226,High Priority (Tier 2)
139,Nganjuk,Wilangan,0.676605224609375,0.6792850494384766,0.07143116742372513,0.06912529468536377,14.000000000000002,0.0,50,13,20,0.6635750740766525,0.013030150532722495,0.16208784430917056,High Priority (Tier 2)
140,Lamongan,Lamongan,0.676429687688748,0.676429687688748,,,0.0,,0,12,25,0.6764296876887481,-1.1102230246251565e-16,-8.883616580150408e-16,High Priority (Tier 2)
141,Madiun,Mejayan,0.6751431822776794,0.6646221280097961,0.0662703663110733,0.0778965950012207,10.44776119402985,2.9850746268656714,67,5,15,0.6499545017878214,0.025188680489858006,0.33632002337024575,High Priority (Tier 2)
142,Lamongan,Sukodadi,0.6751188635826111,0.6698787808418274,0.09351266175508499,0.10975426435470581,21.428571428571427,4.761904761904762,42,13,25,0.6764296876887481,-0.0013108241061370318,-0.010488756317111523,High Priority (Tier 2)
143,Bangkalan,Tanahmerah,0.6750106811523438,0.67193603515625,0.06622688472270966,0.07531630992889404,12.121212121212121,1.5151515151515151,66,5,18,0.6350120902061462,0.03999859094619751,0.5672636168984777,High Priority (Tier 2)
144,Ponorogo,Jetis,0.6747025847434998,0.6300443410873413,0.1217895969748497,0.145801842212677,14.285714285714285,11.428571428571429,35,1,19,0.5377402384030191,0.13696234634048066,1.6989630530603552,High Priority (Tier 2)
145,Gresik,Benjeng,0.6736468076705933,0.6816434264183044,0.07445892691612244,0.11003422737121582,13.20754716981132,0.0,53,4,18,0.6209769807755947,0.05266982689499855,0.9413366279466798,High Priority (Tier 2)
146,Malang,Junrejo,0.6715854406356812,0.695277988910675,0.12590497732162476,0.14992845058441162,24.0,8.0,25,3,35,0.5215494292122977,0.1500360114233834,1.5841041685287314,High Priority (Tier 2)
147,Lamongan,Pucuk,0.6715792417526245,0.6680933833122253,0.08652546256780624,0.11350136995315552,15.909090909090908,2.272727272727273,44,14,25,0.6764296876887481,-0.004850445936123604,-0.03881157297545606,High Priority (Tier 2)
148,Madiun,Jiwan,0.67043137550354,0.6853811740875244,0.13915878534317017,0.16857552528381348,26.82926829268293,4.878048780487805,41,6,15,0.6499545017878214,0.020476873715718602,0.27340783688105263,High Priority (Tier 2)
149,Gresik,Wringinanom,0.6695058941841125,0.6464336514472961,0.0906592532992363,0.09231317043304443,16.94915254237288,3.389830508474576,59,5,18,0.6209769807755947,0.04852891340851784,0.8673285332219024,High Priority (Tier 2)
150,Madiun,Geger,0.6690335869789124,0.6897029876708984,0.12316153943538666,0.18148648738861084,27.027027027027028,2.7027027027027026,37,7,15,0.6499545017878214,0.019079085191090916,0.2547445222441971,High Priority (Tier 2)
151,Pasuruan,Kejayang,0.667353093624115,0.6608268022537231,0.11348234117031097,0.14807474613189697,21.428571428571427,5.714285714285714,70,3,24,0.5713256684442362,0.09602742517987883,1.1278329973904555,High Priority (Tier 2)
152,Tuban,Tuban,0.6652451157569885,0.6334933638572693,0.17018882930278778,0.22330498695373535,28.57142857142857,19.047619047619047,21,9,19,0.6537798674483049,0.011465248308683673,0.14783830357010502,High Priority (Tier 2)
153,Kediri,Pare,0.6634353399276733,0.6349935531616211,0.17258505523204803,0.1774590015411377,23.91304347826087,16.304347826086957,92,8,21,0.6245542353107816,0.03888110461689176,0.3596017289366797,High Priority (Tier 2)
154,Pasuruan,Sukorejo,0.6630731821060181,0.6110280156135559,0.18316376209259033,0.23825377225875854,28.07017543859649,21.052631578947366,57,4,24,0.5713256684442362,0.09174751366178191,1.0775658427002284,High Priority (Tier 2)
155,Malang,Sumberpucung,0.6625863313674927,0.6443827152252197,0.19153079390525818,0.3027706742286682,37.5,17.5,40,4,35,0.5215494292122977,0.14103690215519493,1.4890901357672528,High Priority (Tier 2)
156,Banyuwangi,Kabat,0.6621922850608826,0.611502468585968,0.17891600728034973,0.24348533153533936,33.84615384615385,21.53846153846154,65,2,19,0.48182513682465805,0.18036714823622452,1.4071696433828742,High Priority (Tier 2)
157,Ngawi,Karangjati,0.6614602208137512,0.6930182576179504,0.16100238263607025,0.19409281015396118,33.33333333333333,4.938271604938271,81,13,16,0.7481553852558136,-0.08669516444206238,-1.1290583545918962,High Priority (Tier 2)
158,Bangkalan,Klampis,0.6614460349082947,0.6761561036109924,0.0803864449262619,0.1083228588104248,13.698630136986301,1.36986301369863,73,6,18,0.6350120902061462,0.026433944702148438,0.3748885829704605,High Priority (Tier 2)
159,Jember,Janggawah,0.6611726880073547,0.6783004999160767,0.1894286721944809,0.242822527885437,34.375,16.666666666666664,96,4,28,0.5093095212110451,0.15186316679630962,1.148644634811388,High Priority (Tier 2)
160,Ngawi,Kendal,0.6588485836982727,0.6548857092857361,0.13531365990638733,0.14461898803710938,25.263157894736842,8.421052631578947,95,14,16,0.7481553852558136,-0.0893068015575409,-1.1630705249749846,High Priority (Tier 2)
161,Nganjuk,Sukomoro,0.6588144302368164,0.6553444266319275,0.09089352190494537,0.10429543256759644,20.0,3.3333333333333335,30,14,20,0.6635750740766525,-0.004760643839836098,-0.05921976845815763,High Priority (Tier 2)
162,Pamekasan,Palengaan,0.6586177349090576,0.6602308750152588,0.04703095555305481,0.06441843509674072,2.631578947368421,0.0,76,8,13,0.6722519260186416,-0.01363419110958397,-0.22691740298083757,High Priority (Tier 2)
163,Nganjuk,Rejoso,0.6574530601501465,0.665734589099884,0.08056975901126862,0.0960281491279602,7.514450867052023,0.5780346820809248,173,15,20,0.6635750740766525,-0.00612201392650602,-0.07615445713279505,High Priority (Tier 2)
164,Bangkalan,Sepuluh,0.6572394967079163,0.6562076807022095,0.08516590297222137,0.12867587804794312,12.857142857142856,1.4285714285714286,70,7,18,0.6350120902061462,0.02222740650177002,0.3152310796004544,High Priority (Tier 2)
165,Bangkalan,Modung,0.6568127870559692,0.6483265161514282,0.061906974762678146,0.06504279375076294,6.666666666666667,0.0,15,8,18,0.6350120902061462,0.021800696849822998,0.30917944491025867,High Priority (Tier 2)
166,Bojonegoro,Temayang,0.6564647555351257,0.6661114692687988,0.07499881088733673,0.0937950611114502,8.411214953271028,0.9345794392523363,107,21,23,0.7530349026555601,-0.09657014712043432,-1.2027213992003347,High Priority (Tier 2)
167,Madiun,Wungu,0.6549960374832153,0.6617349982261658,0.08100970834493637,0.1067122220993042,7.5,2.5,80,8,15,0.6499545017878214,0.005041535695393895,0.06731473701369584,High Priority (Tier 2)
168,Banyuwangi,Cluring,0.6548880934715271,0.6300791501998901,0.1560782790184021,0.1858310103416443,18.181818181818183,12.727272727272727,55,3,19,0.48182513682465805,0.17306295664686905,1.3501845617064026,High Priority (Tier 2)
169,Tuban,Merakurak,0.6540627479553223,0.6765534281730652,0.13234616816043854,0.13453620672225952,16.049382716049383,4.938271604938271,81,10,19,0.6537798674483049,0.0002828805070174134,0.0036475942905511323,High Priority (Tier 2)
170,Situbondo,Asembagus,0.6539067625999451,0.6807979345321655,0.1672443151473999,0.25055670738220215,35.294117647058826,8.823529411764707,170,2,17,0.584401069318547,0.0695056932813981,0.8255704192563167,High Priority (Tier 2)
171,Bangkalan,Tanjungbumi,0.651711642742157,0.6374374032020569,0.0777418315410614,0.10243487358093262,5.333333333333334,2.666666666666667,75,9,18,0.6350120902061462,0.016699552536010742,0.23683455711992177,High Priority (Tier 2)
172,Madiun,Wonoasri,0.6507076025009155,0.6425948143005371,0.10887062549591064,0.11792951822280884,15.789473684210526,5.263157894736842,38,9,15,0.6499545017878214,0.0007531007130940903,0.010055423487940753,High Priority (Tier 2)
173,Sumenep,Manding,0.6506354808807373,0.6398991346359253,0.08291701972484589,0.10906785726547241,12.903225806451612,0.0,62,5,25,0.6219279944896698,0.02870748639106746,0.5967955013600873,High Priority (Tier 2)
174,Sumenep,Ganding,0.650438129901886,0.6520031094551086,0.08108287304639816,0.07937353849411011,6.382978723404255,2.127659574468085,47,6,25,0.6219279944896698,0.028510135412216142,0.5926928023371549,High Priority (Tier 2)
175,Jombang,Bandar Kedungmulyo,0.6487123370170593,0.6357948184013367,0.13960866630077362,0.18681222200393677,21.951219512195124,9.75609756097561,41,11,20,0.6710116803646088,-0.02229934334754946,-0.2081655731729356,Moderate Sensitivity (Tier 3)
176,Bondowoso,Grujugan,0.6482830047607422,0.7136393189430237,0.28720033168792725,0.5185643434524536,44.61538461538462,32.30769230769231,65,12,17,0.7410174660822925,-0.09273446132155028,-0.5282188952657803,High Priority (Tier 2)
177,Ponorogo,Ponorogo,0.6480660438537598,0.5932429432868958,0.12686356902122498,0.1494690179824829,24.0,12.0,25,2,19,0.5377402384030191,0.11032580545074067,1.3685474312331742,Moderate Sensitivity (Tier 3)
178,Tuban,Singgahan,0.6480359435081482,0.6643040180206299,0.1071801707148552,0.14144748449325562,16.43835616438356,2.73972602739726,73,11,19,0.6537798674483049,-0.005743923940156659,-0.07406485653741306,Moderate Sensitivity (Tier 3)
179,Bondowoso,Sukosari,0.6470199227333069,0.8267695903778076,0.3684757649898529,0.6847440004348755,56.41025641025641,48.07692307692308,156,13,17,0.7410174660822925,-0.09399754334898558,-0.5354134568522063,High Priority (Tier 2)
180,Ngawi,Jogorogo,0.6465783715248108,0.6844010949134827,0.13928142189979553,0.15099918842315674,19.607843137254903,1.9607843137254901,51,15,16,0.7481553852558136,-0.10157701373100281,-1.322869351774843,Moderate Sensitivity (Tier 3)
181,Ngawi,Sine,0.6450878381729126,0.6728335618972778,0.22121426463127136,0.3512263596057892,39.175257731958766,20.618556701030926,97,16,16,0.7481553852558136,-0.103067547082901,-1.3422810357434822,High Priority (Tier 2)
182,Sumenep,Batuputih,0.6450181603431702,0.6434054374694824,0.1058693453669548,0.1038011908531189,11.428571428571429,3.8095238095238098,105,7,25,0.6219279944896698,0.023090165853500322,0.48001789217306995,Moderate Sensitivity (Tier 3)
183,Gresik,Driyorejo,0.6446617841720581,0.6253324151039124,0.08209189772605896,0.100269615650177,15.254237288135593,0.0,59,6,18,0.6209769807755947,0.023684803396463394,0.4233044662792324,Moderate Sensitivity (Tier 3)
184,Jember,Kalisat,0.6445031762123108,0.6334958672523499,0.09643088281154633,0.14128702878952026,11.494252873563218,2.2988505747126435,87,5,28,0.5093095212110451,0.13519365500126568,1.0225617557813185,Moderate Sensitivity (Tier 3)
185,Pasuruan,Pohjentrek,0.6437557339668274,0.5855495929718018,0.17264585196971893,0.2613063454627991,36.36363636363637,9.090909090909092,11,5,24,0.5713256684442362,0.07243006552259124,0.8506842471982464,High Priority (Tier 2)
186,Ponorogo,Siman,0.6426388621330261,0.6101595163345337,0.11942747980356216,0.15048277378082275,18.181818181818183,6.8181818181818175,44,3,19,0.5377402384030191,0.10489862373000702,1.3012254155687437,Moderate Sensitivity (Tier 3)
187,Magetan,Takeran,0.6425699591636658,0.6282403469085693,0.10361623018980026,0.09233963489532471,19.607843137254903,3.9215686274509802,51,3,13,0.603030264377594,0.03953969478607178,0.8714680902904783,Moderate Sensitivity (Tier 3)
188,Sumenep,Saronggi,0.6424832940101624,0.6495361924171448,0.11963789165019989,0.16856378316879272,17.073170731707318,7.317073170731707,41,8,25,0.6219279944896698,0.02055529952049251,0.42732094742910515,Moderate Sensitivity (Tier 3)
189,Mojokerto,Puri,0.641784131526947,0.6648057699203491,0.14002175629138947,0.19512563943862915,24.137931034482758,5.172413793103448,58,9,17,0.6392107851365033,0.0025733463904437093,0.018867730733342032,Moderate Sensitivity (Tier 3)
190,Jombang,Kesamben,0.6412929892539978,0.6390866041183472,0.1436714380979538,0.20680654048919678,16.9811320754717,7.547169811320755,53,12,20,0.6710116803646088,-0.029718691110610984,-0.27742558480627205,Moderate Sensitivity (Tier 3)
191,Situbondo,Banyuputih,0.6410331130027771,0.6410059928894043,0.12361329793930054,0.14599007368087769,15.649867374005305,3.7135278514588856,377,3,17,0.584401069318547,0.05663204368423014,0.6726605813202453,Moderate Sensitivity (Tier 3)
192,Madiun,Saradan,0.6406065821647644,0.6349385976791382,0.08454792201519012,0.10861873626708984,8.808290155440414,1.5544041450777202,193,10,15,0.6499545017878214,-0.009347919623057033,-0.12481370540055005,Moderate Sensitivity (Tier 3)
193,Sumenep,Nonggunong,0.6401315331459045,0.6283282041549683,0.06941495090723038,0.08215302228927612,6.666666666666667,0.0,30,9,25,0.6219279944896698,0.018203538656234697,0.37843055399847414,Moderate Sensitivity (Tier 3)
194,Pasuruan,Gondang Wetan,0.639918863773346,0.6264940500259399,0.14279793202877045,0.16007107496261597,19.230769230769234,7.6923076923076925,26,6,24,0.5713256684442362,0.06859319532910979,0.805620570828644,Moderate Sensitivity (Tier 3)
195,Lamongan,Paciran,0.638680636882782,0.6236158609390259,0.10002072900533676,0.10948675870895386,13.157894736842104,2.631578947368421,76,15,25,0.6764296876887481,-0.03774905080596613,-0.30205470989762984,Moderate Sensitivity (Tier 3)
196,Sumenep,Lenteng,0.6382441520690918,0.6385468244552612,0.09565624594688416,0.13195139169692993,16.417910447761194,0.0,67,10,25,0.6219279944896698,0.016316157579421953,0.33919408025605396,Moderate Sensitivity (Tier 3)
197,Madiun,Sawahan,0.6381003260612488,0.620764970779419,0.10961542278528214,0.1666010618209839,10.714285714285714,3.571428571428571,28,11,15,0.6499545017878214,-0.011854175726572658,-0.15827731266038977,Moderate Sensitivity (Tier 3)
198,Jember,Ambulu,0.6379113793373108,0.6378949880599976,0.13251633942127228,0.15029996633529663,21.138211382113823,4.878048780487805,123,6,28,0.5093095212110451,0.12860185812626568,0.9727035032901737,Moderate Sensitivity (Tier 3)
199,Tulungagung,Ngantru,0.6364083886146545,0.6055788397789001,0.1779041290283203,0.19258272647857666,22.22222222222222,17.77777777777778,45,2,19,0.5478861473108593,0.08852224130379527,1.0478073891435695,Moderate Sensitivity (Tier 3)
200,Sampang,Kedungdung,0.6359794735908508,0.6438766717910767,0.08046063780784607,0.11754953861236572,5.64516129032258,0.0,124,4,12,0.6185134251912435,0.017466048399607303,0.3244538475397459,Moderate Sensitivity (Tier 3)
201,Mojokerto,Gedek,0.6320058107376099,0.6177161931991577,0.12229608744382858,0.16005825996398926,18.51851851851852,3.7037037037037033,27,10,17,0.6392107851365033,-0.007204974398893449,-0.052826746295707494,Moderate Sensitivity (Tier 3)
202,Pacitan,Pacitan,0.6314026117324829,0.6295661926269531,0.0960242822766304,0.1387074589729309,8.75,1.25,80,1,12,0.47792630394299823,0.15347630778948468,1.7685518596895196,Moderate Sensitivity (Tier 3)
203,Gresik,Panceng,0.6298011541366577,0.6475931406021118,0.08864486217498779,0.11824363470077515,4.918032786885246,0.0,61,7,18,0.6209769807755947,0.008824173361063004,0.1577092252966706,Moderate Sensitivity (Tier 3)
204,Kota Madiun,Kartoharjo,0.6294280886650085,0.6238927841186523,0.13843059539794922,0.1599738597869873,18.181818181818183,9.090909090909092,11,2,3,0.6265403230985006,0.0028877655665079383,0.029980391958662426,Moderate Sensitivity (Tier 3)
205,Bondowoso,Maesan,0.6289413571357727,0.6974132061004639,0.2653965651988983,0.323457270860672,37.80487804878049,15.853658536585366,82,14,17,0.7410174660822925,-0.11207610894651976,-0.6383896300226897,High Priority (Tier 2)
206,Sumenep,Pragaan,0.6273931264877319,0.6203920841217041,0.06409335136413574,0.08929020166397095,1.2987012987012987,0.0,77,11,25,0.6219279944896698,0.005465131998062089,0.11361378514133443,Moderate Sensitivity (Tier 3)
207,Pasuruan,Winongan,0.6273900270462036,0.585347592830658,0.16555927693843842,0.14010637998580933,20.0,15.0,40,7,24,0.5713256684442362,0.05606435860196746,0.6584705722389765,Moderate Sensitivity (Tier 3)
208,Tuban,Bangilan,0.6262214183807373,0.6323814988136292,0.12167363613843918,0.13969695568084717,14.736842105263156,3.1578947368421053,95,12,19,0.6537798674483049,-0.027558449067567548,-0.3553516024669585,Moderate Sensitivity (Tier 3)
209,Lamongan,Laren,0.625622570514679,0.6537911891937256,0.13506101071834564,0.1815502643585205,15.384615384615385,4.395604395604396,91,16,25,0.6764296876887481,-0.05080711717406916,-0.4065407927110811,Moderate Sensitivity (Tier 3)
210,Situbondo,Situbondo,0.6255266666412354,0.641901969909668,0.09814485162496567,0.08801615238189697,3.225806451612903,3.225806451612903,31,4,17,0.584401069318547,0.04112559732268839,0.48847907302213683,Moderate Sensitivity (Tier 3)
211,Probolinggo,Paiton,0.625430703163147,0.628801167011261,0.035829585045576096,0.0437849760055542,0.0,0.0,3,1,24,0.4254318579383518,0.19999884522479516,2.625221831885803,Moderate Sensitivity (Tier 3)
212,Trenggalek,Trenggalek,0.6252123117446899,0.6078746318817139,0.12488211691379547,0.1576136350631714,11.29032258064516,8.064516129032258,62,2,13,0.4784364299132274,0.14677588183146256,0.9510735704148784,Moderate Sensitivity (Tier 3)
213,Pamekasan,Pengantenan,0.6245551705360413,0.6201679706573486,0.07114561647176743,0.10269159078598022,5.813953488372093,0.0,86,9,13,0.6722519260186416,-0.04769675548260033,-0.7938295567175712,Moderate Sensitivity (Tier 3)
214,Tuban,Tambakboyo,0.624535858631134,0.6118199825286865,0.08062323182821274,0.1278235912322998,9.67741935483871,0.0,31,13,19,0.6537798674483049,-0.02924400881717082,-0.37708600256352376,Moderate Sensitivity (Tier 3)
215,Kediri,Tarokan,0.6232470870018005,0.6153365969657898,0.12094797939062119,0.176102876663208,11.11111111111111,5.555555555555555,54,9,21,0.6245542353107816,-0.0013071483089810432,-0.012089491708577321,Moderate Sensitivity (Tier 3)
216,Pamekasan,Kadur,0.6231796145439148,0.6253372430801392,0.05639536306262016,0.05920463800430298,1.8518518518518516,0.0,54,10,13,0.6722519260186416,-0.04907231147472679,-0.8167232942982813,Moderate Sensitivity (Tier 3)
217,Sumenep,Masalembo,0.6219279944896698,0.6219279944896698,,,0.0,,0,12,25,0.6219279944896698,0.0,0.0,Moderate Sensitivity (Tier 3)
217,Sumenep,Sapeken,0.6219279944896698,0.6219279944896698,,,0.0,,0,12,25,0.6219279944896698,0.0,0.0,Moderate Sensitivity (Tier 3)
217,Sumenep,Talango,0.6219279944896698,0.6219279944896698,,,0.0,,0,12,25,0.6219279944896698,0.0,0.0,Moderate Sensitivity (Tier 3)
217,Sumenep,Giligenteng,0.6219279944896698,0.6219279944896698,,,0.0,,0,12,25,0.6219279944896698,0.0,0.0,Moderate Sensitivity (Tier 3)
217,Sumenep,R a a s,0.6219279944896698,0.6219279944896698,,,0.0,,0,12,25,0.6219279944896698,0.0,0.0,Moderate Sensitivity (Tier 3)
222,Trenggalek,Pogalan,0.6218317747116089,0.6314985752105713,0.16670691967010498,0.22509527206420898,21.27659574468085,6.382978723404255,47,3,13,0.4784364299132274,0.1433953447983815,0.9291684768405544,Moderate Sensitivity (Tier 3)
223,Sampang,Banyuates,0.621209979057312,0.6191565990447998,0.08108049631118774,0.11392867565155029,6.962025316455696,0.6329113924050633,158,5,12,0.6185134251912435,0.002696553866068485,0.05009188437630618,Moderate Sensitivity (Tier 3)
224,Gresik,Bawean/Sangkapura,0.6209769807755947,0.6209769807755947,,,0.0,,0,8,18,0.6209769807755947,0.0,0.0,Moderate Sensitivity (Tier 3)
224,Gresik,Tambak,0.6209769807755947,0.6209769807755947,,,0.0,,0,8,18,0.6209769807755947,0.0,0.0,Moderate Sensitivity (Tier 3)
226,Bangkalan,Labang,0.6208505034446716,0.6014113426208496,0.07956048101186752,0.09480464458465576,11.428571428571429,0.0,35,10,18,0.6350120902061462,-0.01416158676147461,-0.20084089807417035,Moderate Sensitivity (Tier 3)
227,Gresik,Ujungpangkah,0.6200893521308899,0.5846457481384277,0.13849326968193054,0.15756815671920776,13.513513513513514,8.108108108108109,37,10,18,0.6209769807755947,-0.0008876286447048187,-0.015864061162400724,Moderate Sensitivity (Tier 3)
228,Lamongan,Solokuro,0.6187290549278259,0.6186086535453796,0.07838549464941025,0.07783573865890503,5.154639175257731,0.0,97,17,25,0.6764296876887481,-0.05770063276092219,-0.4617002949053083,Moderate Sensitivity (Tier 3)
229,Tulungagung,Ngunut,0.6187272667884827,0.5753254890441895,0.1629408597946167,0.27185767889022827,31.818181818181817,9.090909090909092,44,3,19,0.5478861473108593,0.0708411194776234,0.8385220183153431,High Priority (Tier 2)
230,Tulungagung,Karangrejo,0.6180493831634521,0.601386547088623,0.15382660925388336,0.16982048749923706,13.88888888888889,8.333333333333332,36,4,19,0.5478861473108593,0.07016323585259288,0.8304981424980918,Moderate Sensitivity (Tier 3)
231,Tulungagung,Campur Darat,0.6174336075782776,0.6067782640457153,0.15812648832798004,0.16819357872009277,16.666666666666664,10.416666666666668,48,5,19,0.5478861473108593,0.06954746026741832,0.8232094182329003,Moderate Sensitivity (Tier 3)
232,Magetan,Karangrejo,0.6171228289604187,0.5983882546424866,0.0671669989824295,0.08577775955200195,4.444444444444445,0.0,45,4,13,0.603030264377594,0.014092564582824707,0.3106048342238507,Moderate Sensitivity (Tier 3)
233,Lumajang,Pasirian,0.6159109473228455,0.6177600026130676,0.2103368192911148,0.2769041657447815,25.287356321839084,16.091954022988507,87,1,18,0.4015382313066059,0.21437271601623958,1.5080438761963246,Moderate Sensitivity (Tier 3)
234,Sampang,Tembelangan,0.6151020526885986,0.6186038255691528,0.11464907974004745,0.19664520025253296,12.0,1.3333333333333335,75,6,12,0.6185134251912435,-0.0034113725026448938,-0.0633705408659759,Moderate Sensitivity (Tier 3)
235,Kota Malang,Sukun,0.6140465140342712,0.5746806859970093,0.12934495508670807,0.16994380950927734,18.75,6.25,16,1,5,0.6037831664085388,0.010263347625732444,1.267614319682556,Moderate Sensitivity (Tier 3)
236,Situbondo,Suboh,0.613281786441803,0.6035584807395935,0.12116553634405136,0.1363953948020935,12.0,4.0,25,5,17,0.584401069318547,0.028880717123256017,0.34303759329957945,Moderate Sensitivity (Tier 3)
237,Jember,Sumbersari,0.6129968166351318,0.6164374351501465,0.11158192902803421,0.13315421342849731,12.5,3.125,32,7,28,0.5093095212110451,0.10368729542408672,0.7842576847269775,Moderate Sensitivity (Tier 3)
238,Pasuruan,Rembang,0.6128580570220947,0.6043858528137207,0.13909241557121277,0.12563228607177734,18.51851851851852,5.555555555555555,54,8,24,0.5713256684442362,0.04153238857785857,0.48779396313925466,Moderate Sensitivity (Tier 3)
239,Ponorogo,Mlarak,0.6128007769584656,0.6026953458786011,0.07840242981910706,0.09977036714553833,4.444444444444445,2.2222222222222223,45,4,19,0.5377402384030191,0.07506053855544648,0.9310959191038951,Moderate Sensitivity (Tier 3)
240,Ponorogo,Jenangan,0.6125070452690125,0.6044537425041199,0.07519698143005371,0.08901840448379517,7.462686567164178,0.0,67,5,19,0.5377402384030191,0.07476680686599335,0.9274522951354996,Moderate Sensitivity (Tier 3)
241,Situbondo,Mlandingan,0.6122555732727051,0.6064394116401672,0.085539810359478,0.10512036085128784,7.8431372549019605,1.9607843137254901,51,6,17,0.584401069318547,0.027854503954158116,0.33084850207177857,Moderate Sensitivity (Tier 3)
242,Jember,Rambipuji,0.611897885799408,0.5996527671813965,0.21348634362220764,0.32622620463371277,32.0,13.333333333333334,75,8,28,0.5093095212110451,0.10258836458836285,0.7759457218256895,High Priority (Tier 2)
243,Malang,Tajinan,0.6113442182540894,0.6000458598136902,0.13478974997997284,0.19454169273376465,15.909090909090908,4.545454545454546,44,5,35,0.5215494292122977,0.08979478904179161,0.9480677224340761,Moderate Sensitivity (Tier 3)
244,Bangkalan,Tragah,0.6113148927688599,0.615570604801178,0.04945845156908035,0.049372732639312744,0.0,0.0,40,11,18,0.6350120902061462,-0.023697197437286377,-0.33607578693744794,Moderate Sensitivity (Tier 3)
245,Blitar,Udanawu,0.610925555229187,0.6084932088851929,0.1397852897644043,0.17151427268981934,9.803921568627452,7.8431372549019605,51,1,21,0.4983622006007603,0.1125633546284267,1.3862561271750171,Moderate Sensitivity (Tier 3)
246,Pamekasan,Waru,0.6109079122543335,0.6186418533325195,0.06360990554094315,0.08113902807235718,0.0,0.0,64,11,13,0.6722519260186416,-0.06134401376430809,-1.0209644400563413,Moderate Sensitivity (Tier 3)
247,Madiun,Gemarang,0.6102516651153564,0.6300761103630066,0.10750040411949158,0.10486090183258057,3.8461538461538463,0.0,130,12,15,0.6499545017878214,-0.03970283667246499,-0.5301134754924889,Moderate Sensitivity (Tier 3)
248,Kota Kediri,Pesantren,0.6102371215820312,0.6143767833709717,0.0744374692440033,0.06482011079788208,4.545454545454546,0.0,22,1,3,0.49616071581840515,0.1140764057636261,1.1071059085147588,Moderate Sensitivity (Tier 3)
249,Situbondo,Kapongan,0.6102113127708435,0.6034079790115356,0.08957653492689133,0.07393431663513184,16.666666666666664,0.0,6,7,17,0.584401069318547,0.025810243452296544,0.30656731128128745,Moderate Sensitivity (Tier 3)
250,Sampang,Torjun,0.6095654964447021,0.6099492311477661,0.08945637941360474,0.06932234764099121,4.395604395604396,0.0,91,7,12,0.6185134251912435,-0.008947928746541378,-0.16621904639816062,Moderate Sensitivity (Tier 3)
251,Situbondo,Bungatan,0.609511137008667,0.6363881826400757,0.08980666100978851,0.1057208776473999,0.0,0.0,18,8,17,0.584401069318547,0.02511006769012003,0.2982508069743247,Moderate Sensitivity (Tier 3)
252,Blitar,Ponggok,0.609312891960144,0.6117596626281738,0.1670021265745163,0.24606528878211975,20.43010752688172,9.67741935483871,93,2,21,0.4983622006007603,0.11095069135938374,1.3663956286569998,Moderate Sensitivity (Tier 3)
253,Kota Malang,Kedung Kandang,0.6085129380226135,0.6030176281929016,0.09218961745500565,0.12542808055877686,8.695652173913043,0.0,23,2,5,0.6037831664085388,0.004729771614074729,0.584168679213117,Moderate Sensitivity (Tier 3)
254,Bangkalan,Burneh,0.6080347299575806,0.6039190292358398,0.10711615532636642,0.12440639734268188,9.859154929577464,1.4084507042253522,71,12,18,0.6350120902061462,-0.026977360248565674,-0.3825953511602237,Moderate Sensitivity (Tier 3)
255,Jombang,Ploso,0.607251763343811,0.5804930925369263,0.10999029874801636,0.16913950443267822,14.285714285714285,0.0,28,13,20,0.6710116803646088,-0.06375991702079775,-0.5952022651622942,Moderate Sensitivity (Tier 3)
256,Magetan,Bendo,0.6065728664398193,0.5956657528877258,0.05749309062957764,0.07966881990432739,2.0,0.0,50,5,13,0.603030264377594,0.003542602062225342,0.07808013366137936,Moderate Sensitivity (Tier 3)
257,Sumenep,Dasuk,0.6056926250457764,0.5798928737640381,0.13245512545108795,0.18137001991271973,17.46031746031746,4.761904761904762,63,17,25,0.6219279944896698,-0.016235369443893477,-0.33751458818245794,Moderate Sensitivity (Tier 3)
258,Kota Malang,Blimbing,0.6050877571105957,0.5640394687652588,0.1820405274629593,0.26074549555778503,11.11111111111111,11.11111111111111,9,3,5,0.6037831664085388,0.001304590702056907,0.1611285046124545,Moderate Sensitivity (Tier 3)
259,Blitar,Sanan Kulon,0.6046869158744812,0.615949273109436,0.18599066138267517,0.1966133415699005,16.0,12.0,25,3,21,0.4983622006007603,0.1063247152737209,1.3094251544375355,Moderate Sensitivity (Tier 3)
260,Malang,Kromengan,0.6043314933776855,0.5910010933876038,0.14348891377449036,0.16420036554336548,18.421052631578945,2.631578947368421,38,6,35,0.5215494292122977,0.0827820641653878,0.874026253295654,Moderate Sensitivity (Tier 3)
261,Magetan,Lembeyan,0.6041231751441956,0.6049179434776306,0.08723117411136627,0.113395094871521,8.620689655172415,0.0,58,6,13,0.603030264377594,0.0010929107666015625,0.024088118630689864,Moderate Sensitivity (Tier 3)
262,Tuban,Kenduruan,0.603529691696167,0.5989973545074463,0.059460826218128204,0.07934564352035522,0.8771929824561403,0.8771929824561403,114,14,19,0.6537798674483049,-0.05025017575213786,-0.6479493978049395,Moderate Sensitivity (Tier 3)
263,Bojonegoro,Balen,0.6032183170318604,0.6550893783569336,0.2503807544708252,0.3074416518211365,35.294117647058826,13.725490196078432,51,22,23,0.7530349026555601,-0.1498165856236997,-1.8658728277594705,High Priority (Tier 2)
264,Madiun,Dagangan,0.6026604175567627,0.6613451242446899,0.15611569583415985,0.08898788690567017,5.88235294117647,0.0,85,13,15,0.6499545017878214,-0.04729408423105874,-0.6314720423830232,Moderate Sensitivity (Tier 3)
265,Pamekasan,Pakong,0.6023516654968262,0.5938020348548889,0.06473289430141449,0.08790236711502075,3.225806451612903,0.0,31,12,13,0.6722519260186416,-0.06990026052181542,-1.1633682891641905,Moderate Sensitivity (Tier 3)
266,Nganjuk,Loceret,0.6016110777854919,0.6007615923881531,0.13121303915977478,0.12350445985794067,10.95890410958904,4.10958904109589,73,16,20,0.6635750740766525,-0.06196399629116056,-0.7707977400869799,Moderate Sensitivity (Tier 3)
267,Bangkalan,Socah,0.6013379096984863,0.595075249671936,0.12853743135929108,0.1440543532371521,16.363636363636363,1.8181818181818181,55,13,18,0.6350120902061462,-0.03367418050765991,-0.47757025882641335,Moderate Sensitivity (Tier 3)
268,Tuban,Senori,0.600938081741333,0.6036103367805481,0.1138358861207962,0.15421587228775024,6.8181818181818175,0.0,88,15,19,0.6537798674483049,-0.052841785706971844,-0.6813668353451162,Moderate Sensitivity (Tier 3)
269,Bangkalan,Kamal,0.5987346768379211,0.614922821521759,0.12970957159996033,0.09487283229827881,8.571428571428571,0.0,35,14,18,0.6350120902061462,-0.0362774133682251,-0.5144895415606359,Moderate Sensitivity (Tier 3)
270,Magetan,Kawedanan,0.597321093082428,0.5865666270256042,0.06717416644096375,0.09386402368545532,0.0,0.0,56,7,13,0.603030264377594,-0.005709171295166016,-0.12583204378937599,Moderate Sensitivity (Tier 3)
271,Sidoarjo,Balongbendo,0.5970690846443176,0.6045469045639038,0.10037843137979507,0.10014361143112183,7.894736842105263,2.631578947368421,38,1,18,0.46915817611357746,0.12791090853074016,1.8021491296345842,Moderate Sensitivity (Tier 3)
272,Tuban,Palang,0.5969750285148621,0.6075195074081421,0.1447409987449646,0.18686890602111816,12.195121951219512,4.878048780487805,82,16,19,0.6537798674483049,-0.05680483893344279,-0.7324683073922369,Moderate Sensitivity (Tier 3)
273,Gresik,Gresik,0.5963017344474792,0.5450348854064941,0.1358826756477356,0.20228594541549683,33.33333333333333,0.0,6,11,18,0.6209769807755947,-0.024675246328115463,-0.4410060663113281,High Priority (Tier 2)
274,Kota Malang,Lowokwaru,0.595666766166687,0.539531946182251,0.15096844732761383,0.18457657098770142,15.789473684210526,5.263157894736842,19,4,5,0.6037831664085388,-0.008116400241851784,-1.0024473053071752,Moderate Sensitivity (Tier 3)
275,Kota Malang,Klojen,0.5956018567085266,0.5870440602302551,0.10901272296905518,0.06359243392944336,16.666666666666664,0.0,6,5,5,0.6037831664085388,-0.008181309700012185,-1.0104641982009386,Moderate Sensitivity (Tier 3)
276,Pasuruan,Beji,0.5953758955001831,0.6009031534194946,0.14131681621074677,0.15332108736038208,15.555555555555555,2.2222222222222223,45,9,24,0.5713256684442362,0.02405022705594695,0.282467634820154,Moderate Sensitivity (Tier 3)
277,Kota Blitar,Sukorejo,0.595166802406311,0.6044014692306519,0.14397068321704865,0.10832715034484863,14.285714285714285,14.285714285714285,7,1,3,0.5387966533501943,0.0563701490561167,0.6817124585007573,Moderate Sensitivity (Tier 3)
278,Jember,Gumukmas,0.5951065421104431,0.5769450068473816,0.21598215401172638,0.26961591839790344,22.448979591836736,16.3265306122449,49,9,28,0.5093095212110451,0.085797020899398,0.6489413451457728,Moderate Sensitivity (Tier 3)
279,Pamekasan,Batumarmar,0.594975471496582,0.5946662425994873,0.05670221522450447,0.07341480255126953,0.0,0.0,101,13,13,0.6722519260186416,-0.07727645452205956,-1.286132212081603,Moderate Sensitivity (Tier 3)
280,Kota Mojokerto,Mojokerto Timur,0.5945578217506409,0.6071009635925293,0.194956436753273,0.2716605067253113,27.27272727272727,9.090909090909092,11,1,2,0.5724584460258484,0.02209937572479248,0.7071067811865476,Moderate Sensitivity (Tier 3)
281,Sumenep,Batang-batang,0.5945009589195251,0.5854175686836243,0.06523336470127106,0.07763022184371948,1.1764705882352942,0.0,85,18,25,0.6219279944896698,-0.027427035570144698,-0.5701764069806744,Moderate Sensitivity (Tier 3)
282,Sampang,Sampang,0.5944894552230835,0.5910289287567139,0.06757764518260956,0.0716782808303833,4.0,0.0,75,8,12,0.6185134251912435,-0.02402396996816003,-0.44627550038874725,Moderate Sensitivity (Tier 3)
283,Situbondo,Panji,0.5943105220794678,0.5757015347480774,0.09300947934389114,0.12370467185974121,3.225806451612903,3.225806451612903,31,9,17,0.584401069318547,0.009909452760920812,0.11770188432353264,Moderate Sensitivity (Tier 3)
284,Gresik,Menganti,0.5942255854606628,0.6068095564842224,0.13599319756031036,0.2168055772781372,12.121212121212121,1.5151515151515151,66,12,18,0.6209769807755947,-0.02675139531493187,-0.4781118477725209,Moderate Sensitivity (Tier 3)
285,Jombang,Perak,0.5936951637268066,0.606818437576294,0.14890581369400024,0.1709420084953308,12.121212121212121,12.121212121212121,33,14,20,0.6710116803646088,-0.07731651663780215,-0.7217538539497659,Moderate Sensitivity (Tier 3)
286,Tulungagung,Rejotangan,0.5933830738067627,0.5946675539016724,0.1091313511133194,0.16221517324447632,6.8493150684931505,1.36986301369863,73,6,19,0.5478861473108593,0.04549692649590342,0.5385315042140216,Moderate Sensitivity (Tier 3)
287,Lamongan,Deket,0.5930470824241638,0.6061291694641113,0.06852728128433228,0.12303280830383301,0.0,0.0,15,18,25,0.6764296876887481,-0.0833826052645843,-0.6671984621060193,Moderate Sensitivity (Tier 3)
288,Lamongan,Brondong,0.5928705334663391,0.5882236957550049,0.08073706179857254,0.10395234823226929,2.7027027027027026,0.0,74,19,25,0.6764296876887481,-0.083559154222409,-0.6686111451563185,Moderate Sensitivity (Tier 3)
289,Jember,Pakusari,0.5927703380584717,0.5597594380378723,0.1234763041138649,0.14874589443206787,10.81081081081081,2.7027027027027026,37,10,28,0.5093095212110451,0.08346081684742657,0.6312710416302345,Moderate Sensitivity (Tier 3)
290,Jember,Silo,0.5927005410194397,0.5810701847076416,0.17212583124637604,0.23289862275123596,19.298245614035086,7.719298245614035,285,11,28,0.5093095212110451,0.08339101980839458,0.6307431190529493,Moderate Sensitivity (Tier 3)
291,Mojokerto,Pungging,0.5925531983375549,0.6118319630622864,0.1486303061246872,0.20823359489440918,16.666666666666664,0.0,42,11,17,0.6392107851365033,-0.04665758679894838,-0.3420926104854085,Moderate Sensitivity (Tier 3)
292,Malang,Pagak,0.5923666954040527,0.5824247598648071,0.13419392704963684,0.16196507215499878,10.465116279069768,4.651162790697675,86,7,35,0.5215494292122977,0.07081726619175499,0.7477000055780215,Moderate Sensitivity (Tier 3)
293,Kediri,Kraas,0.5909042954444885,0.5652135610580444,0.17559173703193665,0.2402287721633911,14.545454545454545,10.909090909090908,55,10,21,0.6245542353107816,-0.033649939866293055,-0.31121997879857644,Moderate Sensitivity (Tier 3)
294,Sampang,Ketapang,0.5908397436141968,0.5828291773796082,0.07795648276805878,0.10929983854293823,2.4390243902439024,0.8130081300813009,123,9,12,0.6185134251912435,-0.02767368157704675,-0.5140734903416662,Moderate Sensitivity (Tier 3)
295,Pasuruan,Kraton,0.5902461409568787,0.5289010405540466,0.149257630109787,0.19632738828659058,10.204081632653061,8.16326530612245,49,10,24,0.5713256684442362,0.018920472512642506,0.22221915443431706,Moderate Sensitivity (Tier 3)
296,Jombang,Diwek,0.590019166469574,0.5369308590888977,0.17335964739322662,0.1764269769191742,14.285714285714285,12.244897959183673,49,15,20,0.6710116803646088,-0.08099251389503481,-0.7560694866617967,Moderate Sensitivity (Tier 3)
297,Bangkalan,Blega,0.5895355343818665,0.6002781391143799,0.06543847918510437,0.08695054054260254,0.0,0.0,90,15,18,0.6350120902061462,-0.045476555824279785,-0.6449526078472749,Moderate Sensitivity (Tier 3)
298,Magetan,Magetan,0.5891627073287964,0.5900496244430542,0.11323435604572296,0.20012882351875305,4.444444444444445,0.0,45,8,13,0.603030264377594,-0.013867557048797607,-0.305645592959079,Moderate Sensitivity (Tier 3)
299,Trenggalek,Karangan,0.5885816216468811,0.5948378443717957,0.12298130989074707,0.13247895240783691,8.88888888888889,2.2222222222222223,90,4,13,0.4784364299132274,0.11014519173365372,0.7137152198236841,Moderate Sensitivity (Tier 3)
300,Gresik,Dukun,0.5874993801116943,0.5741662979125977,0.09771480411291122,0.08735001087188721,4.166666666666666,2.7777777777777777,72,13,18,0.6209769807755947,-0.033477600663900375,-0.598325333089219,Moderate Sensitivity (Tier 3)
301,Sumenep,Gapura,0.5871520042419434,0.5737814903259277,0.13927043974399567,0.18623965978622437,13.636363636363635,7.575757575757576,66,19,25,0.6219279944896698,-0.034775990247726485,-0.722952690892618,Moderate Sensitivity (Tier 3)
302,Jember,Arjasa,0.58689284324646,0.5651823282241821,0.092178113758564,0.1448386311531067,2.857142857142857,0.0,35,12,28,0.5093095212110451,0.07758332203541485,0.5868155424833994,Moderate Sensitivity (Tier 3)
303,Lamongan,Kalitengah,0.5868630409240723,0.5711373686790466,0.08879878371953964,0.09523040056228638,5.128205128205128,0.0,39,20,25,0.6764296876887481,-0.08956664676467585,-0.716681000644706,Moderate Sensitivity (Tier 3)
304,Malang,Kalipare,0.5866063237190247,0.5730317831039429,0.11331433802843094,0.15321755409240723,9.848484848484848,2.272727272727273,132,8,35,0.5215494292122977,0.06505689450672691,0.6868810814280178,Moderate Sensitivity (Tier 3)
305,Tulungagung,Gondang,0.5864039659500122,0.5360401272773743,0.23786821961402893,0.32928603887557983,25.64102564102564,20.51282051282051,39,7,19,0.5478861473108593,0.038517818639152934,0.45592219976999165,Moderate Sensitivity (Tier 3)
306,Mojokerto,Ngoro,0.5859951972961426,0.608224630355835,0.1605360209941864,0.21588772535324097,12.32876712328767,4.10958904109589,73,12,17,0.6392107851365033,-0.053215587840360734,-0.39017575943801025,Moderate Sensitivity (Tier 3)
307,Ponorogo,Kauman,0.5858756899833679,0.5697365999221802,0.1406068056821823,0.16901317238807678,14.285714285714285,7.936507936507936,63,6,19,0.5377402384030191,0.04813545158034882,0.5971009986502932,Moderate Sensitivity (Tier 3)
308,Sumenep,Rubaru,0.5849258899688721,0.5868577361106873,0.05195556581020355,0.06831544637680054,0.0,0.0,84,20,25,0.6219279944896698,-0.037002104520797774,-0.7692310367423547,Moderate Sensitivity (Tier 3)
309,Sidoarjo,Tanggulangin,0.5840357542037964,0.6493115425109863,0.18864859640598297,0.2728339433670044,20.0,0.0,20,2,18,0.46915817611357746,0.11487757809021892,1.6185212797551463,Moderate Sensitivity (Tier 3)
310,Bangkalan,Kwanyar,0.5839386582374573,0.5902735590934753,0.05735115334391594,0.06730306148529053,0.0,0.0,32,16,18,0.6350120902061462,-0.051073431968688965,-0.7243280090778071,Moderate Sensitivity (Tier 3)
311,Tulungagung,Tanggung Gunung,0.582982063293457,0.6004970073699951,0.1494789719581604,0.15503531694412231,10.909090909090908,4.545454545454546,110,8,19,0.5478861473108593,0.03509591598259776,0.4154183124343374,Moderate Sensitivity (Tier 3)
312,Gresik,Bungah,0.581804633140564,0.5906985998153687,0.09930811822414398,0.14966320991516113,5.0,0.0,20,14,18,0.6209769807755947,-0.039172347635030746,-0.700104173591208,Moderate Sensitivity (Tier 3)
313,Trenggalek,Tugu,0.5813182592391968,0.5740105509757996,0.09935959428548813,0.13650673627853394,4.3478260869565215,1.0869565217391304,92,5,13,0.4784364299132274,0.1028818293259694,0.6666503210671859,Moderate Sensitivity (Tier 3)
314,Kediri,Ngadiluwih,0.5810011029243469,0.5672551393508911,0.09488633275032043,0.138380765914917,5.405405405405405,0.0,37,11,21,0.6245542353107816,-0.043553132386434656,-0.4028121593018166,Moderate Sensitivity (Tier 3)
315,Jombang,Megaluh,0.5807931423187256,0.5866353511810303,0.1784677654504776,0.17466449737548828,15.789473684210526,5.263157894736842,38,16,20,0.6710116803646088,-0.0902185380458832,-0.8421949198432073,Moderate Sensitivity (Tier 3)
316,Madiun,Madiun,0.5804104804992676,0.5819777846336365,0.08258448541164398,0.09163177013397217,2.564102564102564,0.0,39,14,15,0.6499545017878214,-0.06954402128855386,-0.9285538746042965,Moderate Sensitivity (Tier 3)
317,Situbondo,Arjasa,0.5794627666473389,0.6179828643798828,0.14884024858474731,0.2152329385280609,7.8125,0.5208333333333333,192,10,17,0.584401069318547,-0.004938302671208095,-0.05865586564510918,Moderate Sensitivity (Tier 3)
318,Gresik,Kebomas,0.5794438719749451,0.5906338691711426,0.13959988951683044,0.12650644779205322,11.538461538461538,3.8461538461538463,26,15,18,0.6209769807755947,-0.04153310880064964,-0.7422966599926051,Moderate Sensitivity (Tier 3)
319,Tulungagung,Sumber Gempol,0.5784710645675659,0.5242568254470825,0.18183450400829315,0.20814961194992065,17.142857142857142,11.428571428571429,35,9,19,0.5478861473108593,0.030584917256706645,0.36202316870786144,Moderate Sensitivity (Tier 3)
320,Bangkalan,Arosbaya,0.5784704089164734,0.5865852236747742,0.09811750054359436,0.10590136051177979,0.0,0.0,36,17,18,0.6350120902061462,-0.05654168128967285,-0.8018792131213799,Moderate Sensitivity (Tier 3)
321,Malang,Karangploso,0.5781258344650269,0.5963262915611267,0.12131216377019882,0.14151257276535034,4.0,0.0,50,9,35,0.5215494292122977,0.05657640525272911,0.5973427215971104,Moderate Sensitivity (Tier 3)
322,Kota Blitar,Kepanjen Kidul,0.577351987361908,0.556305468082428,0.16197548806667328,0.1327359676361084,23.076923076923077,7.6923076923076925,13,2,3,0.5387966533501943,0.03855533401171363,0.46626897351783986,Moderate Sensitivity (Tier 3)
323,Magetan,Maospati,0.5765085220336914,0.5870441198348999,0.07182606309652328,0.0697941780090332,2.7777777777777777,0.0,36,9,13,0.603030264377594,-0.026521742343902588,-0.5845480668646592,Moderate Sensitivity (Tier 3)
324,Bondowoso,Wringin,0.5759698152542114,0.5801582336425781,0.056245844811201096,0.07940036058425903,0.0,0.0,64,15,17,0.7410174660822925,-0.16504765082808104,-0.9401174767633165,Moderate Sensitivity (Tier 3)
325,Sampang,Jrengik,0.5754490494728088,0.5746448636054993,0.06777427345514297,0.10315370559692383,0.0,0.0,70,10,12,0.6185134251912435,-0.04306437571843469,-0.7999750186228437,Moderate Sensitivity (Tier 3)
326,Kediri,Wates,0.5748180747032166,0.5732138156890869,0.08074801415205002,0.11653667688369751,3.125,0.0,64,12,21,0.6245542353107816,-0.04973616060756503,-0.4599974594698783,Moderate Sensitivity (Tier 3)
327,Kediri,Kendat,0.574693500995636,0.568158745765686,0.11198191344738007,0.12311017513275146,7.608695652173914,3.260869565217391,92,13,21,0.6245542353107816,-0.049860734315145594,-0.4611496109086664,Moderate Sensitivity (Tier 3)
328,Gresik,Cerme,0.5746113657951355,0.5765799283981323,0.0716160386800766,0.06805205345153809,0.0,0.0,74,16,18,0.6209769807755947,-0.04636561498045921,-0.8286651814024486,Moderate Sensitivity (Tier 3)
329,Pasuruan,Wonorejo,0.5744228363037109,0.572147786617279,0.11201612651348114,0.1401095986366272,7.6923076923076925,2.564102564102564,39,11,24,0.5713256684442362,0.003097167859474781,0.03637594264169388,Moderate Sensitivity (Tier 3)
330,Banyuwangi,Muncar,0.5734252333641052,0.541530430316925,0.16913925111293793,0.22429129481315613,18.0327868852459,9.836065573770492,61,4,19,0.48182513682465805,0.09160009653944717,0.7146360988778077,Moderate Sensitivity (Tier 3)
331,Malang,Dau,0.5731064081192017,0.66539466381073,0.24030013382434845,0.3634083867073059,29.6875,6.25,64,10,35,0.5215494292122977,0.051556978906903916,0.5443468166632807,Moderate Sensitivity (Tier 3)
332,Pacitan,Arjosari,0.572929322719574,0.567794919013977,0.0919431522488594,0.11112421751022339,4.201680672268908,0.8403361344537815,119,2,12,0.47792630394299823,0.09500301877657574,1.094747247659179,Moderate Sensitivity (Tier 3)
333,Tulungagung,Besuki,0.5720763206481934,0.6312302350997925,0.18814292550086975,0.17258155345916748,6.25,0.0,64,10,19,0.5478861473108593,0.024190173337334087,0.28633077963465114,Moderate Sensitivity (Tier 3)
334,Banyuwangi,Gambiran,0.5718492269515991,0.5689513683319092,0.12812106311321259,0.1489103138446808,8.955223880597014,4.477611940298507,67,5,19,0.48182513682465805,0.09002409012694107,0.7023405760891963,Moderate Sensitivity (Tier 3)
335,Tuban,Jatirogo,0.5713578462600708,0.5645036697387695,0.07227025181055069,0.10988789796829224,0.0,0.0,120,17,19,0.6537798674483049,-0.08242202118823405,-1.0627883026361382,Moderate Sensitivity (Tier 3)
336,Kediri,Kepung,0.5712394118309021,0.5758271217346191,0.23256196081638336,0.3328622579574585,22.321428571428573,13.392857142857142,112,14,21,0.6245542353107816,-0.05331482347987948,-0.49309562807506485,Moderate Sensitivity (Tier 3)
337,Blitar,Srengat,0.5702028274536133,0.5744867324829102,0.22345510125160217,0.26256346702575684,22.448979591836736,10.204081632653061,49,4,21,0.4983622006007603,0.07184062685285297,0.8847418370179881,Moderate Sensitivity (Tier 3)
338,Magetan,Poncol,0.5696525573730469,0.6445542573928833,0.22330208122730255,0.23195809125900269,15.625,4.6875,64,10,13,0.603030264377594,-0.03337770700454712,-0.7356558197756797,Moderate Sensitivity (Tier 3)
339,Pacitan,Pringkuku,0.5694849491119385,0.5657303929328918,0.06185894459486008,0.07167547941207886,0.0,0.0,123,3,12,0.47792630394299823,0.09155864516894024,1.055056734921508,Moderate Sensitivity (Tier 3)
340,Nganjuk,Patianrowo,0.5676157474517822,0.5641709566116333,0.12017510086297989,0.13265478610992432,8.823529411764707,2.941176470588235,34,17,20,0.6635750740766525,-0.09595932662487028,-1.193680790941333,Moderate Sensitivity (Tier 3)
341,Sumenep,Gayam,0.5675625205039978,0.5680367946624756,0.0612955279648304,0.07942849397659302,0.0,0.0,38,21,25,0.6219279944896698,-0.05436547398567204,-1.1301954431668195,Moderate Sensitivity (Tier 3)
342,Lumajang,Yosowilangun,0.5670575499534607,0.5506564378738403,0.21925492584705353,0.26324713230133057,21.153846153846153,13.461538461538462,52,2,18,0.4015382313066059,0.16551931864685482,1.1643757634654803,Moderate Sensitivity (Tier 3)
343,Magetan,Panekan,0.5656571388244629,0.5818770527839661,0.11806537955999374,0.12696170806884766,3.896103896103896,1.2987012987012987,77,11,13,0.603030264377594,-0.037373125553131104,-0.8237161801624818,Moderate Sensitivity (Tier 3)
344,Situbondo,Panarukan,0.5653676986694336,0.583865761756897,0.16438867151737213,0.24304074048995972,12.857142857142856,4.285714285714286,70,11,17,0.584401069318547,-0.019033370649113368,-0.22607339118297506,Moderate Sensitivity (Tier 3)
345,Magetan,Sukomoro,0.5653573870658875,0.5624824166297913,0.04939025267958641,0.05841153860092163,0.0,0.0,45,12,13,0.603030264377594,-0.03767287731170654,-0.8303228091215644,Moderate Sensitivity (Tier 3)
346,Sumenep,Sumenep,0.5642136931419373,0.5898011922836304,0.10739108920097351,0.10650652647018433,3.3333333333333335,0.0,60,22,25,0.6219279944896698,-0.05771430134773259,-1.1998136980458385,Moderate Sensitivity (Tier 3)
347,Blitar,Binangun,0.5639017224311829,0.5588404536247253,0.10617199540138245,0.13659018278121948,5.0,0.0,80,5,21,0.4983622006007603,0.06553952183042255,0.8071415782645809,Moderate Sensitivity (Tier 3)
348,Lumajang,Kunir,0.5633407235145569,0.5279650688171387,0.2220633327960968,0.32357537746429443,22.916666666666664,12.5,48,3,18,0.4015382313066059,0.161802492207951,1.1382290715998564,Moderate Sensitivity (Tier 3)
349,Malang,Gedangan,0.5628632307052612,0.5611501932144165,0.08720555156469345,0.09537750482559204,2.5316455696202533,0.6329113924050633,158,11,35,0.5215494292122977,0.04131380149296349,0.43619771374815547,Moderate Sensitivity (Tier 3)
350,Lamongan,Sekaran,0.5625409483909607,0.5648117661476135,0.1260586977005005,0.17647254467010498,5.194805194805195,0.0,77,21,25,0.6764296876887481,-0.11388873929778742,-0.9112978836480585,Moderate Sensitivity (Tier 3)
351,Kediri,Grogol,0.5615240335464478,0.5577268004417419,0.13650792837142944,0.1579951047897339,10.526315789473683,1.0526315789473684,95,15,21,0.6245542353107816,-0.06303020176433383,-0.5829507611220268,Moderate Sensitivity (Tier 3)
352,Sidoarjo,Jabon,0.5614113807678223,0.5714260339736938,0.13378527760505676,0.1443643569946289,7.6923076923076925,0.0,26,3,18,0.46915817611357746,0.0922532046542448,1.2997642998813779,Moderate Sensitivity (Tier 3)
353,Pasuruan,Gempol,0.5605158805847168,0.5787433981895447,0.15371647477149963,0.14363908767700195,8.823529411764707,1.4705882352941175,68,12,24,0.5713256684442362,-0.01080978785951936,-0.12695993274753822,Moderate Sensitivity (Tier 3)
354,Malang,Kepanjen,0.5599322319030762,0.5464820861816406,0.17975260317325592,0.20880761742591858,11.538461538461538,5.769230769230769,52,12,35,0.5215494292122977,0.03838280269077843,0.40525176033039856,Moderate Sensitivity (Tier 3)
355,Lamongan,Karanggeneng,0.5591714382171631,0.5310612320899963,0.15972758829593658,0.1663159728050232,11.428571428571429,8.571428571428571,35,22,25,0.6764296876887481,-0.11725824947158503,-0.9382595262937246,Moderate Sensitivity (Tier 3)
356,Lumajang,Tekung,0.5591443181037903,0.5192297697067261,0.16311483085155487,0.21797963976860046,14.285714285714285,4.761904761904762,21,4,18,0.4015382313066059,0.1576060867971844,1.1087086941966784,Moderate Sensitivity (Tier 3)
357,Banyuwangi,Purwoharjo,0.5582519173622131,0.5620894432067871,0.16882403194904327,0.19786635041236877,11.971830985915492,5.633802816901409,142,6,19,0.48182513682465805,0.07642678053755508,0.5962585014266661,Moderate Sensitivity (Tier 3)
358,Ponorogo,Sawoo,0.5578987002372742,0.5557570457458496,0.06780930608510971,0.07929205894470215,1.0,0.0,100,7,19,0.5377402384030191,0.02015846183425507,0.2500576456085737,Moderate Sensitivity (Tier 3)
359,Pasuruan,Pandaan,0.5577859282493591,0.5392003655433655,0.17566515505313873,0.2568899989128113,11.627906976744185,6.976744186046512,43,13,24,0.5713256684442362,-0.013539740194877026,-0.15902296390089937,Moderate Sensitivity (Tier 3)
360,Pasuruan,Bangil,0.5577238202095032,0.6004926562309265,0.1943633109331131,0.23265933990478516,12.0,0.0,25,14,24,0.5713256684442362,-0.013601848234732983,-0.1597524169360253,Moderate Sensitivity (Tier 3)
361,Mojokerto,Sooko,0.556143581867218,0.573798656463623,0.10768043249845505,0.16337358951568604,4.761904761904762,0.0,21,13,17,0.6392107851365033,-0.0830672032692853,-0.609047281732804,Moderate Sensitivity (Tier 3)
362,Sampang,Sokobanah,0.5557675957679749,0.5437681674957275,0.09219348430633545,0.13167858123779297,1.1111111111111112,0.0,90,11,12,0.6185134251912435,-0.06274582942326867,-1.1655828100138457,Moderate Sensitivity (Tier 3)
363,Malang,Ngajum,0.555191695690155,0.5444415807723999,0.13065105676651,0.1814253330230713,6.25,1.5625,64,13,35,0.5215494292122977,0.033642266477857286,0.3552004219569805,Moderate Sensitivity (Tier 3)
364,Jombang,Wonosalam,0.5548314452171326,0.5426908135414124,0.22692051529884338,0.3727048635482788,23.66412213740458,10.687022900763358,131,17,20,0.6710116803646088,-0.11618023514747622,-1.0845487628898525,Moderate Sensitivity (Tier 3)
365,Sumenep,Ambunten,0.5540919899940491,0.551405131816864,0.07331520318984985,0.08036112785339355,3.125,0.0,32,23,25,0.6219279944896698,-0.06783600449562077,-1.4102322217185161,Moderate Sensitivity (Tier 3)
366,Sidoarjo,Krembung,0.553792417049408,0.5473077297210693,0.16461068391799927,0.23971697688102722,11.76470588235294,5.88235294117647,34,4,18,0.46915817611357746,0.0846342409358305,1.1924199850643344,Moderate Sensitivity (Tier 3)
367,Gresik,Duduksampean,0.5533265471458435,0.5789433121681213,0.08539041876792908,0.09460204839706421,0.0,0.0,41,17,18,0.6209769807755947,-0.0676504336297512,-1.2090761414332236,Moderate Sensitivity (Tier 3)
368,Nganjuk,Ngetos,0.5531202554702759,0.5521107912063599,0.16500498354434967,0.20040467381477356,11.25,5.0,80,18,20,0.6635750740766525,-0.11045481860637663,-1.3739966699929869,Moderate Sensitivity (Tier 3)
369,Situbondo,Kendit,0.5517035126686096,0.5754694938659668,0.13204661011695862,0.18277320265769958,4.761904761904762,0.0,105,12,17,0.584401069318547,-0.03269755664993734,-0.38837301345745173,Moderate Sensitivity (Tier 3)
370,Tulungagung,Kalidawir,0.5515323281288147,0.5478371381759644,0.15600645542144775,0.17367196083068848,8.49056603773585,1.8867924528301887,106,11,19,0.5478861473108593,0.0036461808179554245,0.04315859095903212,Moderate Sensitivity (Tier 3)
371,Situbondo,Mangaran,0.5511138439178467,0.5469512939453125,0.06569056957960129,0.090079665184021,0.0,0.0,7,13,17,0.584401069318547,-0.03328722540070028,-0.3953769444278086,Moderate Sensitivity (Tier 3)
372,Kota Mojokerto,Mojokerto Barat,0.5503590703010559,0.5696800947189331,0.08496922999620438,0.13880231976509094,0.0,0.0,6,2,2,0.5724584460258484,-0.02209937572479248,-0.7071067811865476,Moderate Sensitivity (Tier 3)
373,Banyuwangi,Srono,0.5502250790596008,0.5512497425079346,0.12748336791992188,0.15382134914398193,7.142857142857142,3.571428571428571,56,7,19,0.48182513682465805,0.06839994223494278,0.5336355498402394,Moderate Sensitivity (Tier 3)
374,Ponorogo,Bungkal,0.5496137738227844,0.5263583660125732,0.09840716421604156,0.14708927273750305,1.6666666666666667,1.6666666666666667,60,8,19,0.5377402384030191,0.011873535419765324,0.14728645154221126,Moderate Sensitivity (Tier 3)
375,Ponorogo,Sampung,0.5495320558547974,0.5433127880096436,0.062234386801719666,0.07548421621322632,0.0,0.0,74,9,19,0.5377402384030191,0.011791817451778264,0.14627277287730253,Moderate Sensitivity (Tier 3)
376,Banyuwangi,Rogojampi,0.5492889285087585,0.5457385182380676,0.10830362886190414,0.1529444456100464,4.285714285714286,0.0,70,8,19,0.48182513682465805,0.0674637916841005,0.5263319879130078,Moderate Sensitivity (Tier 3)
377,Sumenep,Kalianget,0.5492474436759949,0.5124221444129944,0.15723788738250732,0.17593112587928772,16.666666666666664,8.333333333333332,12,24,25,0.6219279944896698,-0.07268055081367497,-1.5109447469936284,Moderate Sensitivity (Tier 3)
378,Nganjuk,Prambon,0.5469404458999634,0.5323665738105774,0.1094432920217514,0.10746175050735474,2.127659574468085,0.0,47,19,20,0.6635750740766525,-0.11663462817668913,-1.4508700728733024,Moderate Sensitivity (Tier 3)
379,Pasuruan,Grati,0.5465092658996582,0.5329813361167908,0.11427300423383713,0.14201673865318298,2.0,2.0,50,15,24,0.5713256684442362,-0.024816402544577953,-0.2914662932372795,Moderate Sensitivity (Tier 3)
380,Mojokerto,Jatirejo,0.5456754565238953,0.5617030262947083,0.22365806996822357,0.32555311918258667,20.353982300884958,7.964601769911504,113,14,17,0.6392107851365033,-0.09353532861260805,-0.6857993936887197,Moderate Sensitivity (Tier 3)
381,Blitar,Panggungrejo,0.5455090999603271,0.5345285534858704,0.08472104370594025,0.09887498617172241,2.684563758389262,0.0,149,6,21,0.4983622006007603,0.04714689935956684,0.5806301556154762,Moderate Sensitivity (Tier 3)
382,Blitar,Wonotirto,0.5437679886817932,0.5420866012573242,0.07578051090240479,0.08507329225540161,1.1111111111111112,0.0,90,7,21,0.4983622006007603,0.045405788081032905,0.5591877760246349,Moderate Sensitivity (Tier 3)
383,Pasuruan,Pasrepah,0.542148768901825,0.570142388343811,0.1020728051662445,0.10024720430374146,1.282051282051282,0.0,78,16,24,0.5713256684442362,-0.029176899542411205,-0.3426799167408371,Moderate Sensitivity (Tier 3)
384,Kediri,Mojo,0.5418994426727295,0.6067065596580505,0.2188306748867035,0.18496385216712952,7.333333333333333,3.3333333333333335,150,16,21,0.6245542353107816,-0.08265479263805209,-0.7644537528039598,Moderate Sensitivity (Tier 3)
385,Malang,Dampit,0.5413795113563538,0.5332596302032471,0.15925966203212738,0.1804991066455841,9.433962264150944,2.8301886792452833,106,14,35,0.5215494292122977,0.019830082144056016,0.20936917403131214,Moderate Sensitivity (Tier 3)
386,Kota Pasuruan,Gadingrejo,0.5412463545799255,0.5857185125350952,0.17994795739650726,0.23558789491653442,14.285714285714285,0.0,14,1,3,0.47082780798276264,0.0704185465971629,1.0029005852787996,Moderate Sensitivity (Tier 3)
387,Malang,Pakisaji,0.5408928990364075,0.5456011295318604,0.11846406757831573,0.15056470036506653,2.4390243902439024,2.4390243902439024,41,15,35,0.5215494292122977,0.019343469824109727,0.20423144344802488,Moderate Sensitivity (Tier 3)
388,Trenggalek,Bendungan,0.5408199429512024,0.5651440620422363,0.17022667825222015,0.23260459303855896,9.090909090909092,4.545454545454546,88,6,13,0.4784364299132274,0.062383513037975014,0.40423065247312234,Moderate Sensitivity (Tier 3)
389,Malang,Singosari,0.53959721326828,0.5671204328536987,0.20263417065143585,0.21548956632614136,14.049586776859504,4.958677685950414,121,16,35,0.5215494292122977,0.018047784055982286,0.19055138619428916,Moderate Sensitivity (Tier 3)
390,Malang,Kasembon,0.5394522547721863,0.5343600511550903,0.184364914894104,0.24988794326782227,13.333333333333334,6.666666666666667,105,17,35,0.5215494292122977,0.017902825559888536,0.1890208912434618,Moderate Sensitivity (Tier 3)
391,Ponorogo,Badegan,0.5394407510757446,0.5398355722427368,0.06919689476490021,0.06799113750457764,0.0,0.0,95,10,19,0.5377402384030191,0.0017005126727255293,0.02109417865140416,Moderate Sensitivity (Tier 3)
392,Kediri,Puncu,0.5390610694885254,0.5194765329360962,0.22251971065998077,0.38251203298568726,18.627450980392158,7.8431372549019605,102,17,21,0.6245542353107816,-0.08549316582225619,-0.7907051650121374,Moderate Sensitivity (Tier 3)
393,Sampang,Sreseh,0.5389511585235596,0.5693215131759644,0.11910366266965866,0.0875200629234314,0.0,0.0,49,12,12,0.6185134251912435,-0.07956226666768396,-1.4779693121595683,Moderate Sensitivity (Tier 3)
394,Pasuruan,Tutur,0.5388410091400146,0.5428240895271301,0.15024003386497498,0.21198493242263794,9.70873786407767,0.9708737864077669,103,17,24,0.5713256684442362,-0.03248465930422151,-0.3815292412939205,Moderate Sensitivity (Tier 3)
395,Jombang,Gudo,0.5386094450950623,0.5251182913780212,0.15461736917495728,0.18777018785476685,9.67741935483871,3.225806451612903,31,18,20,0.6710116803646088,-0.13240223526954653,-1.2359820091873623,Moderate Sensitivity (Tier 3)
396,Blitar,Kesamben,0.5378047227859497,0.5440006256103516,0.1224924698472023,0.15222936868667603,3.9473684210526314,0.0,76,8,21,0.4983622006007603,0.0394425221851894,0.48574812141079465,Moderate Sensitivity (Tier 3)
397,Banyuwangi,Bangorejo,0.5372256636619568,0.5385113954544067,0.1595863252878189,0.17489242553710938,10.144927536231885,3.6231884057971016,138,9,19,0.48182513682465805,0.055400526837298736,0.4322180638503222,Moderate Sensitivity (Tier 3)
398,Bojonegoro,Bojonegoro,0.5367977619171143,0.5514006614685059,0.20101386308670044,0.23201271891593933,8.0,4.0,25,23,23,0.7530349026555601,-0.2162371407384458,-2.6930997230819336,Moderate Sensitivity (Tier 3)
399,Magetan,Plaosan,0.5355023741722107,0.6037420034408569,0.2613145709037781,0.35186123847961426,22.07792207792208,6.493506493506493,77,13,13,0.603030264377594,-0.0675278902053833,-1.4883372731384963,Moderate Sensitivity (Tier 3)
400,Sumenep,Arjasa,0.53501296043396,0.5603684782981873,0.15301428735256195,0.10949671268463135,4.942965779467681,0.38022813688212925,263,25,25,0.6219279944896698,-0.08691503405570988,-1.8068632209173952,Moderate Sensitivity (Tier 3)
401,Pasuruan,Prigen,0.5341172218322754,0.5497650504112244,0.19813506305217743,0.23897451162338257,10.948905109489052,6.569343065693431,137,18,24,0.5713256684442362,-0.037208446611960766,-0.43700967501733656,Moderate Sensitivity (Tier 3)
402,Blitar,Kademangan,0.5340898036956787,0.5299606323242188,0.10708855837583542,0.13406899571418762,3.418803418803419,0.8547008547008548,117,9,21,0.4983622006007603,0.0357276030949184,0.43999762500948114,Moderate Sensitivity (Tier 3)
403,Ponorogo,Sambit,0.5337250232696533,0.5401562452316284,0.1355583220720291,0.16242405772209167,6.896551724137931,0.0,58,11,19,0.5377402384030191,-0.004015215133365779,-0.049807135639447206,Moderate Sensitivity (Tier 3)
404,Lumajang,Jatiroto,0.5319263935089111,0.5472741723060608,0.10836046934127808,0.1779075562953949,0.0,0.0,52,5,18,0.4015382313066059,0.13038816220230526,0.9172392512990504,Moderate Sensitivity (Tier 3)
405,Ponorogo,Balong,0.5317336916923523,0.5249716639518738,0.0865134671330452,0.10901910066604614,1.7241379310344827,0.0,58,12,19,0.5377402384030191,-0.006006546710666805,-0.07450880632940751,Moderate Sensitivity (Tier 3)
406,Jember,Wuluhan,0.5313692688941956,0.5432046055793762,0.17478901147842407,0.1785060167312622,10.909090909090908,1.8181818181818181,55,13,28,0.5093095212110451,0.022059747683150444,0.16685290683770632,Moderate Sensitivity (Tier 3)
407,Probolinggo,Kotanyar,0.5313354134559631,0.5311563014984131,0.07767331600189209,0.09509274363517761,0.0,0.0,57,2,24,0.4254318579383518,0.10590355551761133,1.3901096564166333,Moderate Sensitivity (Tier 3)
408,Situbondo,Besuki,0.5309797525405884,0.5641849637031555,0.10037417709827423,0.17447611689567566,0.0,0.0,10,14,17,0.584401069318547,-0.05342131677795858,-0.6345244081092726,Moderate Sensitivity (Tier 3)
409,Jombang,Jombang,0.5306683778762817,0.49707984924316406,0.1675797551870346,0.16200202703475952,10.0,6.666666666666667,30,19,20,0.6710116803646088,-0.14034330248832705,-1.3101123000859918,Moderate Sensitivity (Tier 3)
410,Kota Madiun,Taman,0.5288071036338806,0.5522295236587524,0.057709239423274994,0.08161085844039917,0.0,0.0,12,3,3,0.6265403230985006,-0.09773321946461999,-1.0146530801925568,Moderate Sensitivity (Tier 3)
411,Probolinggo,Kuripan,0.528781533241272,0.5302206873893738,0.061753351241350174,0.060304999351501465,0.0,0.0,64,3,24,0.4254318579383518,0.10334967530292016,1.3565869523825542,Moderate Sensitivity (Tier 3)
412,Tulungagung,Boyolangu,0.5264008045196533,0.5125833749771118,0.18254001438617706,0.2600434422492981,11.76470588235294,2.941176470588235,34,12,19,0.5478861473108593,-0.021485342791205952,-0.2543146287682498,Moderate Sensitivity (Tier 3)
413,Malang,Pujon,0.524753987789154,0.5498324632644653,0.21094968914985657,0.3530142307281494,18.64406779661017,5.932203389830509,118,18,35,0.5215494292122977,0.003204558576856309,0.03383424120471799,Moderate Sensitivity (Tier 3)
414,Pasuruan,Rejoso,0.5235248804092407,0.5261439085006714,0.22119170427322388,0.30035239458084106,17.24137931034483,3.4482758620689653,29,19,24,0.5713256684442362,-0.047800788034995434,-0.5614157200002803,Moderate Sensitivity (Tier 3)
415,Jember,Kencong,0.5232074856758118,0.5084867477416992,0.22692929208278656,0.35737577080726624,18.69918699186992,8.130081300813007,123,14,28,0.5093095212110451,0.013897964464766654,0.10511977758678921,Moderate Sensitivity (Tier 3)
416,Tulungagung,Bandung,0.5228316187858582,0.5146815180778503,0.15446996688842773,0.21494603157043457,7.547169811320755,1.8867924528301887,53,13,19,0.5478861473108593,-0.02505452852500112,-0.29656185534108226,Moderate Sensitivity (Tier 3)
417,Pacitan,Punung,0.5213717222213745,0.519758939743042,0.06459864228963852,0.08591830730438232,0.0,0.0,108,4,12,0.47792630394299823,0.04344541827837628,0.5006341134854675,Moderate Sensitivity (Tier 3)
418,Tuban,Bancar,0.5211291909217834,0.5179718732833862,0.0682133212685585,0.10325592756271362,0.0,0.0,81,18,19,0.6537798674483049,-0.1326506765265214,-1.7104602061042673,Moderate Sensitivity (Tier 3)
419,Situbondo,Jatibanteng,0.5201504826545715,0.5680040121078491,0.1583053469657898,0.22791767120361328,2.380952380952381,0.0,84,15,17,0.584401069318547,-0.06425058666397543,-0.7631516393181359,Moderate Sensitivity (Tier 3)
420,Gresik,Manyar,0.5173060297966003,0.5003334879875183,0.08829258382320404,0.06915584206581116,0.0,0.0,4,18,18,0.6209769807755947,-0.10367095097899437,-1.8528495186654779,Moderate Sensitivity (Tier 3)
421,Malang,Pakis,0.5172420144081116,0.514517068862915,0.11586485803127289,0.12964117527008057,1.694915254237288,1.694915254237288,59,19,35,0.5215494292122977,-0.0043074148041861715,-0.04547837337290242,Moderate Sensitivity (Tier 3)
422,Sidoarjo,Porong,0.5171995759010315,0.49442431330680847,0.09815949201583862,0.15588787198066711,0.0,0.0,15,5,18,0.46915817611357746,0.04804139978745403,0.6768599160765135,Moderate Sensitivity (Tier 3)
423,Blitar,Wates,0.5152550935745239,0.5080217719078064,0.11610088497400284,0.1476457417011261,4.545454545454546,0.0,88,10,21,0.4983622006007603,0.016892892973763618,0.20804174207400236,Moderate Sensitivity (Tier 3)
424,Tulungagung,Kedungwaru,0.5148710608482361,0.49038898944854736,0.1445341855287552,0.20058965682983398,8.823529411764707,2.941176470588235,34,14,19,0.5478861473108593,-0.03301508646262319,-0.3907882475549934,Moderate Sensitivity (Tier 3)
425,Kota Surabaya,Kodya Surabaya,0.5134506225585938,0.5016268491744995,0.15114648640155792,0.18651485443115234,7.116104868913857,1.8726591760299627,267,1,1,0.5134506225585938,0.0,0.0,Moderate Sensitivity (Tier 3)
426,Blitar,Wonodadi,0.5128980875015259,0.5224683284759521,0.18090569972991943,0.17038103938102722,8.51063829787234,6.382978723404255,47,11,21,0.4983622006007603,0.014535886900765571,0.17901440790056689,Moderate Sensitivity (Tier 3)
427,Banyuwangi,Wongsorejo,0.512679934501648,0.5456880331039429,0.2248091846704483,0.32292845845222473,11.326860841423949,3.559870550161812,309,10,19,0.48182513682465805,0.030854797676989898,0.24071974895847834,Moderate Sensitivity (Tier 3)
428,Kediri,Gampengrejo,0.5125565528869629,0.4607492685317993,0.1801738142967224,0.2393639087677002,8.823529411764707,5.88235294117647,34,18,21,0.6245542353107816,-0.11199768242381869,-1.0358388896957738,Moderate Sensitivity (Tier 3)
429,Kediri,Ngancar,0.5121455192565918,0.5100347995758057,0.15940704941749573,0.18277913331985474,7.000000000000001,4.0,100,19,21,0.6245542353107816,-0.11240871605418978,-1.0396404381751436,Moderate Sensitivity (Tier 3)
430,Jember,Mumbulsari,0.5119660496711731,0.5044523477554321,0.16765160858631134,0.20387351512908936,7.086614173228346,4.724409448818897,127,15,28,0.5093095212110451,0.0026565284601279826,0.020093135335723267,Moderate Sensitivity (Tier 3)
431,Malang,Wagir,0.5110918879508972,0.6019771695137024,0.26770317554473877,0.33948296308517456,20.224719101123593,0.0,89,20,35,0.5215494292122977,-0.010457541261400527,-0.1104123906493289,Moderate Sensitivity (Tier 3)
432,Blitar,Solorejo,0.511008620262146,0.5191856622695923,0.14395840466022491,0.1933523714542389,3.225806451612903,0.0,62,12,21,0.4983622006007603,0.012646419661385688,0.1557449740219025,Moderate Sensitivity (Tier 3)
433,Jombang,Tembelang,0.5090792179107666,0.494083434343338,0.1694229245185852,0.17028659582138062,2.7027027027027026,2.7027027027027026,37,20,20,0.6710116803646088,-0.16193246245384219,-1.511648273074072,Moderate Sensitivity (Tier 3)
434,Lumajang,Lumajang,0.5071128010749817,0.4907050132751465,0.21274246275424957,0.23136287927627563,10.0,8.333333333333332,60,6,18,0.4015382313066059,0.10557456976837581,0.7426835204588251,Moderate Sensitivity (Tier 3)
435,Kediri,Plosoklaten,0.504706084728241,0.5055524110794067,0.17391346395015717,0.2445656657218933,7.526881720430108,2.1505376344086025,93,20,21,0.6245542353107816,-0.11984815058254061,-1.1084459298160356,Moderate Sensitivity (Tier 3)
436,Tulungagung,Pagerwojo,0.5039651393890381,0.5247369408607483,0.17040714621543884,0.22654491662979126,6.481481481481481,0.9259259259259258,108,15,19,0.5478861473108593,-0.04392100792182119,-0.5198778969138507,Moderate Sensitivity (Tier 3)
437,Malang,Sumbermanjing,0.5030141472816467,0.5182139873504639,0.15327775478363037,0.1574419140815735,4.3478260869565215,1.8115942028985508,276,21,35,0.5215494292122977,-0.018535281930651015,-0.19569846660575413,Moderate Sensitivity (Tier 3)
438,Malang,Bantur,0.5026013851165771,0.5224975943565369,0.13300998508930206,0.18321660161018372,1.3888888888888888,0.6944444444444444,144,22,35,0.5215494292122977,-0.018948044095720595,-0.2000564754603921,Moderate Sensitivity (Tier 3)
439,Malang,Bululawang,0.5022086501121521,0.505977213382721,0.1063397228717804,0.13139981031417847,2.127659574468085,0.0,47,23,35,0.5215494292122977,-0.019340779100145644,-0.20420303435471837,Moderate Sensitivity (Tier 3)
440,Tuban,Jenu,0.5019143223762512,0.5200655460357666,0.10353183001279831,0.11460021138191223,1.7543859649122806,1.7543859649122806,57,19,19,0.6537798674483049,-0.15186554507205363,-1.9582257575003537,Moderate Sensitivity (Tier 3)
441,Jember,Patrang,0.501349151134491,0.5082908868789673,0.09273247420787811,0.08803996443748474,2.5,0.0,40,16,28,0.5093095212110451,-0.007960370076554146,-0.06020970438349396,Moderate Sensitivity (Tier 3)
442,Probolinggo,Pakuniran,0.49969127774238586,0.5113571882247925,0.16031523048877716,0.2072778344154358,4.918032786885246,0.0,122,4,24,0.4254318579383518,0.07425941980403405,0.9747428785081518,Moderate Sensitivity (Tier 3)
443,Pacitan,Donorejo,0.49964964389801025,0.4969732165336609,0.06755751371383667,0.09595143795013428,0.0,0.0,131,5,12,0.47792630394299823,0.021723339955012022,0.25032432581582076,Moderate Sensitivity (Tier 3)
444,Malang,Tumpang,0.49744781851768494,0.4813241958618164,0.10204243659973145,0.16176313161849976,0.0,0.0,71,24,35,0.5215494292122977,-0.024101610694612807,-0.25446865460755946,Moderate Sensitivity (Tier 3)
445,Situbondo,Banyuglugur,0.4969204366207123,0.507646918296814,0.07147102802991867,0.09746253490447998,0.0,0.0,45,16,17,0.584401069318547,-0.08748063269783468,-1.0390720414911383,Moderate Sensitivity (Tier 3)
446,Lamongan,Karangbinangun,0.49634233117103577,0.49898093938827515,0.11061717569828033,0.13352751731872559,0.0,0.0,46,23,25,0.6764296876887481,-0.18008735651771235,-1.440996079842926,Moderate Sensitivity (Tier 3)
447,Trenggalek,Durenan,0.4960387349128723,0.49201446771621704,0.19988365471363068,0.3422990143299103,7.6923076923076925,1.9230769230769231,52,7,13,0.4784364299132274,0.017602304999644935,0.11405884164788843,Moderate Sensitivity (Tier 3)
448,Sidoarjo,Tarik,0.49489131569862366,0.46989142894744873,0.15114976465702057,0.13298100233078003,7.142857142857142,7.142857142857142,42,6,18,0.46915817611357746,0.025733139585046194,0.36255668604535957,Moderate Sensitivity (Tier 3)
449,Malang,Ngantang,0.49467724561691284,0.5004990100860596,0.21246302127838135,0.283222496509552,10.948905109489052,6.569343065693431,137,25,35,0.5215494292122977,-0.026872183595384902,-0.28372080573906977,Moderate Sensitivity (Tier 3)
450,Ponorogo,Pulung,0.49463707208633423,0.5372002124786377,0.18013396859169006,0.17933610081672668,0.6944444444444444,0.0,144,13,19,0.5377402384030191,-0.04310316631668487,-0.5346775153801457,Moderate Sensitivity (Tier 3)
451,Bondowoso,Klabang,0.49354836344718933,0.5440022945404053,0.29781147837638855,0.4455612003803253,20.75,10.0,400,16,17,0.7410174660822925,-0.24746910263510313,-1.4095930913220396,Moderate Sensitivity (Tier 3)
452,Mojokerto,Gondang,0.4932139813899994,0.47748520970344543,0.15555420517921448,0.22288209199905396,5.825242718446602,0.0,103,15,17,0.6392107851365033,-0.14599680374650392,-1.0704460119504744,Moderate Sensitivity (Tier 3)
453,Pasuruan,Lekok,0.49311599135398865,0.4354992210865021,0.15273012220859528,0.1331990361213684,11.627906976744185,2.3255813953488373,43,20,24,0.5713256684442362,-0.07820967709024751,-0.918565236674867,Moderate Sensitivity (Tier 3)
454,Banyuwangi,Singojuruh,0.49272099137306213,0.46410810947418213,0.1783071905374527,0.20794832706451416,9.01639344262295,6.557377049180328,122,11,19,0.48182513682465805,0.010895854548404083,0.0850061439079189,Moderate Sensitivity (Tier 3)
455,Probolinggo,Tongas,0.49253496527671814,0.4837649464607239,0.078770212829113,0.07354971766471863,0.0,0.0,57,5,24,0.4254318579383518,0.06710310733836633,0.8808077975353028,Moderate Sensitivity (Tier 3)
456,Ponorogo,Babadan,0.49058640003204346,0.44380152225494385,0.180824875831604,0.3006291389465332,6.0,4.0,50,14,19,0.5377402384030191,-0.04715383837097564,-0.5849244799232034,Moderate Sensitivity (Tier 3)
457,Pacitan,Nawangan,0.4883591830730438,0.48454076051712036,0.07929560542106628,0.099374920129776,0.0,0.0,117,6,12,0.47792630394299823,0.010432879130045591,0.12022108202307347,Moderate Sensitivity (Tier 3)
458,Pasuruan,Tosari,0.48667585849761963,0.46779385209083557,0.15174371004104614,0.200954407453537,2.857142857142857,1.9047619047619049,105,21,24,0.5713256684442362,-0.08464980994661653,-0.9942039860153353,Moderate Sensitivity (Tier 3)
459,Blitar,Garum,0.48507454991340637,0.4903238117694855,0.1427651345729828,0.18738937377929688,0.0,0.0,61,13,21,0.4983622006007603,-0.013287650687353936,-0.1636419529420627,Moderate Sensitivity (Tier 3)
460,Jember,Sumber Jambe,0.48457226157188416,0.5327943563461304,0.25870487093925476,0.40168362855911255,12.295081967213115,5.737704918032787,122,17,28,0.5093095212110451,-0.024737259639160958,-0.18710475465436568,Moderate Sensitivity (Tier 3)
461,Probolinggo,Sukapura,0.4840910732746124,0.42028334736824036,0.2135411500930786,0.24328413605690002,13.178294573643413,9.30232558139535,129,6,24,0.4254318579383518,0.05865921533626062,0.7699717094314018,Moderate Sensitivity (Tier 3)
462,Jember,Puger,0.4818490445613861,0.48447084426879883,0.22204118967056274,0.33964893221855164,13.846153846153847,3.076923076923077,65,18,28,0.5093095212110451,-0.027460476649659005,-0.20770230094899295,Moderate Sensitivity (Tier 3)
463,Tulungagung,Pucang Laban,0.4809986352920532,0.48408710956573486,0.11127705127000809,0.1352054476737976,0.0,0.0,41,16,19,0.5478861473108593,-0.06688751201880605,-0.7917245237184193,Moderate Sensitivity (Tier 3)
464,Probolinggo,Besuk,0.47889775037765503,0.46440690755844116,0.1347036361694336,0.1727135181427002,2.7027027027027026,0.0,37,7,24,0.4254318579383518,0.05346589243930322,0.7018031925892119,Moderate Sensitivity (Tier 3)
465,Ponorogo,Sukorejo,0.47757959365844727,0.48192641139030457,0.09904754906892776,0.13731372356414795,0.0,0.0,66,15,19,0.5377402384030191,-0.060160644744571834,-0.7462687037737153,Moderate Sensitivity (Tier 3)
466,Blitar,Nglegok,0.47734472155570984,0.4793020784854889,0.173524409532547,0.18472954630851746,5.617977528089887,3.3707865168539324,89,14,21,0.4983622006007603,-0.02101747904505047,-0.25883742715514135,Moderate Sensitivity (Tier 3)
467,Ponorogo,Slahung,0.4755438566207886,0.4745168685913086,0.1328781545162201,0.1822170913219452,1.9607843137254901,0.0,102,16,19,0.5377402384030191,-0.062196381782230525,-0.7715212064150666,Moderate Sensitivity (Tier 3)
468,Pasuruan,Puspo,0.4754887521266937,0.4713580906391144,0.08527928590774536,0.09773415327072144,0.0,0.0,44,22,24,0.5713256684442362,-0.09583691631754243,-1.1255954888783213,Moderate Sensitivity (Tier 3)
469,Pacitan,Kebon Agung,0.47408634424209595,0.4742017984390259,0.13095220923423767,0.1956731677055359,1.834862385321101,0.0,109,7,12,0.47792630394299823,-0.0038399597009022846,-0.04424896564151538,Moderate Sensitivity (Tier 3)
470,Pasuruan,Nguling,0.47239992022514343,0.458180695772171,0.07298266887664795,0.09441319108009338,0.0,0.0,39,23,24,0.5713256684442362,-0.09892574821909272,-1.1618735264851308,Moderate Sensitivity (Tier 3)
471,Malang,Turen,0.4723898470401764,0.4724297821521759,0.1062391847372055,0.1462305784225464,0.0,0.0,85,26,35,0.5215494292122977,-0.04915958217212135,-0.5190347190864562,Moderate Sensitivity (Tier 3)
472,Nganjuk,Sawahan,0.47205138206481934,0.48839229345321655,0.15566425025463104,0.21846741437911987,3.225806451612903,0.8064516129032258,124,20,20,0.6635750740766525,-0.19152369201183317,-2.3824484831830524,Moderate Sensitivity (Tier 3)
473,Kota Pasuruan,Purworejo,0.47041869163513184,0.5006521940231323,0.1466766744852066,0.16961669921875,0.0,0.0,8,2,3,0.47082780798276264,-0.0004091163476308002,-0.005826632958405664,Moderate Sensitivity (Tier 3)
474,Sidoarjo,Sedati,0.46915817611357746,0.46915817611357746,,,0.0,,0,7,18,0.46915817611357746,0.0,0.0,Moderate Sensitivity (Tier 3)
475,Blitar,Sutojayan,0.4685274064540863,0.496964693069458,0.13856250047683716,0.17237871885299683,0.0,0.0,92,15,21,0.4983622006007603,-0.029834794146674004,-0.36742567175043545,Moderate Sensitivity (Tier 3)
476,Kota Kediri,Mojoroto,0.4684006869792938,0.48968636989593506,0.1130557581782341,0.0983055830001831,0.0,0.0,32,2,3,0.49616071581840515,-0.027760028839111328,-0.2694097148537593,Moderate Sensitivity (Tier 3)
477,Sidoarjo,Krian,0.46832001209259033,0.45325803756713867,0.09719221293926239,0.11727187037467957,0.0,0.0,36,8,18,0.46915817611357746,-0.000838164020987131,-0.011808973747926837,Moderate Sensitivity (Tier 3)
478,Tulungagung,Tulung Agung,0.4636596441268921,0.46407392621040344,0.11151974648237228,0.1417936384677887,0.0,0.0,13,17,19,0.5478861473108593,-0.08422650318396718,-0.996960211332804,Moderate Sensitivity (Tier 3)
479,Jember,Kaliwates,0.4631803035736084,0.4485991299152374,0.1124403104186058,0.1595364809036255,0.0,0.0,27,19,28,0.5093095212110451,-0.046129217637436715,-0.3489067129645563,Moderate Sensitivity (Tier 3)
480,Lumajang,Tempeh,0.4608883261680603,0.414234459400177,0.18041647970676422,0.20789259672164917,6.796116504854369,4.854368932038835,103,7,18,0.4015382313066059,0.05935009486145443,0.41750904112586384,Moderate Sensitivity (Tier 3)
481,Sidoarjo,Waru,0.4594000279903412,0.45314228534698486,0.09207630902528763,0.10215911269187927,0.0,0.0,21,9,18,0.46915817611357746,-0.009758148123236277,-0.13748349026001438,Moderate Sensitivity (Tier 3)
482,Kediri,Semen,0.4592544734477997,0.4996064305305481,0.1597076654434204,0.1115645170211792,0.0,0.0,101,21,21,0.6245542353107816,-0.1652997618629819,-1.5288166512873533,Moderate Sensitivity (Tier 3)
483,Lamongan,Glagah,0.459155410528183,0.4675401747226715,0.061331771314144135,0.08167654275894165,0.0,0.0,51,24,25,0.6764296876887481,-0.21727427716056513,-1.738552820660044,Moderate Sensitivity (Tier 3)
484,Jember,Jebluk,0.4587663412094116,0.5153336524963379,0.23366215825080872,0.2195015847682953,6.41025641025641,1.282051282051282,78,20,28,0.5093095212110451,-0.05054318000163349,-0.3822925187188534,Moderate Sensitivity (Tier 3)
485,Sidoarjo,Wonoayu,0.4571167826652527,0.4415961802005768,0.0858880952000618,0.11234322190284729,0.0,0.0,28,10,18,0.46915817611357746,-0.012041393448324778,-0.1696523539059293,Moderate Sensitivity (Tier 3)
486,Trenggalek,Panggul,0.45410391688346863,0.45817893743515015,0.11777392029762268,0.15080124139785767,1.0,0.0,100,8,13,0.4784364299132274,-0.02433251302975875,-0.15766902406317912,Moderate Sensitivity (Tier 3)
487,Ponorogo,Ngebel,0.45304539799690247,0.4611421823501587,0.11155993491411209,0.14529281854629517,0.0,0.0,74,17,19,0.5377402384030191,-0.08469484040611663,-1.0506055750324588,Moderate Sensitivity (Tier 3)
488,Sidoarjo,Candi,0.45289820432662964,0.4192812740802765,0.16625002026557922,0.24650949239730835,3.7037037037037033,0.0,27,11,18,0.46915817611357746,-0.016259971786947824,-0.22908831107777414,Moderate Sensitivity (Tier 3)
489,Trenggalek,Pule,0.45083701610565186,0.4535306394100189,0.11775962263345718,0.1530604362487793,1.6260162601626018,0.8130081300813009,123,9,13,0.4784364299132274,-0.027599413807575524,-0.17883778113811238,Moderate Sensitivity (Tier 3)
490,Lumajang,Rowokangkung,0.450396329164505,0.45828020572662354,0.1484997272491455,0.20528680086135864,2.564102564102564,0.0,78,8,18,0.4015382313066059,0.04885809785789913,0.34370117917255844,Moderate Sensitivity (Tier 3)
491,Malang,Batu,0.44953805208206177,0.49381572008132935,0.2397162914276123,0.3692035675048828,10.0,4.0,50,27,35,0.5215494292122977,-0.07201137713023598,-0.7603076195594118,High Resilience (Buffer Zone)
492,Tulungagung,Sendang,0.44932129979133606,0.4986574649810791,0.2667700946331024,0.40172278881073,10.869565217391305,4.3478260869565215,138,18,19,0.5478861473108593,-0.09856484751952321,-1.1666782722585425,High Resilience (Buffer Zone)
493,Madiun,Karee,0.44908958673477173,0.47293201088905334,0.15131641924381256,0.22530478239059448,0.0,0.0,127,15,15,0.6499545017878214,-0.2008649150530497,-2.6819544180610997,High Resilience (Buffer Zone)
494,Probolinggo,Krejengan,0.4485500454902649,0.459735631942749,0.09851623326539993,0.14810222387313843,0.0,0.0,32,8,24,0.4254318579383518,0.023118187551913083,0.3034536054780613,High Resilience (Buffer Zone)
495,Pacitan,Bandar,0.4450719356536865,0.43869322538375854,0.0875476598739624,0.10293585062026978,0.0,0.0,123,8,12,0.47792630394299823,-0.03285436828931171,-0.37859038293184427,High Resilience (Buffer Zone)
496,Kota Blitar,Sunan Wetan,0.4438711702823639,0.38664084672927856,0.16661877930164337,0.33378177881240845,0.0,0.0,17,3,3,0.5387966533501943,-0.09492548306783044,-1.1479814320185986,High Resilience (Buffer Zone)
497,Bangkalan,Bangkalan,0.4420144557952881,0.47227567434310913,0.14709949493408203,0.13217025995254517,0.0,0.0,21,18,18,0.6350120902061462,-0.19299763441085815,-2.737109822093904,High Resilience (Buffer Zone)
498,Blitar,Bakung,0.4417503774166107,0.447614848613739,0.07530851662158966,0.10041159391403198,0.0,0.0,24,16,21,0.4983622006007603,-0.05661182318414959,-0.6971939226459152,High Resilience (Buffer Zone)
499,Lamongan,Turi,0.4367470443248749,0.43653595447540283,0.09394349902868271,0.12445828318595886,0.0,0.0,11,25,25,0.6764296876887481,-0.23968264336387324,-1.9178567344885298,High Resilience (Buffer Zone)
500,Sidoarjo,Sidoarjo,0.4360422194004059,0.43966439366340637,0.08658260852098465,0.10969144105911255,0.0,0.0,32,12,18,0.46915817611357746,-0.03311595671317158,-0.4665739087711676,High Resilience (Buffer Zone)
501,Sidoarjo,Gedangan,0.4327388107776642,0.42926061153411865,0.10183484107255936,0.11534672975540161,0.0,0.0,25,13,18,0.46915817611357746,-0.03641936533591328,-0.5131159515311143,High Resilience (Buffer Zone)
502,Probolinggo,Sumberasih,0.43230360746383667,0.44087639451026917,0.12056584656238556,0.14859315752983093,3.571428571428571,0.0,28,9,24,0.4254318579383518,0.00687174952548486,0.09019985519055009,High Resilience (Buffer Zone)
503,Lumajang,Sukodono,0.42955270409584045,0.42339032888412476,0.1158580556511879,0.12561357021331787,1.36986301369863,0.0,73,9,18,0.4015382313066059,0.02801447278923458,0.1970729061037478,High Resilience (Buffer Zone)
504,Mojokerto,Pacet,0.4294029176235199,0.44124001264572144,0.16698236763477325,0.1967039704322815,2.803738317757009,0.9345794392523363,107,16,17,0.6392107851365033,-0.20980786751298341,-1.5383076155904176,High Resilience (Buffer Zone)
505,Blitar,Talun,0.42630791664123535,0.3872132897377014,0.1439715474843979,0.19201114773750305,1.5873015873015872,0.0,63,17,21,0.4983622006007603,-0.07205428395952496,-0.8873730972022303,High Resilience (Buffer Zone)
506,Probolinggo,Gending,0.42543185793835187,0.42543185793835187,,,0.0,,0,10,24,0.4254318579383518,5.551115123125783e-17,7.286496377597361e-16,High Resilience (Buffer Zone)
507,Jember,Tempurejo,0.42438313364982605,0.4642173945903778,0.23640060424804688,0.3588544726371765,7.191011235955057,2.4719101123595504,445,21,28,0.5093095212110451,-0.08492638756121906,-0.6423561518175677,High Resilience (Buffer Zone)
508,Blitar,Kalingoro,0.42198723554611206,0.40964677929878235,0.12393249571323395,0.19655129313468933,0.0,0.0,49,18,21,0.4983622006007603,-0.07637496505464825,-0.9405837594240128,High Resilience (Buffer Zone)
509,Pacitan,Tegalombo,0.4204939007759094,0.41665613651275635,0.0784865990281105,0.09685912728309631,0.0,0.0,160,9,12,0.47792630394299823,-0.05743240316708881,-0.6618101835425592,High Resilience (Buffer Zone)
510,Sidoarjo,Prambon,0.41993868350982666,0.397824227809906,0.10263951867818832,0.12391403317451477,0.0,0.0,27,14,18,0.46915817611357746,-0.0492194926037508,-0.6934581794139031,High Resilience (Buffer Zone)
511,Probolinggo,Pajarakan,0.4176684617996216,0.41306859254837036,0.11012145131826401,0.1736290156841278,0.0,0.0,18,11,24,0.4254318579383518,-0.0077633961387302275,-0.10190377354461753,High Resilience (Buffer Zone)
512,Sidoarjo,Sukodono,0.41695085167884827,0.39101025462150574,0.07043568044900894,0.09337118268013,0.0,0.0,24,15,18,0.46915817611357746,-0.052207324434729196,-0.7355540303115471,High Resilience (Buffer Zone)
513,Probolinggo,Sumber,0.4156589210033417,0.45340901613235474,0.13812962174415588,0.1443495750427246,0.0,0.0,100,12,24,0.4254318579383518,-0.009772936935010135,-0.1282813776979297,High Resilience (Buffer Zone)
514,Probolinggo,Lumbang,0.4154707193374634,0.4374287724494934,0.11273594200611115,0.14634400606155396,0.0,0.0,107,13,24,0.4254318579383518,-0.00996113860088843,-0.130751747571844,High Resilience (Buffer Zone)
515,Malang,Donomulyo,0.41434991359710693,0.422993540763855,0.11993812769651413,0.14160290360450745,0.6578947368421052,0.0,152,28,35,0.5215494292122977,-0.10719951561519081,-1.131829605034532,High Resilience (Buffer Zone)
516,Jember,Sukorambi,0.41370344161987305,0.43551552295684814,0.1916227638721466,0.22067195177078247,4.545454545454546,1.1363636363636365,88,22,28,0.5093095212110451,-0.09560607959117207,-0.7231339415241206,High Resilience (Buffer Zone)
517,Blitar,Gandusari,0.4128657877445221,0.4197271466255188,0.20316141843795776,0.23118621110916138,3.8461538461538463,3.076923076923077,130,19,21,0.4983622006007603,-0.08549641285623821,-1.0529175020119217,High Resilience (Buffer Zone)
518,Malang,Tirtoyudo,0.41181597113609314,0.3921913802623749,0.24786408245563507,0.3711431622505188,8.982035928143713,4.191616766467066,167,29,35,0.5215494292122977,-0.1097334580762046,-1.1585833741945026,High Resilience (Buffer Zone)
519,Kota Kediri,Kota Kediri,0.4098443388938904,0.4147091507911682,0.12769445776939392,0.13237768411636353,0.0,0.0,18,3,3,0.49616071581840515,-0.08631637692451477,-0.8376961936609995,High Resilience (Buffer Zone)
520,Banyuwangi,Kalibaru,0.408892959356308,0.4131855368614197,0.2966562807559967,0.49614304304122925,16.055045871559635,9.63302752293578,218,12,19,0.48182513682465805,-0.07293217746835007,-0.568994670941208,High Resilience (Buffer Zone)
521,Ponorogo,Ngrayun,0.4085470736026764,0.40179508924484253,0.12156791239976883,0.1355898678302765,0.641025641025641,0.0,156,18,19,0.5377402384030191,-0.1291931648003427,-1.6025894676049806,High Resilience (Buffer Zone)
522,Bondowoso,Pakem,0.40816980600357056,0.5091442465782166,0.20741792023181915,0.34917664527893066,0.0,0.0,69,17,17,0.7410174660822925,-0.3328476600787219,-1.8959124881197214,High Resilience (Buffer Zone)
523,Probolinggo,Kraksaan,0.4033261239528656,0.39717090129852295,0.11383252590894699,0.1334458887577057,0.0,0.0,24,14,24,0.4254318579383518,-0.02210573398548621,-0.29016395271348144,High Resilience (Buffer Zone)
524,Malang,Bumiaji,0.40183785557746887,0.4568469524383545,0.24246607720851898,0.39234888553619385,3.968253968253968,1.5873015873015872,126,30,35,0.5215494292122977,-0.11971157363482887,-1.2639339117122885,High Resilience (Buffer Zone)
525,Kota Probolinggo,Kademangan,0.40109848976135254,0.39626285433769226,0.13835273683071136,0.21223914623260498,0.0,0.0,17,1,3,0.3590309222539266,0.04206756750742596,1.0125210177779027,High Resilience (Buffer Zone)
526,Kota Pasuruan,Bugul Kidul,0.4008183777332306,0.4035797119140625,0.19199609756469727,0.11418378353118896,7.6923076923076925,7.6923076923076925,13,3,3,0.47082780798276264,-0.07000943024953205,-0.9970739523203932,High Resilience (Buffer Zone)
527,Malang,Wajak,0.4004947245121002,0.3937899172306061,0.11370833963155746,0.14531362056732178,0.0,0.0,117,31,35,0.5215494292122977,-0.12105470470019752,-1.2781149039910482,High Resilience (Buffer Zone)
528,Banyuwangi,Pesanggrahan,0.39934539794921875,0.42445439100265503,0.2640998661518097,0.42445454001426697,8.54368932038835,4.660194174757281,515,13,19,0.48182513682465805,-0.0824797388754393,-0.6434818417578922,High Resilience (Buffer Zone)
529,Sidoarjo,Tulangan,0.3992142379283905,0.39029714465141296,0.12293212860822678,0.12695610523223877,3.4482758620689653,0.0,29,16,18,0.46915817611357746,-0.06994393818518696,-0.9854468924623191,High Resilience (Buffer Zone)
530,Probolinggo,Gading,0.39819440245628357,0.40704014897346497,0.19255803525447845,0.29386231303215027,1.2987012987012987,0.0,154,15,24,0.4254318579383518,-0.02723745548206824,-0.3575238781812643,High Resilience (Buffer Zone)
531,Probolinggo,Leces,0.3978622853755951,0.43347227573394775,0.1204400509595871,0.14738157391548157,0.0,0.0,31,16,24,0.4254318579383518,-0.027569572562756717,-0.36188330840690175,High Resilience (Buffer Zone)
532,Trenggalek,Dongko,0.3977380096912384,0.40640079975128174,0.16468022763729095,0.21033823490142822,1.2987012987012987,1.2987012987012987,154,10,13,0.4784364299132274,-0.08069842022198898,-0.5229069905060879,High Resilience (Buffer Zone)
533,Sidoarjo,Taman,0.39104214310646057,0.3808913826942444,0.11078479140996933,0.13864368200302124,0.0,0.0,44,17,18,0.46915817611357746,-0.07811603300711689,-1.100584324756399,High Resilience (Buffer Zone)
534,Pacitan,Ngadirojo,0.3896949291229248,0.3720252513885498,0.12808403372764587,0.15307781100273132,2.2222222222222223,0.0,90,10,12,0.47792630394299823,-0.08823137482007343,-1.016715636885389,High Resilience (Buffer Zone)
535,Probolinggo,Wonomerto,0.3867802619934082,0.39092177152633667,0.09729314595460892,0.128284752368927,0.0,0.0,49,17,24,0.4254318579383518,-0.038651595944943606,-0.507347996923909,High Resilience (Buffer Zone)
536,Probolinggo,Dringu,0.38617274165153503,0.3611140847206116,0.0871986597776413,0.11358597874641418,0.0,0.0,7,18,24,0.4254318579383518,-0.039259116286816775,-0.5153224212912475,High Resilience (Buffer Zone)
537,Situbondo,Sumbermalang,0.3853057622909546,0.3913527727127075,0.15050944685935974,0.23818397521972656,0.0,0.0,96,17,17,0.584401069318547,-0.19909530702759237,-2.3648019080866334,High Resilience (Buffer Zone)
538,Banyuwangi,Tegaldlimo,0.3841902017593384,0.36119765043258667,0.281440407037735,0.4562538266181946,11.064718162839249,6.471816283924843,479,14,19,0.48182513682465805,-0.09763493506531967,-0.7617180739457026,High Resilience (Buffer Zone)
539,Lumajang,Kedungjajang,0.3839995563030243,0.37905436754226685,0.0954212099313736,0.12124496698379517,0.0,0.0,72,10,18,0.4015382313066059,-0.017538675003581583,-0.12337900049624383,High Resilience (Buffer Zone)
540,Malang,Wonosari,0.3799671232700348,0.42061951756477356,0.17706851661205292,0.19964838027954102,1.5873015873015872,0.0,63,32,35,0.5215494292122977,-0.14158230594226295,-1.4948485960490834,High Resilience (Buffer Zone)
541,Ponorogo,Sooko,0.3785901367664337,0.4409124553203583,0.2535611093044281,0.47532162070274353,2.027027027027027,0.6756756756756757,148,19,19,0.5377402384030191,-0.15915010163658538,-1.9741932713330153,High Resilience (Buffer Zone)
542,Lumajang,Randuagung,0.3784440755844116,0.38255876302719116,0.1196012943983078,0.1779714822769165,0.0,0.0,58,11,18,0.4015382313066059,-0.023094155722194254,-0.16246004043789355,High Resilience (Buffer Zone)
543,Malang,Poncokusumo,0.37809574604034424,0.37981781363487244,0.2041817605495453,0.32543545961380005,2.690582959641256,0.0,223,33,35,0.5215494292122977,-0.1434536831719535,-1.5146068956887426,High Resilience (Buffer Zone)
544,Banyuwangi,Genteng,0.376797080039978,0.41367363929748535,0.27637773752212524,0.49457859992980957,9.67741935483871,3.763440860215054,186,15,19,0.48182513682465805,-0.10502805678468002,-0.8193969614540493,High Resilience (Buffer Zone)
545,Malang,Jabung,0.3734753727912903,0.3732839822769165,0.16182874143123627,0.2260793149471283,0.0,0.0,144,34,35,0.5215494292122977,-0.14807405642100746,-1.5633895343002906,High Resilience (Buffer Zone)
546,Blitar,Wlingi,0.37297582626342773,0.3942362070083618,0.17898377776145935,0.25008779764175415,0.0,0.0,120,20,21,0.4983622006007603,-0.12538637433733257,-1.5441759910511033,High Resilience (Buffer Zone)
547,Jember,Umbulsari,0.3702572286128998,0.3245399296283722,0.20337316393852234,0.29482316970825195,5.0,3.3333333333333335,60,23,28,0.5093095212110451,-0.13905229259814533,-1.0517472618315256,High Resilience (Buffer Zone)
548,Probolinggo,Banyuanyar,0.36825087666511536,0.3573880195617676,0.06032143160700798,0.09156960248947144,0.0,0.0,16,19,24,0.4254318579383518,-0.05718098127323645,-0.7505681357231314,High Resilience (Buffer Zone)
549,Malang,Ampelgading,0.36668211221694946,0.34365880489349365,0.19594033062458038,0.24652186036109924,3.5294117647058822,2.3529411764705883,170,35,35,0.5215494292122977,-0.15486731699534828,-1.6351138642902974,High Resilience (Buffer Zone)
550,Probolinggo,Bantaran,0.36622458696365356,0.3439950942993164,0.12299811094999313,0.18388065695762634,0.0,0.0,40,20,24,0.4254318579383518,-0.059207270974698245,-0.777165589103544,High Resilience (Buffer Zone)
551,Pacitan,Tulakan,0.3644956350326538,0.3549078702926636,0.11806562542915344,0.13922691345214844,0.6097560975609756,0.0,164,11,12,0.47792630394299823,-0.11343066891034442,-1.3070943869875942,High Resilience (Buffer Zone)
552,Jember,Ledokombo,0.3627040386199951,0.3107135593891144,0.3048771023750305,0.574954092502594,13.422818791946309,6.7114093959731544,149,24,28,0.5093095212110451,-0.14660548259105,-1.108877185723458,High Resilience (Buffer Zone)
553,Probolinggo,Tegalsiwalan,0.3611675500869751,0.36383068561553955,0.05791546404361725,0.08683541417121887,0.0,0.0,55,21,24,0.4254318579383518,-0.06426430785137671,-0.8435451904376722,High Resilience (Buffer Zone)
554,Jember,Bangsalsari,0.36091890931129456,0.3625134825706482,0.2770828902721405,0.47638797760009766,10.714285714285714,4.591836734693878,196,25,28,0.5093095212110451,-0.14839061189975056,-1.122379335363428,High Resilience (Buffer Zone)
555,Pasuruan,Lumbang,0.3604027032852173,0.36632239818573,0.11030135303735733,0.15955543518066406,0.0,0.0,128,24,24,0.5713256684442362,-0.21092296515901887,-2.477270212839409,High Resilience (Buffer Zone)
556,Pacitan,Sudimoro,0.35807546973228455,0.36252784729003906,0.1234002560377121,0.17986640334129333,0.0,0.0,56,12,12,0.47792630394299823,-0.11985083421071369,-1.3810758076056637,High Resilience (Buffer Zone)
557,Kota Probolinggo,Wonoasih,0.3579701781272888,0.3964920938014984,0.100057452917099,0.12782058119773865,0.0,0.0,15,2,3,0.3590309222539266,-0.0010607441266377582,-0.025530968067397845,High Resilience (Buffer Zone)
558,Mojokerto,Trawas,0.3579326272010803,0.34695956110954285,0.11296505481004715,0.10892161726951599,0.0,0.0,68,17,17,0.6392107851365033,-0.281278157935423,-2.0623265351311453,High Resilience (Buffer Zone)
559,Banyuwangi,G i r i,0.3554634153842926,0.3103461265563965,0.2780137062072754,0.3783401548862457,10.493827160493826,6.790123456790123,162,16,19,0.48182513682465805,-0.12636172144036545,-0.9858357258252294,High Resilience (Buffer Zone)
560,Probolinggo,Maron,0.35308071970939636,0.3608820140361786,0.12073852866888046,0.1265496015548706,0.0,0.0,28,22,24,0.4254318579383518,-0.07235113822895545,-0.9496944216200581,High Resilience (Buffer Zone)
561,Trenggalek,Kampak,0.3518845736980438,0.3583816885948181,0.22688661515712738,0.3374527096748352,4.597701149425287,3.4482758620689653,87,11,13,0.4784364299132274,-0.12655185621518356,-0.8200265890509867,High Resilience (Buffer Zone)
562,Banyuwangi,Glagah,0.34538090229034424,0.30629590153694153,0.2584201991558075,0.3494293689727783,9.79020979020979,2.797202797202797,143,17,19,0.48182513682465805,-0.1364442345343138,-1.0644964270313764,High Resilience (Buffer Zone)
563,Lumajang,Ranuyoso,0.3390991985797882,0.3433772921562195,0.10966067016124725,0.1397348940372467,0.0,0.0,146,12,18,0.4015382313066059,-0.06243903272681767,-0.4392387365758161,High Resilience (Buffer Zone)
564,Sidoarjo,Buduran,0.33362749218940735,0.3677278161048889,0.12082051485776901,0.1980118304491043,0.0,0.0,10,18,18,0.46915817611357746,-0.13553068392417011,-1.909504880219224,High Resilience (Buffer Zone)
565,Lumajang,Tempursari,0.32628190517425537,0.2738710641860962,0.2717885673046112,0.4697675108909607,7.8125,3.125,64,13,18,0.4015382313066059,-0.0752563261323505,-0.5294043191593809,High Resilience (Buffer Zone)
566,Kota Probolinggo,Mayangan,0.3180240988731384,0.30792397260665894,0.09092393517494202,0.09230154752731323,0.0,0.0,12,3,3,0.3590309222539266,-0.04100682338078815,-0.9869900497105035,High Resilience (Buffer Zone)
567,Tulungagung,Pakel,0.3106914162635803,0.283134400844574,0.1764701008796692,0.22148942947387695,2.5,2.5,40,19,19,0.5478861473108593,-0.23719473104727895,-2.807592625273994,High Resilience (Buffer Zone)
568,Probolinggo,Tiris,0.305292010307312,0.3301900327205658,0.1364312320947647,0.15388566255569458,0.0,0.0,138,23,24,0.4254318579383518,-0.1201398476310398,-1.5769778596768524,High Resilience (Buffer Zone)
569,Blitar,Doko,0.29940906167030334,0.29596421122550964,0.2203998863697052,0.3422825336456299,1.8867924528301887,0.0,106,21,21,0.4983622006007603,-0.19895313893045696,-2.450175803426153,High Resilience (Buffer Zone)
570,Lumajang,Candipuro,0.2931482791900635,0.2608910799026489,0.19439120590686798,0.2507336735725403,2.0618556701030926,0.5154639175257731,194,14,18,0.4015382313066059,-0.1083899521165424,-0.7624888398492937,High Resilience (Buffer Zone)
571,Probolinggo,Krucil,0.28816670179367065,0.2752332091331482,0.16512300074100494,0.2068350911140442,0.0,0.0,242,24,24,0.4254318579383518,-0.13726515614468116,-1.801767826525208,High Resilience (Buffer Zone)
572,Banyuwangi,Glenmore,0.2821252644062042,0.2648254632949829,0.24935969710350037,0.44499534368515015,4.132231404958678,2.7548209366391188,363,18,19,0.48182513682465805,-0.19969987241845383,-1.5579976786384842,High Resilience (Buffer Zone)
573,Jember,Panti,0.27243971824645996,0.19693775475025177,0.2756071984767914,0.48564672470092773,6.521739130434782,2.898550724637681,138,26,28,0.5093095212110451,-0.23686980296458515,-1.7916077615386132,High Resilience (Buffer Zone)
574,Jember,Sumber Baru,0.2654097080230713,0.2608987092971802,0.1746160089969635,0.2594011425971985,0.5208333333333333,0.5208333333333333,192,27,28,0.5093095212110451,-0.24389981318797382,-1.84478052025367,High Resilience (Buffer Zone)
575,Banyuwangi,Sanggon,0.2576121985912323,0.24789726734161377,0.22255901992321014,0.387739360332489,2.2222222222222223,1.1111111111111112,90,19,19,0.48182513682465805,-0.22421293823342575,-1.7492411640424812,High Resilience (Buffer Zone)
576,Lumajang,Klakah,0.2510894238948822,0.25138843059539795,0.12675321102142334,0.1827048659324646,0.0,0.0,69,15,18,0.4015382313066059,-0.15044880741172367,-1.058359510083843,High Resilience (Buffer Zone)
577,Jember,Tanggul,0.24289406836032867,0.21713806688785553,0.2146388739347458,0.3540530502796173,3.314917127071823,1.1049723756906076,181,28,28,0.5093095212110451,-0.26641545285071644,-2.0150816488521834,High Resilience (Buffer Zone)
578,Lumajang,Pronojiwo,0.23234890401363373,0.24669814109802246,0.15818242728710175,0.27643415331840515,0.0,0.0,94,16,18,0.4015382313066059,-0.16918932729297215,-1.1901931070491925,High Resilience (Buffer Zone)
579,Trenggalek,Watulimo,0.21051619946956635,0.138744056224823,0.2242351770401001,0.3516448736190796,1.6260162601626018,0.8130081300813009,123,12,13,0.4784364299132274,-0.26792023044366103,-1.736060768124159,High Resilience (Buffer Zone)
580,Trenggalek,Munjungan,0.20591521263122559,0.1710379719734192,0.18283210694789886,0.2592810392379761,0.6944444444444444,0.0,144,13,13,0.4784364299132274,-0.2725212172820018,-1.7658740925284864,High Resilience (Buffer Zone)
581,Lumajang,Senduro,0.20591022074222565,0.16757617890834808,0.18511053919792175,0.21354639530181885,0.9202453987730062,0.6134969325153374,326,17,18,0.4015382313066059,-0.19562801056438023,-1.3761808350729434,High Resilience (Buffer Zone)
582,Lumajang,Gucialit,0.1320365071296692,0.11994171142578125,0.11125729233026505,0.14196622371673584,0.0,0.0,66,18,18,0.4015382313066059,-0.2695017241769367,-1.8958589148937797,High Resilience (Buffer Zone)
